"F_Id","F_UserId","F_ObjectType","F_ObjectId","F_SortCode","F_CreatorTime","F_CreatorUserId"
"00bf2d9e083b49aeb166f58fb3587da5","eb9ce0b0-5249-4f13-943e-46cc676aa56b","Position","6B063EBA-1A49-4F65-8BBB-1B1A89C21509","2","4/11/2020 07:34:17","03d159a3-0f88-424c-a24f-02f63855fe4f"
"00e840f048ed4f619e02f6d4e86790e8","f8c18307-065c-4dd3-a6c6-a2b95ba17ed6","Role","6c3f9f53e1824ed597d4a6349fadd869","47","4/11/2020 08:53:22","03d159a3-0f88-424c-a24f-02f63855fe4f"
"0100ccc9d2924ebc9b385db7772077d6","ae6fefa1-5855-414e-925b-1a11d9baa47c","Role","6c3f9f53e1824ed597d4a6349fadd869","167","4/11/2020 08:53:22","03d159a3-0f88-424c-a24f-02f63855fe4f"
"01d958ba9cd14c739827b9b3c1d52a5a","2049f1bf-bd8d-43ca-bb3c-2d2833a16535","Role","6c3f9f53e1824ed597d4a6349fadd869","50","4/11/2020 08:53:22","03d159a3-0f88-424c-a24f-02f63855fe4f"
"033324fca09a4decb62edad58c95ebc3","f849c43a-4211-4653-ab24-0a93d43b0c31","Role","6c3f9f53e1824ed597d4a6349fadd869","176","4/11/2020 08:53:22","03d159a3-0f88-424c-a24f-02f63855fe4f"
"044d13a0037740eeb29de778a8c023b0","01936875-21d8-4af2-8066-3d8618f40dec","Position","BBBAB5EE-7F25-4124-A463-829462595BAE","0","21/1/2021 00:46:31","admin"
"05c170cb4eb54766adc3c8e45bc54a2e","3977de33-668c-4585-b09b-239aacfb4ebe","Role","d2b2418a2f664c61abf0053ff5d57783","0","4/11/2020 08:33:32","03d159a3-0f88-424c-a24f-02f63855fe4f"
"05c2293a2d914276bc4aca6b6cf3c3cc","467ff72d-c2a6-45d2-8193-1c2d0368ded6","Role","fb62224ec67745aa87e56437ce5c92c6","5","10/11/2020 01:29:46","048657c1-ecb1-4e5d-aced-6126ceae779e"
"06a5147cb18a43ddb2709eeee00a5901","a3b09784-3151-4c6c-a7c3-2d914d5575e9","Role","6c3f9f53e1824ed597d4a6349fadd869","146","4/11/2020 08:53:22","03d159a3-0f88-424c-a24f-02f63855fe4f"
"06ebadb745b549c78b65f4d236be1eeb","02ed7f16-1337-454d-ac47-3250551a1588","Position","39931250-A884-44FB-8C70-71B615B44C68","0","4/11/2020 08:31:42","03d159a3-0f88-424c-a24f-02f63855fe4f"
"0730d3021e3e48eeabc4a3cfb26dc4c8","58a0ee1e-7edc-415b-a88e-95181a90ac93","Role","6c3f9f53e1824ed597d4a6349fadd869","160","4/11/2020 08:53:22","03d159a3-0f88-424c-a24f-02f63855fe4f"
"0776e017136f40b19f2c026cec63dda2","admin","Position","48DD6017-EE58-4929-AA07-2592B47E3CF5",,"22/1/2021 02:55:31","admin"
"08778d6b9d9b4de698a0d6e935e1589d","bd7746b7-618c-43e8-a5ce-baff1a456125","Role","6c3f9f53e1824ed597d4a6349fadd869","148","4/11/2020 08:53:22","03d159a3-0f88-424c-a24f-02f63855fe4f"
"08dd182cccc74354af5491ee4066870a","0fb772a4-9229-417d-bd25-f112ab12b754","Position","9ABD0D93-AE1C-4072-83B8-18AD1D170D7D","0","4/11/2020 07:02:51","03d159a3-0f88-424c-a24f-02f63855fe4f"
"0c7d8cb3aa1743ab9cc7cb858a7a32e0","cea1c003-b983-4918-87e7-e502791ea5a9","Role","6c3f9f53e1824ed597d4a6349fadd869","116","4/11/2020 08:53:22","03d159a3-0f88-424c-a24f-02f63855fe4f"
"0da17138ba0a4db48f8326a4ec1d9465","2ab1ce27-0903-4e09-8a40-a1b0f1e8066c","Position","1CC12935-E0B9-48AD-B47C-8989DE59D5DE","0","4/11/2020 07:11:41","03d159a3-0f88-424c-a24f-02f63855fe4f"
"0e89e8bd5a664c6da5873dbaf5ea2686","1c637b38-7c7e-4733-9069-5a8f4585f6f9","Role","6c3f9f53e1824ed597d4a6349fadd869","94","4/11/2020 08:53:22","03d159a3-0f88-424c-a24f-02f63855fe4f"
"0f14d205b1904be48e8c253b639cb87d","00d9428a-25f5-4ceb-ab9b-1a3c71989bb4","Position","075E4B10-F926-42AF-983E-3F2AEAEB436C","0","4/11/2020 08:55:39","03d159a3-0f88-424c-a24f-02f63855fe4f"
"0f7ee5372ce7477eb8a86001c135dda5","721acd3b-b621-47bd-a41b-ae5a393e999f","Role","6c3f9f53e1824ed597d4a6349fadd869","139","4/11/2020 08:53:22","03d159a3-0f88-424c-a24f-02f63855fe4f"
"0ff526726e1b4c82a11c2ed425c9bb72","f77c6a01-e3e5-4d09-aa7f-c0a6890e4546","Position","145E3F83-83D5-42B2-8091-714F064BFD8E","0","4/11/2020 07:08:13","03d159a3-0f88-424c-a24f-02f63855fe4f"
"1144856026b04f8d9e074b40efc00052","03812269-e6db-4c36-96aa-4cc81e3d11f3","Position","978828E1-0333-4AD5-B58F-7582F7FFAF33","0","4/11/2020 08:54:19","03d159a3-0f88-424c-a24f-02f63855fe4f"
"11df073aed0546cd9694a591001ee7b5","44c834c7-4b01-40bf-830e-a5cb6e97d317","Role","fb62224ec67745aa87e56437ce5c92c6","4","10/11/2020 01:29:46","048657c1-ecb1-4e5d-aced-6126ceae779e"
"13cc34f9498249afbc6abe7607e34608","474f8b7a-17ce-466e-8b14-4ce53d610d40","Position","145E3F83-83D5-42B2-8091-714F064BFD8E","0","4/11/2020 07:11:22","03d159a3-0f88-424c-a24f-02f63855fe4f"
"13f2a69397144095b6d25af4f795de8c","27c57c5a-4c50-4572-954b-f9dafbbbca89","Role","6c3f9f53e1824ed597d4a6349fadd869","9","4/11/2020 08:53:22","03d159a3-0f88-424c-a24f-02f63855fe4f"
"1476f39d7b554b51a54c058aa48eaa1a","1c637b38-7c7e-4733-9069-5a8f4585f6f9","Role","c7485f75127e4837931c7e3e67c206e4","0","4/11/2020 08:41:03","03d159a3-0f88-424c-a24f-02f63855fe4f"
"14a2a0ff16ee4666895794f59f8905f2","7e2d74f1-277a-4a51-9311-8d02d579f251","Position","3537C193-D5E5-4C76-95CE-55C298D0D938","0","12/11/2020 07:01:17","admin"
"150fbaff53304d19baf691c2277e0e87","52d997ed-9a1e-45de-ad89-6d4f542a321a","Role","6c3f9f53e1824ed597d4a6349fadd869","16","4/11/2020 08:53:22","03d159a3-0f88-424c-a24f-02f63855fe4f"
"1521d6bd888b45759c0cd15a64ecc3dc","0a72e7d8-b519-435b-9c43-6796a31c72ec","Role","ee7fe7a885d0486fadac81ca1d7afc7c",,"22/1/2021 08:47:41","0a72e7d8-b519-435b-9c43-6796a31c72ec"
"16c7a3e52d4e4884966303a7101a0e36","c021256c-dfbb-4c65-ba7c-7515136a57a3","Role","6c3f9f53e1824ed597d4a6349fadd869","88","4/11/2020 08:53:22","03d159a3-0f88-424c-a24f-02f63855fe4f"
"186eb47f5ba345d5857fcf24099f9db5","cb222cae-d8dd-4577-9c6f-4eeabeccb66a","Position","0B3F05A2-B9A9-4EB0-9325-FC80120CAC55","0","4/11/2020 03:50:38","03d159a3-0f88-424c-a24f-02f63855fe4f"
"195dd4a507c84189a821a1377320cadd","f3322d81-a007-4e28-9c43-55489ef1d3db","Position","7D37D6E6-C11B-49D2-A41A-7010E8D6398B","0","4/11/2020 08:28:33","03d159a3-0f88-424c-a24f-02f63855fe4f"
"1a8dbe18a0fd4d16bb3b01e303de1b7b","a0923414-c5d3-4bee-8ab1-b03d879a227c","Position","87DD3B20-7377-4DA8-AAD8-C59139A80400","0","4/11/2020 07:38:12","03d159a3-0f88-424c-a24f-02f63855fe4f"
"1b180065ac034e7bbfdca9119160e57d","4a46bccd-863e-4925-b9bc-882bb7c7504b","Role","6c3f9f53e1824ed597d4a6349fadd869","159","4/11/2020 08:53:22","03d159a3-0f88-424c-a24f-02f63855fe4f"
"1becb534de134ac78885fb4d3b6eb603","1d91dd85-989e-4252-8d7f-e42e04bc6b3d","Role","6c3f9f53e1824ed597d4a6349fadd869","5","4/11/2020 08:53:22","03d159a3-0f88-424c-a24f-02f63855fe4f"
"1c137dd9fe6a4fe79f0536428f8ef551","dc70ec18-1142-431a-a946-2df87c670d0d","Position","8769A62D-FE29-492E-9F96-A0A1A501506F","0","4/11/2020 08:38:56","03d159a3-0f88-424c-a24f-02f63855fe4f"
"1c536c9abb9441e583c431d503f76eef","2b26acf3-91a4-42be-8f20-913b6f920c3a","Position","0DAA3822-BDEF-4E6A-A002-FBC9860FB956","1","4/11/2020 08:36:10","03d159a3-0f88-424c-a24f-02f63855fe4f"
"1fb24fd70e964de5ba2df36c72b0fb26","2ab1ce27-0903-4e09-8a40-a1b0f1e8066c","Role","6c3f9f53e1824ed597d4a6349fadd869","10","4/11/2020 08:53:22","03d159a3-0f88-424c-a24f-02f63855fe4f"
"206cb541695648e9a8258f70bd93b9a4","a133c2e4-212d-414e-b9d1-5ca443b1e95d","Role","d2b2418a2f664c61abf0053ff5d57783","4","4/11/2020 08:25:14","03d159a3-0f88-424c-a24f-02f63855fe4f"
"20c0c9d8f2374ba9bc56abf53cadf8b4","c708365f-efb5-4c75-bdc0-d1846c7f4df4","Role","6c3f9f53e1824ed597d4a6349fadd869","115","4/11/2020 08:53:22","03d159a3-0f88-424c-a24f-02f63855fe4f"
"225fb7fd8961453b82505ec21fcd47ed","a0923414-c5d3-4bee-8ab1-b03d879a227c","Role","6c3f9f53e1824ed597d4a6349fadd869","29","4/11/2020 08:53:22","03d159a3-0f88-424c-a24f-02f63855fe4f"
"22a9e69af4a643238a797c017dd30167","0a72e7d8-b519-435b-9c43-6796a31c72ec","Role","fb62224ec67745aa87e56437ce5c92c6",,"22/1/2021 08:47:40","0a72e7d8-b519-435b-9c43-6796a31c72ec"
"231f6bf791df48e7ab70168f76a80d8a","0a72e7d8-b519-435b-9c43-6796a31c72ec","Role","9126c0cbbb954b84a856cc6f97617925",,"22/1/2021 08:47:40","0a72e7d8-b519-435b-9c43-6796a31c72ec"
"23c4b7fb8f13458f816334a46fbf38c7","583b9c08-a610-497a-994b-6aeaa8a6849e","Role","6c3f9f53e1824ed597d4a6349fadd869","78","4/11/2020 08:53:22","03d159a3-0f88-424c-a24f-02f63855fe4f"
"23cc1180ff3847598f11e2339eebacbc","da9587cf-0a62-4bf7-88c4-87c95db32d91","Role","fb62224ec67745aa87e56437ce5c92c6","18","10/11/2020 01:29:46","048657c1-ecb1-4e5d-aced-6126ceae779e"
"2578786b7794448c87ca5675cb93f11f","bd8c8775-5a47-4d06-952e-7c4cfe86d13e","Role","6c3f9f53e1824ed597d4a6349fadd869","37","4/11/2020 08:53:22","03d159a3-0f88-424c-a24f-02f63855fe4f"
"26e31ce671b54ba9abfc7a504ff77e5a","9b25cc86-081b-4acf-8f82-d30483156839","Role","6c3f9f53e1824ed597d4a6349fadd869","110","4/11/2020 08:53:22","03d159a3-0f88-424c-a24f-02f63855fe4f"
"28abcb61295d457692641159a1015d06","d546ccbc-b98b-4364-afdb-01106ab101f7","Role","6c3f9f53e1824ed597d4a6349fadd869","153","4/11/2020 08:53:22","03d159a3-0f88-424c-a24f-02f63855fe4f"
"28bf05d6ce1e4be0a3de2f87cf2bbb12","dc127a98-5d47-4040-8921-5343cafd248c","Role","6c3f9f53e1824ed597d4a6349fadd869","174","4/11/2020 08:53:22","03d159a3-0f88-424c-a24f-02f63855fe4f"
"28f0ba25bb544fe8b004dae113015807","90c62093-e0a6-4fd8-9116-e585f882b653","Role","6c3f9f53e1824ed597d4a6349fadd869","142","4/11/2020 08:53:22","03d159a3-0f88-424c-a24f-02f63855fe4f"
"295c6082a4b4472ca6a358d8f005af23","146f6c3a-9eaa-4295-817f-8bf4e19b1a20","Role","6c3f9f53e1824ed597d4a6349fadd869","3","4/11/2020 08:53:22","03d159a3-0f88-424c-a24f-02f63855fe4f"
"2a089ab6d4814c5cbc16a5823310b644","57e7adc4-6bf6-486e-ad1f-6242f25ad74f","Role","fb62224ec67745aa87e56437ce5c92c6","7","10/11/2020 01:29:46","048657c1-ecb1-4e5d-aced-6126ceae779e"
"2c3f5f15445c4b5f923b02c1fa0eab74","d5926f0e-a873-470c-81fa-292232c78d68","Role","6c3f9f53e1824ed597d4a6349fadd869","65","4/11/2020 08:53:22","03d159a3-0f88-424c-a24f-02f63855fe4f"
"2c7996d1f53e4e3fb6d2dc3a6eee8439","5f6e1030-b658-45d4-a228-9bdf273d0584","Role","6c3f9f53e1824ed597d4a6349fadd869","185","4/11/2020 08:53:22","03d159a3-0f88-424c-a24f-02f63855fe4f"
"2caf238692864f869551fa8ea060189b","c9fcfe6a-5603-46d0-86d9-ea1308bf12ef","Role","6c3f9f53e1824ed597d4a6349fadd869","150","4/11/2020 08:53:22","03d159a3-0f88-424c-a24f-02f63855fe4f"
"2d5af138aa954736801a070467adb46b","67324b2d-850b-4adc-80af-bcc8eca5e4ba","Role","6c3f9f53e1824ed597d4a6349fadd869","103","4/11/2020 08:53:22","03d159a3-0f88-424c-a24f-02f63855fe4f"
"2dcf30b1286c426a89e8e839cdb374f4","c76ecfed-30c1-4e3d-8517-18dead5e59ee","Role","6c3f9f53e1824ed597d4a6349fadd869","38","4/11/2020 08:53:22","03d159a3-0f88-424c-a24f-02f63855fe4f"
"2fd16e19159f43f8b0f253ed2e844fae","f3322d81-a007-4e28-9c43-55489ef1d3db","Role","6c3f9f53e1824ed597d4a6349fadd869","45","4/11/2020 08:53:22","03d159a3-0f88-424c-a24f-02f63855fe4f"
"303201a01d20440aa23a4102d3151279","7cbd9829-9214-40df-a0bb-21781b4045e5","Role","6c3f9f53e1824ed597d4a6349fadd869","107","4/11/2020 08:53:22","03d159a3-0f88-424c-a24f-02f63855fe4f"
"30bad856f9dc4a22bf84109288dc4e7c","b0172184-9b47-40be-b0f9-c7c412e9bda1","Position","C8E3B718-2802-443D-BC75-1B1FD26E535A","0","4/11/2020 08:38:19","03d159a3-0f88-424c-a24f-02f63855fe4f"
"31a1b9e5a6474740914645239539de2d","33bd0a0a-a926-4440-9f38-c5402356d53e","Position","3D6482B5-4613-49CC-A632-E09608BE4C5D","0","4/11/2020 08:35:56","03d159a3-0f88-424c-a24f-02f63855fe4f"
"32401eb390a24a538a7945f9d1a70a2c","d45441f9-8d40-4ae4-942a-986e435be3ea","Role","6c3f9f53e1824ed597d4a6349fadd869","119","4/11/2020 08:53:22","03d159a3-0f88-424c-a24f-02f63855fe4f"
"324ef2c84db54275a173a9c2068d5bd0","e10c139d-3ee3-4b19-9b5b-93459ae31628","Position","92AD3D89-49F6-4B71-87B6-CC3481B98C93","0","4/11/2020 07:08:54","03d159a3-0f88-424c-a24f-02f63855fe4f"
"32ea1b74918a4767b8a56bdd69f6d7bb","1a559dca-8b91-49d1-b08c-ffaaa5656f8e","Role","6c3f9f53e1824ed597d4a6349fadd869","71","4/11/2020 08:53:22","03d159a3-0f88-424c-a24f-02f63855fe4f"
"34ea7e9c57a24d1fb19c6318f78852ab","1c637b38-7c7e-4733-9069-5a8f4585f6f9","Position","f7333c3825464b479815be796c63a3dd","0","4/11/2020 08:41:03","03d159a3-0f88-424c-a24f-02f63855fe4f"
"35a637ad98e94f8696224862d792759b","3fe0a114-9ac2-426d-916b-b769b0f4d198","Role","6c3f9f53e1824ed597d4a6349fadd869","179","4/11/2020 08:53:22","03d159a3-0f88-424c-a24f-02f63855fe4f"
"366619e6c7944fbc9f77e95e7d132943","dacf5db5-2cca-4fe9-aa62-11ee82f846cf","Role",,"0","4/11/2020 03:50:00","03d159a3-0f88-424c-a24f-02f63855fe4f"
"3715171eea6845cf94aa6b5913ee24a8","180bd170-36eb-4743-a07e-8e0cafab2f8a","Position","A1DB25F5-9331-4567-B45C-6A4C75285144","0","4/11/2020 08:40:40","03d159a3-0f88-424c-a24f-02f63855fe4f"
"37cdc6b43b6c48a99264e7df088aae45","e51681ed-5f00-4872-acd1-1f4ea14b538e","Role","fb62224ec67745aa87e56437ce5c92c6","19","10/11/2020 01:29:46","048657c1-ecb1-4e5d-aced-6126ceae779e"
"38059c5b98014bb69a923e1e0db931ab","2a944676-840d-47b9-82d9-58ff277435f6","Role","6c3f9f53e1824ed597d4a6349fadd869","133","4/11/2020 08:53:22","03d159a3-0f88-424c-a24f-02f63855fe4f"
"381753a449614b20a1da4c2e1a256205","eaf69a61-393e-459c-8c60-4282c3aed5e3","Position","23F7B6FB-382B-4DF0-9A7D-C849B4EC8BF0","0","4/11/2020 08:39:05","03d159a3-0f88-424c-a24f-02f63855fe4f"
"3928db5205764c528db28db6ae6cba6d","5d34d8bc-5295-41d6-9a9f-a6608e443dd6","Role","6c3f9f53e1824ed597d4a6349fadd869","138","4/11/2020 08:53:22","03d159a3-0f88-424c-a24f-02f63855fe4f"
"3952a76c987b43c894c9b8bcf389543c","67e573e0-bb73-49e0-823b-d8297b0da3f8","Position","6B063EBA-1A49-4F65-8BBB-1B1A89C21509","1","4/11/2020 07:34:17","03d159a3-0f88-424c-a24f-02f63855fe4f"
"39dedb731b584b71ad1bbf8946932487","43a38a12-a051-4006-be67-9547ee10eabc","Role","6c3f9f53e1824ed597d4a6349fadd869","134","4/11/2020 08:53:22","03d159a3-0f88-424c-a24f-02f63855fe4f"
"3a1085693d31424aa001fc09d39a19f3","7adc20e5-d56a-4a63-9188-29566b3b9113","Role","6c3f9f53e1824ed597d4a6349fadd869","163","4/11/2020 08:53:22","03d159a3-0f88-424c-a24f-02f63855fe4f"
"3a3122689d8047e38296c2fb1825c36a","16aa09b1-e264-45b7-9085-5cdadad05f65","Position","51DF9CB7-89B8-43B6-A161-A8532B7F4ABE","0","4/11/2020 08:02:22","03d159a3-0f88-424c-a24f-02f63855fe4f"
"3b30411cfa1a4906aa7d2a1d1f31b9a8","b973a1bb-4e2e-411e-94ea-77c83f0127d3","Position","1B5138A1-E060-49B4-9CAD-60DC3408475C","0","4/11/2020 06:59:19","03d159a3-0f88-424c-a24f-02f63855fe4f"
"3dcb462243d741d78901360e2f7bda37","admin","Position","48DD6017-EE58-4929-AA07-2592B47E3CF5",,"22/1/2021 02:55:31","admin"
"3dee2bfb8a474ed78e8dcc52e52fd794","bd50cbbd-288e-4050-a81d-3a863d896f90","Role","6c3f9f53e1824ed597d4a6349fadd869","87","4/11/2020 08:53:22","03d159a3-0f88-424c-a24f-02f63855fe4f"
"3e918d9713ea4a1a83248242f91661d8","admin","Role","fb62224ec67745aa87e56437ce5c92c6",,"22/1/2021 02:55:31","admin"
"3ec8ca28316249a5a279acc5660b260f","14601962-ddc6-4e00-9524-8c332753ee96","Position","6B063EBA-1A49-4F65-8BBB-1B1A89C21509","0","4/11/2020 07:34:17","03d159a3-0f88-424c-a24f-02f63855fe4f"
"3ecbc5bd2e5d454cb23519308e566e5b","0a72e7d8-b519-435b-9c43-6796a31c72ec","Position","48DD6017-EE58-4929-AA07-2592B47E3CF5",,"22/1/2021 08:47:41","0a72e7d8-b519-435b-9c43-6796a31c72ec"
"3f896525b8404797884f2d9eea14b7f2","c9c08bf3-3d48-4e81-9dba-2a39b675b18e","Role","6c3f9f53e1824ed597d4a6349fadd869","169","4/11/2020 08:53:22","03d159a3-0f88-424c-a24f-02f63855fe4f"
"3fb6afc4a74c4f278d32b4d45d15d7ce","2e6d6a0e-078a-490a-b813-19a365e69852","Role","6c3f9f53e1824ed597d4a6349fadd869","96","4/11/2020 08:53:22","03d159a3-0f88-424c-a24f-02f63855fe4f"
"402eba24d7be447c99c6498815f7964b","9bbb17c9-6fe1-474c-a497-3d8e200661ef","Role","6c3f9f53e1824ed597d4a6349fadd869","111","4/11/2020 08:53:22","03d159a3-0f88-424c-a24f-02f63855fe4f"
"40aec3b24ba7422fb77ce7686dd67e43","91e531c1-eba1-45e3-8243-2fd1cc84dde9","Role","6c3f9f53e1824ed597d4a6349fadd869","25","4/11/2020 08:53:22","03d159a3-0f88-424c-a24f-02f63855fe4f"
"40b5be9fa5fe46fe8ba4c3acea09cf05","797ca962-0af3-4be6-abff-e5e2f3ed65e0","Role","6c3f9f53e1824ed597d4a6349fadd869","162","4/11/2020 08:53:22","03d159a3-0f88-424c-a24f-02f63855fe4f"
"43c25f0572724338b9f8590550a05784","3f7c5725-f851-4349-b5ef-0e37c44a28a1","Role","6c3f9f53e1824ed597d4a6349fadd869","157","4/11/2020 08:53:22","03d159a3-0f88-424c-a24f-02f63855fe4f"
"445cd6137a594ab482d8e5a82c07f09c","0a72e7d8-b519-435b-9c43-6796a31c72ec","Role","7195905c25cb42db9f4f419c36b2ff77",,"22/1/2021 08:47:41","0a72e7d8-b519-435b-9c43-6796a31c72ec"
"458b80725e354c29901f9fb6c21cafee","9410f640-de99-49a0-911e-bee508b47cc5","Role","6c3f9f53e1824ed597d4a6349fadd869","187","4/11/2020 08:53:22","03d159a3-0f88-424c-a24f-02f63855fe4f"
"48670fcd19974364bdac493bed453c58","dc70ec18-1142-431a-a946-2df87c670d0d","Role","6c3f9f53e1824ed597d4a6349fadd869","191","4/11/2020 08:53:22","03d159a3-0f88-424c-a24f-02f63855fe4f"
"48efaf6a421049c896765ffd771288dc","b77b8f5b-1a57-4c4a-8233-7dad385cc611","Role","6c3f9f53e1824ed597d4a6349fadd869","34","4/11/2020 08:53:22","03d159a3-0f88-424c-a24f-02f63855fe4f"
"4905a142b95e4fe5b767d8304757dc7b","639528cd-4299-48ae-854a-2b7a33384f96","Role","6c3f9f53e1824ed597d4a6349fadd869","17","4/11/2020 08:53:22","03d159a3-0f88-424c-a24f-02f63855fe4f"
"491a441b9acf4ff88c473d71296c6c11","543c5a4b-7ea0-43b0-8b9b-0c31495ab53e","Role","6c3f9f53e1824ed597d4a6349fadd869","76","4/11/2020 08:53:22","03d159a3-0f88-424c-a24f-02f63855fe4f"
"49697668b6d64b8cb9f50902bab12ae7","ca4b99db-89f0-4314-b3ee-5cf89b07d3b0","Role","6c3f9f53e1824ed597d4a6349fadd869","63","4/11/2020 08:53:22","03d159a3-0f88-424c-a24f-02f63855fe4f"
"4a0d6cbfd3dc45a887542732bc524f95","3da3017f-46a9-4bdc-ab00-8b155735679c","Role","6c3f9f53e1824ed597d4a6349fadd869","156","4/11/2020 08:53:22","03d159a3-0f88-424c-a24f-02f63855fe4f"
"4d13463dde3c4179be5dbe7c2d5f90e0","00ca450b-141b-45d2-b6cb-94d818165543","Position","710DC81E-3ABB-42F4-BCB1-5044A7A158FD","0","4/11/2020 08:54:56","03d159a3-0f88-424c-a24f-02f63855fe4f"
"4d1c4280aba048d5b4c41b6910025f65","3977de33-668c-4585-b09b-239aacfb4ebe","Position","B650DD80-8C7C-4AFA-AF1C-B9C92CC5CFAC","0","4/11/2020 08:33:32","03d159a3-0f88-424c-a24f-02f63855fe4f"
"4e8f1db3338e4ad68dc0e385bb9da4a4","f8c18307-065c-4dd3-a6c6-a2b95ba17ed6","Position","1CC12935-E0B9-48AD-B47C-8989DE59D5DE","0","4/11/2020 07:08:33","03d159a3-0f88-424c-a24f-02f63855fe4f"
"4fd42ffedfc04634950c07f7c548dce7","26fe6815-20a2-4be7-93b4-25e195d22833","Role","6c3f9f53e1824ed597d4a6349fadd869","8","4/11/2020 08:53:22","03d159a3-0f88-424c-a24f-02f63855fe4f"
"50265d1414db4624903d5fa609e672c9","3d855aed-83af-4fe3-92fd-3d105a3ebd02","Role","6c3f9f53e1824ed597d4a6349fadd869","13","4/11/2020 08:53:22","03d159a3-0f88-424c-a24f-02f63855fe4f"
"50bee14266904aaa95ef086c6e49d8a3","12d396d9-469a-4695-b7ff-bbb988bced4e","Role","6c3f9f53e1824ed597d4a6349fadd869","125","4/11/2020 08:53:22","03d159a3-0f88-424c-a24f-02f63855fe4f"
"514faa7c690141639056b9431b8136e6","2743d8ee-8f8d-428a-93f5-dc4b466a5070","Role","6c3f9f53e1824ed597d4a6349fadd869","132","4/11/2020 08:53:22","03d159a3-0f88-424c-a24f-02f63855fe4f"
"51bd8bc6b8db4d669280ebd19db848e1","471b6e31-b160-4c17-9291-955f412f838c","Position","7BA99135-A17E-4AC0-BF5E-9551429A04F2","0","4/11/2020 08:36:43","03d159a3-0f88-424c-a24f-02f63855fe4f"
"51f6d6d42f5e4adfa5195a06ede04575","7f04a44f-533d-46a8-b3ab-f23f488a57dc","Role","6c3f9f53e1824ed597d4a6349fadd869","23","4/11/2020 08:53:22","03d159a3-0f88-424c-a24f-02f63855fe4f"
"5217298ff7e4465daf62a9ca53fe4da6","44dacf11-e220-4f1b-af8c-db4cdaa80fd2","Role","6c3f9f53e1824ed597d4a6349fadd869","135","4/11/2020 08:53:22","03d159a3-0f88-424c-a24f-02f63855fe4f"
"5233e5be5c004871a37c4f7650e1a104","0a72e7d8-b519-435b-9c43-6796a31c72ec","Role","fb62224ec67745aa87e56437ce5c92c6",,"22/1/2021 08:47:41","0a72e7d8-b519-435b-9c43-6796a31c72ec"
"52bfd9133059455dae7f6c709d8c2298","3f416222-30c3-42cf-be80-d2b0a34c5b9c","Role","6c3f9f53e1824ed597d4a6349fadd869","100","4/11/2020 08:53:22","03d159a3-0f88-424c-a24f-02f63855fe4f"
"544fbe09cb74437daffbe05c0e3d6cd5","bc7c7a86-6b25-44f9-a015-826c07b70a1e","Position","F11860C1-7B72-4AC3-90E6-87ADF1E3CD50","0","4/11/2020 08:38:34","03d159a3-0f88-424c-a24f-02f63855fe4f"
"5472089373bb4dd5a35ee6d1e1572295","0a85de84-4de0-4317-9767-25f95fdd9b1e","Role","6c3f9f53e1824ed597d4a6349fadd869","1","4/11/2020 08:53:22","03d159a3-0f88-424c-a24f-02f63855fe4f"
"550d34fa195942bab1f0277b2c4bc4b3","401d7dee-10be-479c-ace5-f6571514e12e","Role","6c3f9f53e1824ed597d4a6349fadd869","180","4/11/2020 08:53:22","03d159a3-0f88-424c-a24f-02f63855fe4f"
"55946fc39fec48608709714330ba8b41","3bbad457-663e-4314-9b10-33c67c35cbcb","Role","6c3f9f53e1824ed597d4a6349fadd869","12","4/11/2020 08:53:22","03d159a3-0f88-424c-a24f-02f63855fe4f"
"56f1b03d8c4a4f9582f5c785e89b25a7","0a72e7d8-b519-435b-9c43-6796a31c72ec","Role","7195905c25cb42db9f4f419c36b2ff77",,"22/1/2021 08:47:40","0a72e7d8-b519-435b-9c43-6796a31c72ec"
"576592e2f94a446a8a27a473d4a23f64","cc330bfc-4230-40a3-a7c7-3964860b3135","Role","6c3f9f53e1824ed597d4a6349fadd869","170","4/11/2020 08:53:22","03d159a3-0f88-424c-a24f-02f63855fe4f"
"580a4871f92e4707a55467fbf0fda465","7b413909-b7aa-49b5-8451-25d68b8ee992","Role","fb62224ec67745aa87e56437ce5c92c6","12","10/11/2020 01:29:46","048657c1-ecb1-4e5d-aced-6126ceae779e"
"59346727bc1645feac00ec0b81359eed","6952367a-fc2f-4491-a6cb-253e1335917a","Role","6c3f9f53e1824ed597d4a6349fadd869","104","4/11/2020 08:53:22","03d159a3-0f88-424c-a24f-02f63855fe4f"
"5a066e72916744d7975351f4e87ebaf8","474f8b7a-17ce-466e-8b14-4ce53d610d40","Role","6c3f9f53e1824ed597d4a6349fadd869","14","4/11/2020 08:53:22","03d159a3-0f88-424c-a24f-02f63855fe4f"
"5aef07ed1aa94e639e08113ff6e07675","3d49be97-2be2-4a68-a93f-abfeec5485c4","Role","6c3f9f53e1824ed597d4a6349fadd869","98","4/11/2020 08:53:22","03d159a3-0f88-424c-a24f-02f63855fe4f"
"5bf57113ba7b4b829c8782afa8d76756","5f6e1030-b658-45d4-a228-9bdf273d0584","Position","8803156B-661E-4074-8DD8-67B16FBFC1BA","0","4/11/2020 08:37:21","03d159a3-0f88-424c-a24f-02f63855fe4f"
"5dfe4d4b8f1a42f5a142f1cced56e683","508b7b80-005b-4003-b2ad-c880417f80ec","Role","fb62224ec67745aa87e56437ce5c92c6","6","10/11/2020 01:29:46","048657c1-ecb1-4e5d-aced-6126ceae779e"
"5e3c529944654f32b6ff80e924412a9c","47ffa62f-605f-44ea-8e38-5da881a07f1b","Role","6c3f9f53e1824ed597d4a6349fadd869","158","4/11/2020 08:53:22","03d159a3-0f88-424c-a24f-02f63855fe4f"
"6058a5848ed842b288f123433d00e683","00ca450b-141b-45d2-b6cb-94d818165543","Role","94e3a9bb0fce4547886972998fddba1c","0","4/11/2020 08:54:56","03d159a3-0f88-424c-a24f-02f63855fe4f"
"62354640a5db442d93dc33efb4928abd","b41909c2-af3d-40c8-ba54-84a40bf6439e","Role","6c3f9f53e1824ed597d4a6349fadd869","113","4/11/2020 08:53:22","03d159a3-0f88-424c-a24f-02f63855fe4f"
"62ba9b52fb7540a497d20d9b160789e8","1d230af0-7054-43e0-bcd0-60144d3ed1d1","Position","f7333c3825464b479815be796c63a3dd","0","4/11/2020 07:14:17","03d159a3-0f88-424c-a24f-02f63855fe4f"
"63de1754c9604dd5a4dac83331689c72","048657c1-ecb1-4e5d-aced-6126ceae779e","Role","94e3a9bb0fce4547886972998fddba1c","3","4/11/2020 08:33:03","03d159a3-0f88-424c-a24f-02f63855fe4f"
"656710f2181345e5b057b571ace2ee8c","317549d0-c4e5-400d-9ee5-72066869b1b3","Role","6c3f9f53e1824ed597d4a6349fadd869","11","4/11/2020 08:53:22","03d159a3-0f88-424c-a24f-02f63855fe4f"
"65e9ef172a804d03af03f2b3d3b161b5","00b0d34d-a5d6-43f7-a7d4-c8d5fbca8f8f","Position","3537C193-D5E5-4C76-95CE-55C298D0D938","0","4/11/2020 08:56:00","03d159a3-0f88-424c-a24f-02f63855fe4f"
"661ec17c7efa4d13a08a1396ae945815","be8c3fc1-db7e-4f01-9e15-c1700b1973ce","Role","6c3f9f53e1824ed597d4a6349fadd869","61","4/11/2020 08:53:22","03d159a3-0f88-424c-a24f-02f63855fe4f"
"6696e77405d6482f80968e30d2d0fc28","7978224d-f3f8-4117-b8bd-102c563202cb","Role","fb62224ec67745aa87e56437ce5c92c6","11","10/11/2020 01:29:46","048657c1-ecb1-4e5d-aced-6126ceae779e"
"671070077c9f460f92bf23671c5731eb","b1700409-a30e-40e7-97e8-ee5d3d0e037c","Role","6c3f9f53e1824ed597d4a6349fadd869","84","4/11/2020 08:53:22","03d159a3-0f88-424c-a24f-02f63855fe4f"
"6742fd4dae454bc7ae4ff5e093b80a65","1c637b38-7c7e-4733-9069-5a8f4585f6f9","Position","5F442D37-1ACA-473A-9892-3F6DFA2C5A3B","1","4/11/2020 08:41:03","03d159a3-0f88-424c-a24f-02f63855fe4f"
"682f36262561442b9413b412652bb47d","5a6713ad-1965-4669-9792-5329b828f97b","Role","6c3f9f53e1824ed597d4a6349fadd869","102","4/11/2020 08:53:22","03d159a3-0f88-424c-a24f-02f63855fe4f"
"694909a580e24e6195ae558801f53988","dacf5db5-2cca-4fe9-aa62-11ee82f846cf","Position","1B5138A1-E060-49B4-9CAD-60DC3408475C","0","4/11/2020 03:50:00","03d159a3-0f88-424c-a24f-02f63855fe4f"
"6b693606640b42cd8ead7e77a0db390f","0602f0ce-e33e-43e1-83e5-402a8d05bfb5","Position","A939BEF0-3376-4456-81FA-E85CBB84B387","0","4/11/2020 08:41:41","03d159a3-0f88-424c-a24f-02f63855fe4f"
"6c08b0385c734523a5ebd21c0d5c51e8","d5ddac44-a4d8-41a9-b3c8-792c850480ef","Role","6c3f9f53e1824ed597d4a6349fadd869","172","4/11/2020 08:53:22","03d159a3-0f88-424c-a24f-02f63855fe4f"
"6c2c13173d5c4cd39394c3a5daa0de0f","fc6764f1-1315-4d61-b8cb-0c15dca903a3","Role","6c3f9f53e1824ed597d4a6349fadd869","124","4/11/2020 08:53:22","03d159a3-0f88-424c-a24f-02f63855fe4f"
"6c776f6e7f0a46598267e150b1a22408","c180e493-6e88-4b68-bc07-be8087e48c7d","Role","fb62224ec67745aa87e56437ce5c92c6","17","10/11/2020 01:29:46","048657c1-ecb1-4e5d-aced-6126ceae779e"
"6cd4afe5396b4d66aad71bdec9330562","f77c6a01-e3e5-4d09-aa7f-c0a6890e4546","Role","6c3f9f53e1824ed597d4a6349fadd869","46","4/11/2020 08:53:22","03d159a3-0f88-424c-a24f-02f63855fe4f"
"6dc763d339ed45d3bb965397b2a4fada","b377a4a7-d1f4-486d-a1fe-008798272ec0","Role","6c3f9f53e1824ed597d4a6349fadd869","85","4/11/2020 08:53:22","03d159a3-0f88-424c-a24f-02f63855fe4f"
"7041e17f7f5d44aabbc79fc001364427","e8483211-1bf9-42d5-8c94-770f6cc99fa1","Position","EB35C0A4-01E9-4606-BE12-C6ED3A2E09AD","0","23/3/2021 07:48:51","admin"
"70aa84df48d742c382be6e210d48fd51","db22a470-5282-4bc0-92fe-814ee026edfb","Role","6c3f9f53e1824ed597d4a6349fadd869","120","4/11/2020 08:53:22","03d159a3-0f88-424c-a24f-02f63855fe4f"
"71b952f1fbd24dc5866a03819b0c5e10","5462251c-a8c6-4851-836b-01ec2c0e4cc6","Role","6c3f9f53e1824ed597d4a6349fadd869","77","4/11/2020 08:53:22","03d159a3-0f88-424c-a24f-02f63855fe4f"
"71fcd2845c9d4625888db452c96681a4","99e7703f-f0e0-48ab-8d6d-821a4da6e8bc","Role","6c3f9f53e1824ed597d4a6349fadd869","28","4/11/2020 08:53:22","03d159a3-0f88-424c-a24f-02f63855fe4f"
"726c27fd7cb04cb99c3ede9a462d8c2e","b0172184-9b47-40be-b0f9-c7c412e9bda1","Role","6c3f9f53e1824ed597d4a6349fadd869","188","4/11/2020 08:53:22","03d159a3-0f88-424c-a24f-02f63855fe4f"
"72de7d62c6fe4d689f50c307785b2903","a64bf2c6-4221-4844-b82e-96b39e74fb96","Role","6c3f9f53e1824ed597d4a6349fadd869","147","4/11/2020 08:53:22","03d159a3-0f88-424c-a24f-02f63855fe4f"
"73a5f5608e374ef9baaacea45dca1f56","ceff6c3b-6ca9-451d-99f8-830e233ff3f7","Role","6c3f9f53e1824ed597d4a6349fadd869","151","4/11/2020 08:53:22","03d159a3-0f88-424c-a24f-02f63855fe4f"
"7535085d35ff49d5bb5a76c96365f0a2","cadb2c7d-c0b4-4194-b21e-8be853b5e432","Role","6c3f9f53e1824ed597d4a6349fadd869","64","4/11/2020 08:53:22","03d159a3-0f88-424c-a24f-02f63855fe4f"
"76f49d2ca68048898a9d159c4a04703a","bbb00a3b-abbd-4e30-8b83-0ae0b06d5623","Role","6c3f9f53e1824ed597d4a6349fadd869","36","4/11/2020 08:53:22","03d159a3-0f88-424c-a24f-02f63855fe4f"
"772dc89e72f94b999c3e06e6c279603a","b241aef0-984d-45f1-85eb-cd422365723c","Role","6c3f9f53e1824ed597d4a6349fadd869","112","4/11/2020 08:53:22","03d159a3-0f88-424c-a24f-02f63855fe4f"
"7789155bac4741fea21ceb9786859421","ead5bfdb-9cb5-4110-8704-24b006f282a9","Role","6c3f9f53e1824ed597d4a6349fadd869","154","4/11/2020 08:53:22","03d159a3-0f88-424c-a24f-02f63855fe4f"
"79d84cdc39424ccfb1f51c809ea51bb2","8dfba74c-9eb2-42fe-af8c-4c6e7fb15158","Role","fb62224ec67745aa87e56437ce5c92c6","14","10/11/2020 01:29:46","048657c1-ecb1-4e5d-aced-6126ceae779e"
"7a44b57eb4134e5e9923690886842a93","14b70f63-215e-4b66-85fd-c74c485a052f","Position","48DD6017-EE58-4929-AA07-2592B47E3CF5","0","4/11/2020 08:41:15","03d159a3-0f88-424c-a24f-02f63855fe4f"
"7a642cae8fac4a0a895acfb8efeaa9e7","7d4ecaef-6be5-4ee5-bd9b-696d3f7dec23","Role","6c3f9f53e1824ed597d4a6349fadd869","22","4/11/2020 08:53:22","03d159a3-0f88-424c-a24f-02f63855fe4f"
"7b6fe0dc2e674bf694f02af1ad0a9539","d35cc82a-da62-4459-822a-2773f628aa53","Role","6c3f9f53e1824ed597d4a6349fadd869","118","4/11/2020 08:53:22","03d159a3-0f88-424c-a24f-02f63855fe4f"
"7b8ac63e0f1847979f1566e720473a6c","98199a2c-ec25-4d10-8fad-fe58ed1dacca","Role","6c3f9f53e1824ed597d4a6349fadd869","57","4/11/2020 08:53:22","03d159a3-0f88-424c-a24f-02f63855fe4f"
"7c0a7412a71f462a9fda97f4cba1e332","dacf5db5-2cca-4fe9-aa62-11ee82f846cf","Role","6c3f9f53e1824ed597d4a6349fadd869","173","4/11/2020 08:53:22","03d159a3-0f88-424c-a24f-02f63855fe4f"
"7c13b1dd89334ee2b5db67e66a8d48b1","eaf69a61-393e-459c-8c60-4282c3aed5e3","Role","6c3f9f53e1824ed597d4a6349fadd869","192","4/11/2020 08:53:22","03d159a3-0f88-424c-a24f-02f63855fe4f"
"7c7ef3aed77f452a87903ec87dc640fa","e10c139d-3ee3-4b19-9b5b-93459ae31628","Role","6c3f9f53e1824ed597d4a6349fadd869","41","4/11/2020 08:53:22","03d159a3-0f88-424c-a24f-02f63855fe4f"
"7c8884bc5d834a168c9416946ac39fbe","0602f0ce-e33e-43e1-83e5-402a8d05bfb5","Role","fb62224ec67745aa87e56437ce5c92c6","0","10/11/2020 01:29:46","048657c1-ecb1-4e5d-aced-6126ceae779e"
"7dd91c29776047bc87abdc5b549d3099","70f9fece-1a6b-4d37-bd16-6a848779c9e6","Role","6c3f9f53e1824ed597d4a6349fadd869","55","4/11/2020 08:53:22","03d159a3-0f88-424c-a24f-02f63855fe4f"
"820506b1297648a6adb1fd7459f78acf","75cd6e33-afa0-42c1-aec4-c8a0bf4c0d71","Role","6c3f9f53e1824ed597d4a6349fadd869","21","4/11/2020 08:53:22","03d159a3-0f88-424c-a24f-02f63855fe4f"
"82a81ecc91fb45318ceab1032bafd420","721acd3b-b621-47bd-a41b-ae5a393e999f","Position","8256786D-3B14-4382-B89A-88854A04240C","0","4/11/2020 03:55:12","03d159a3-0f88-424c-a24f-02f63855fe4f"
"84c6c12e3da94306ac7e1614f6e9a338","ec9dbd44-11b9-45dc-b1f2-f4d3f855a1de","Role","6c3f9f53e1824ed597d4a6349fadd869","175","4/11/2020 08:53:22","03d159a3-0f88-424c-a24f-02f63855fe4f"
"85133efa9fd14c19a589bf05ecd2804d","22a155c9-a7ee-4f0d-946e-e2476b342ee8","Role","6c3f9f53e1824ed597d4a6349fadd869","131","4/11/2020 08:53:22","03d159a3-0f88-424c-a24f-02f63855fe4f"
"8607904f910247079d6ba8cfdf5c3721","249cf67d-fd9d-42da-8c2f-0481a7113446","Position","6D4BC762-1F21-4697-95F6-D5B4D11C3E40","0","4/11/2020 08:27:41","03d159a3-0f88-424c-a24f-02f63855fe4f"
"86b4df61fe1d41349b9cb34afc9d58da","89e2f7e9-2929-4692-9383-73223635478d","Role","6c3f9f53e1824ed597d4a6349fadd869","82","4/11/2020 08:53:22","03d159a3-0f88-424c-a24f-02f63855fe4f"
"873f7fa786f24020a2708c30ba3e00ff","cf22426e-227d-40a3-8f9f-b45106934e04","Role","6c3f9f53e1824ed597d4a6349fadd869","39","4/11/2020 08:53:22","03d159a3-0f88-424c-a24f-02f63855fe4f"
"87b7fcf862f64590b2394684c6b27330","fa0719d2-4a8b-4bac-ba2b-b65fbc286c1b","Position","41B69FE4-ED4D-4AB1-A65F-AA3970E6FB6A","0","27/10/2017 16:16:23","admin"
"87baed04e2844cbc93a89f728b4ebddb","ae6fefa1-5855-414e-925b-1a11d9baa47c","Position","61BC1ADC-9F6A-453E-80E7-33BC70916DFC","0","4/11/2020 07:37:39","03d159a3-0f88-424c-a24f-02f63855fe4f"
"88440072f2b3448190dd572649f5062f","afe0a868-3d70-4c6b-8200-58898c0e4e72","Role","6c3f9f53e1824ed597d4a6349fadd869","31","4/11/2020 08:53:22","03d159a3-0f88-424c-a24f-02f63855fe4f"
"88e32168330d4412a326150c72deb7e8","9a277de0-e567-497c-ae82-44c1fb6c8731","Role","6c3f9f53e1824ed597d4a6349fadd869","109","4/11/2020 08:53:22","03d159a3-0f88-424c-a24f-02f63855fe4f"
"8a0b2e16c99b458d8cea6b026dd93342","33bd0a0a-a926-4440-9f38-c5402356d53e","Role","6c3f9f53e1824ed597d4a6349fadd869","178","4/11/2020 08:53:22","03d159a3-0f88-424c-a24f-02f63855fe4f"
"8a4bf0a72325493493b99f4ea2d19f99","db22a470-5282-4bc0-92fe-814ee026edfb","Position","6EA558DE-6EE4-4BD8-A5BD-2562E9D9F426","0","4/11/2020 07:17:09","03d159a3-0f88-424c-a24f-02f63855fe4f"
"8ae810618ea54b1ba9d20e5d3696f8ae","918171ec-4141-44ec-82c5-6bd4c4e0d424","Position","C8E3B718-2802-443D-BC75-1B1FD26E535A","0","4/11/2020 08:37:39","03d159a3-0f88-424c-a24f-02f63855fe4f"
"8b32efe1298e48638775a91302e8ed45","43a06c96-1f86-46ad-ba05-8834bbd10895","Role","6c3f9f53e1824ed597d4a6349fadd869","181","4/11/2020 08:53:22","03d159a3-0f88-424c-a24f-02f63855fe4f"
"8b43110d71b74ab89feeb581f768838f","d7ecf375-925b-4555-83e2-9fd67429adb2","Role","6c3f9f53e1824ed597d4a6349fadd869","66","4/11/2020 08:53:22","03d159a3-0f88-424c-a24f-02f63855fe4f"
"8c18283723c74d8793660c592419323d","a4a0a204-ebbe-4428-accf-0c123abdd983","Role","6c3f9f53e1824ed597d4a6349fadd869","30","4/11/2020 08:53:22","03d159a3-0f88-424c-a24f-02f63855fe4f"
"8d7cf659a1424910968cd8ef86fd1a69","1baaeafd-c621-4384-92ff-a14e1faf36da","Role","6c3f9f53e1824ed597d4a6349fadd869","128","4/11/2020 08:53:22","03d159a3-0f88-424c-a24f-02f63855fe4f"
"8eefab19ba9146fcb4ae56d57992bc3f","43a06c96-1f86-46ad-ba05-8834bbd10895","Position","7BA99135-A17E-4AC0-BF5E-9551429A04F2","0","4/11/2020 08:36:32","03d159a3-0f88-424c-a24f-02f63855fe4f"
"91e2540543d7418491131af65c654161","e4faafbb-ea38-4337-a4ed-3259c7025d3f","Role","6c3f9f53e1824ed597d4a6349fadd869","121","4/11/2020 08:53:22","03d159a3-0f88-424c-a24f-02f63855fe4f"
"9301f2dba14446fa8148d8871a5252b0","1a2b0254-8862-4525-ab4f-444df590b2b8","Position","96D926F0-1747-4A07-8660-76D75A3DCE18","0","4/11/2020 08:34:36","03d159a3-0f88-424c-a24f-02f63855fe4f"
"940361295f3d4dc897e29818efedce32","ec63d618f8b643428b27f18336f73f4b","Position","325EEA64-0403-455D-B6A5-D912A9687468","0","4/11/2020 08:34:18","03d159a3-0f88-424c-a24f-02f63855fe4f"
"94850efd52e84edaa91344a54a1cfd0e","471b6e31-b160-4c17-9291-955f412f838c","Role","6c3f9f53e1824ed597d4a6349fadd869","182","4/11/2020 08:53:22","03d159a3-0f88-424c-a24f-02f63855fe4f"
"94e5f61f78ca4399a658c6691d6bbb25","5d75a4c8-8210-4e65-8682-28ba58d58876","Role","6c3f9f53e1824ed597d4a6349fadd869","79","4/11/2020 08:53:22","03d159a3-0f88-424c-a24f-02f63855fe4f"
"95b4f2164ed740158a6c8253ab5d6f9a","a1d35f59-0f11-4ede-963d-1d57b7a9132a","Role","6c3f9f53e1824ed597d4a6349fadd869","166","4/11/2020 08:53:22","03d159a3-0f88-424c-a24f-02f63855fe4f"
"95ba09590df446bb9a92c1f726042390","584e9a4c-d285-408d-b448-1a1054c13b7e","Role","6c3f9f53e1824ed597d4a6349fadd869","101","4/11/2020 08:53:22","03d159a3-0f88-424c-a24f-02f63855fe4f"
"9627a00304244acdb6aa345956521bc2","31c229cd-7459-4134-8f21-9a0555216a0d","Role","6c3f9f53e1824ed597d4a6349fadd869","97","4/11/2020 08:53:22","03d159a3-0f88-424c-a24f-02f63855fe4f"
"9785d528976441538494e97fd3defada","00d9428a-25f5-4ceb-ab9b-1a3c71989bb4","Role","94e3a9bb0fce4547886972998fddba1c","0","4/11/2020 08:55:39","03d159a3-0f88-424c-a24f-02f63855fe4f"
"99250d511a6b4e87bee96484696756d5","b10cfe40-6855-4934-8ea2-47171e9ec9ad","Role","6c3f9f53e1824ed597d4a6349fadd869","33","4/11/2020 08:53:22","03d159a3-0f88-424c-a24f-02f63855fe4f"
"9bb2893bd1e343b491655e9642613258","9405ab85-50bd-49aa-8c3d-1ea5656819a1","Role","6c3f9f53e1824ed597d4a6349fadd869","108","4/11/2020 08:53:22","03d159a3-0f88-424c-a24f-02f63855fe4f"
"9bdd2b9b0c8f4ee98864eb486f26c098","e3bccece-4c8f-49c3-86fb-feb9ba143726","Role","6c3f9f53e1824ed597d4a6349fadd869","42","4/11/2020 08:53:22","03d159a3-0f88-424c-a24f-02f63855fe4f"
"9c24307167104466ba3cba8e4a0ac4ae","1e8ffae9-242f-4157-8dc3-711c02246675","Role","6c3f9f53e1824ed597d4a6349fadd869","130","4/11/2020 08:53:22","03d159a3-0f88-424c-a24f-02f63855fe4f"
"9d3c74c2d6e0400faa696d595855ab6f","03812269-e6db-4c36-96aa-4cc81e3d11f3","Role","94e3a9bb0fce4547886972998fddba1c","0","4/11/2020 08:54:19","03d159a3-0f88-424c-a24f-02f63855fe4f"
"a3108b894a8049bbaad3428954c5f3a1","1d35f216-1f2e-4789-8ea7-a662b2ef9f98","Role","6c3f9f53e1824ed597d4a6349fadd869","129","4/11/2020 08:53:22","03d159a3-0f88-424c-a24f-02f63855fe4f"
"a33bf5519a93410fb9d0524bbd750f3f","3ee32a44-8076-47b2-8c00-009133b45279","Role","6c3f9f53e1824ed597d4a6349fadd869","99","4/11/2020 08:53:22","03d159a3-0f88-424c-a24f-02f63855fe4f"
"a341ac0551dd4c36803b79b227dbd911","cb222cae-d8dd-4577-9c6f-4eeabeccb66a","Role","6c3f9f53e1824ed597d4a6349fadd869","89","4/11/2020 08:53:22","03d159a3-0f88-424c-a24f-02f63855fe4f"
"a469f39d98c04d9296fce94bd8f3a730","16aa09b1-e264-45b7-9085-5cdadad05f65","Role","6c3f9f53e1824ed597d4a6349fadd869","70","4/11/2020 08:53:22","03d159a3-0f88-424c-a24f-02f63855fe4f"
"a47eeca47ea847329d81ef9a42ddfe63","bc7c7a86-6b25-44f9-a015-826c07b70a1e","Role","6c3f9f53e1824ed597d4a6349fadd869","189","4/11/2020 08:53:22","03d159a3-0f88-424c-a24f-02f63855fe4f"
"a4837fa72f4e4dc6bb9cbd18b18e4158","b973a1bb-4e2e-411e-94ea-77c83f0127d3","Role","6c3f9f53e1824ed597d4a6349fadd869","168","4/11/2020 08:53:22","03d159a3-0f88-424c-a24f-02f63855fe4f"
"a4ae0b1f2e8a40f7b94e2704c459abd9","5c0cf791-fbf6-4d4e-a595-ecf7f0208980","Role","6c3f9f53e1824ed597d4a6349fadd869","137","4/11/2020 08:53:22","03d159a3-0f88-424c-a24f-02f63855fe4f"
"a51f651841a049cabe37ca333a4449f4","42b5fa61-f20d-4cdb-815c-077f9d6d51f7","Role","fb62224ec67745aa87e56437ce5c92c6","3","10/11/2020 01:29:46","048657c1-ecb1-4e5d-aced-6126ceae779e"
"a5301b61d53e4000a185aaa7f98b69f5","2b26acf3-91a4-42be-8f20-913b6f920c3a","Position","95fdb23d407344a6ad5bc3ae71f479b9","0","4/11/2020 08:36:10","03d159a3-0f88-424c-a24f-02f63855fe4f"
"a712d95c6a30478d8a2acf592810a84a","69e88d0c-2bf0-45de-bfb9-7e023a78bb21","Role","6c3f9f53e1824ed597d4a6349fadd869","19","4/11/2020 08:53:22","03d159a3-0f88-424c-a24f-02f63855fe4f"
"a84c2d7d4f254c8186103d253e19b841","cf6da493-a851-43b5-8cba-f102199a67b2","Role","6c3f9f53e1824ed597d4a6349fadd869","190","4/11/2020 08:53:22","03d159a3-0f88-424c-a24f-02f63855fe4f"
"a9a68ac4723a4f9ca353f46dbb96a020","1d230af0-7054-43e0-bcd0-60144d3ed1d1","Role","5c947606e3a449cb8670e053e5a22bd0","0","4/11/2020 07:14:17","03d159a3-0f88-424c-a24f-02f63855fe4f"
"a9e4e2a1f2a74898b43e84dccb18dbce","67e573e0-bb73-49e0-823b-d8297b0da3f8","Role","fb62224ec67745aa87e56437ce5c92c6","9","10/11/2020 01:29:46","048657c1-ecb1-4e5d-aced-6126ceae779e"
"aa160c2db1ae48d69cc16c39e4fb9deb","f6d22cb4-9898-4585-8923-308ca25795ab","Role","6c3f9f53e1824ed597d4a6349fadd869","68","4/11/2020 08:53:22","03d159a3-0f88-424c-a24f-02f63855fe4f"
"aa99d20abb444579bdf2738433cd3e4a","f96d5799-c894-4f00-81dc-4caa97e294e4","Role","6c3f9f53e1824ed597d4a6349fadd869","48","4/11/2020 08:53:22","03d159a3-0f88-424c-a24f-02f63855fe4f"
"ab6b3dba88ee4b6cb2e02862b997287f","c9c08bf3-3d48-4e81-9dba-2a39b675b18e","Position","61BC1ADC-9F6A-453E-80E7-33BC70916DFC","1","4/11/2020 07:37:39","03d159a3-0f88-424c-a24f-02f63855fe4f"
"ab96234f5e0b4472920531e5fa51889f","eb9ce0b0-5249-4f13-943e-46cc676aa56b","Role","fb62224ec67745aa87e56437ce5c92c6","20","10/11/2020 01:29:46","048657c1-ecb1-4e5d-aced-6126ceae779e"
"ac1dfe71b70e4218b7c80b82ebebecf2","2684aacd-fb1b-4270-828c-b04c1ad6c151","Role","6c3f9f53e1824ed597d4a6349fadd869","72","4/11/2020 08:53:22","03d159a3-0f88-424c-a24f-02f63855fe4f"
"acdfb36c2a504ffdb0a97bfd77e36cc0","6b97f5b0-06ba-4f9d-a93d-876abbaaa767","Role","d2b2418a2f664c61abf0053ff5d57783","0","4/11/2020 08:33:45","03d159a3-0f88-424c-a24f-02f63855fe4f"
"adb9b70fc79d467aa95673f16e59f45a","d2399b41-d62d-4c59-a580-180f25ce24ba","Role","6c3f9f53e1824ed597d4a6349fadd869","117","4/11/2020 08:53:22","03d159a3-0f88-424c-a24f-02f63855fe4f"
"af6e77c91d2045839bc5fcfba537966d","76d79393-c956-4e43-bb9f-e39d3d560e37","Role","6c3f9f53e1824ed597d4a6349fadd869","105","4/11/2020 08:53:22","03d159a3-0f88-424c-a24f-02f63855fe4f"
"b02528934b34434bbfa294891cdfecdd","admin","Role","9126c0cbbb954b84a856cc6f97617925",,"22/1/2021 02:55:31","admin"
"b027bc3bc0a847d0a6fd81dab01c8388","22736bf4-f2d5-4081-9fb4-ca43d6235f56","Role","6c3f9f53e1824ed597d4a6349fadd869","6","4/11/2020 08:53:22","03d159a3-0f88-424c-a24f-02f63855fe4f"
"b1d34ea11252448b8eac211ef7154f07","7458c6aa-b9c4-4c33-abee-beb8d68c9c44","Role","6c3f9f53e1824ed597d4a6349fadd869","140","4/11/2020 08:53:22","03d159a3-0f88-424c-a24f-02f63855fe4f"
"b22700b7e96747e8871fed665588eb5d","7f37d379-cef8-48d8-bd24-011fb170d9db","Role","6c3f9f53e1824ed597d4a6349fadd869","141","4/11/2020 08:53:22","03d159a3-0f88-424c-a24f-02f63855fe4f"
"b25b9114518949a1bc149f96291eb313","507b3a8d-4908-4eef-a7fc-9d5603663996","Role","6c3f9f53e1824ed597d4a6349fadd869","183","4/11/2020 08:53:22","03d159a3-0f88-424c-a24f-02f63855fe4f"
"b27e20768ef64b7fb366fe47d9fbca7d","180bd170-36eb-4743-a07e-8e0cafab2f8a","Role","6c3f9f53e1824ed597d4a6349fadd869","49","4/11/2020 08:53:22","03d159a3-0f88-424c-a24f-02f63855fe4f"
"b28fef386a704781a30edcd2aff061de","1d230af0-7054-43e0-bcd0-60144d3ed1d1","Role","6c3f9f53e1824ed597d4a6349fadd869","95","4/11/2020 08:53:22","03d159a3-0f88-424c-a24f-02f63855fe4f"
"b3a85a5b061b44a483e5d58eb98ff826","b0afc597-c533-4b21-950a-7f33081b3413","Role","6c3f9f53e1824ed597d4a6349fadd869","32","4/11/2020 08:53:22","03d159a3-0f88-424c-a24f-02f63855fe4f"
"b6217cafa5524bc5954bea915906a7cd","c9d915f5-1f32-49fe-a8b8-54d5069dbe32","Role","6c3f9f53e1824ed597d4a6349fadd869","149","4/11/2020 08:53:22","03d159a3-0f88-424c-a24f-02f63855fe4f"
"b6cb6d0f404e4d3a8df2c4179d395210","5903e7f2-eea9-4097-bbeb-dd0199b16643","Role","6c3f9f53e1824ed597d4a6349fadd869","53","4/11/2020 08:53:22","03d159a3-0f88-424c-a24f-02f63855fe4f"
"b7226158e484417d9515a56a98f12a68","cf6da493-a851-43b5-8cba-f102199a67b2","Position","0313A8D3-B169-456D-86BD-6CE6C57BF307","0","4/11/2020 08:38:45","03d159a3-0f88-424c-a24f-02f63855fe4f"
"b7bd51e9a4dc4e0782040f6d32034853","ec63d618f8b643428b27f18336f73f4b","Role","d2b2418a2f664c61abf0053ff5d57783","0","4/11/2020 08:34:18","03d159a3-0f88-424c-a24f-02f63855fe4f"
"b7c8ed11dd4b43628ab6132dcf6cc6b2","9410f640-de99-49a0-911e-bee508b47cc5","Position","28F5EA7D-455A-4BFE-BFCE-9E6B20CE5276","0","4/11/2020 08:37:53","03d159a3-0f88-424c-a24f-02f63855fe4f"
"b7f2c78b74bd4ab29f3f890ecdbfa86d","9a2b0ad2-ddab-4150-acce-6457ee4a0ae1","Role","6c3f9f53e1824ed597d4a6349fadd869","83","4/11/2020 08:53:22","03d159a3-0f88-424c-a24f-02f63855fe4f"
"b8953b85ee1440c693160536281c9e6f","0a72e7d8-b519-435b-9c43-6796a31c72ec","Role","9126c0cbbb954b84a856cc6f97617925",,"22/1/2021 08:47:41","0a72e7d8-b519-435b-9c43-6796a31c72ec"
"b8b883f7fcea461c81c8fc55c2ba442f","0c1d9463-221f-49ba-8e38-28c1f1df0c4b","Role","6c3f9f53e1824ed597d4a6349fadd869","2","4/11/2020 08:53:22","03d159a3-0f88-424c-a24f-02f63855fe4f"
"bb212eaf49414ff99d9715c4c0c48b30","58a03500-8442-464b-b62c-698d782740bd","Role","6c3f9f53e1824ed597d4a6349fadd869","184","4/11/2020 08:53:22","03d159a3-0f88-424c-a24f-02f63855fe4f"
"bbdd523b0cae44b18a34c6231c320a34","85daaadc-4771-4205-8dd8-4448000175ba","Role","6c3f9f53e1824ed597d4a6349fadd869","164","4/11/2020 08:53:22","03d159a3-0f88-424c-a24f-02f63855fe4f"
"bbec4d379d274e338b654997f8bad587","9624fa22-ac3a-4184-af0b-b2c720df9d60","Position","6D4BC762-1F21-4697-95F6-D5B4D11C3E40","0","21/1/2021 00:47:05","admin"
"bc168ce42d964a2b9812da3705d62ded","6dfce73b-1df6-411c-a7e3-b40f94b4c69b","Role","6c3f9f53e1824ed597d4a6349fadd869","161","4/11/2020 08:53:22","03d159a3-0f88-424c-a24f-02f63855fe4f"
"be0fcdab936f4755824fbc3624cc407b","e9044737-df3b-467f-883a-573ecafe388c","Role","6c3f9f53e1824ed597d4a6349fadd869","93","4/11/2020 08:53:22","03d159a3-0f88-424c-a24f-02f63855fe4f"
"bebc342af3f448cfb6f15b747c68439e","507b3a8d-4908-4eef-a7fc-9d5603663996","Position","0DAA3822-BDEF-4E6A-A002-FBC9860FB956","0","4/11/2020 08:36:53","03d159a3-0f88-424c-a24f-02f63855fe4f"
"bf6b7a03880548a0ae84141644f4398c","919ec906-2e97-4ba3-9197-2d3cdcde8a84","Role","6c3f9f53e1824ed597d4a6349fadd869","143","4/11/2020 08:53:22","03d159a3-0f88-424c-a24f-02f63855fe4f"
"bfb19a6d2ff0442996e7068b0a87d8fa","78d4d18e-a614-4688-9e3c-2920377deea7","Role","6c3f9f53e1824ed597d4a6349fadd869","106","4/11/2020 08:53:22","03d159a3-0f88-424c-a24f-02f63855fe4f"
"c006c26b04a046529e453096f34731d9","0fb772a4-9229-417d-bd25-f112ab12b754","Role","fb62224ec67745aa87e56437ce5c92c6","1","10/11/2020 01:29:46","048657c1-ecb1-4e5d-aced-6126ceae779e"
"c15618299db84b0185b8d21d5ea6db04","e0d9ff45-4b86-4139-a8a4-548e01d34996","Role","6c3f9f53e1824ed597d4a6349fadd869","40","4/11/2020 08:53:22","03d159a3-0f88-424c-a24f-02f63855fe4f"
"c1d05347a6104512a4451d1cc57a4280","eb3ea438-2f7e-47d9-81a9-30e73ff3b909","Role","6c3f9f53e1824ed597d4a6349fadd869","44","4/11/2020 08:53:22","03d159a3-0f88-424c-a24f-02f63855fe4f"
"c2e267c7cf174c65b29f81a3eade8bff","d1d65126-26f1-443b-b601-5e9a1a9a7465","Role","6c3f9f53e1824ed597d4a6349fadd869","91","4/11/2020 08:53:22","03d159a3-0f88-424c-a24f-02f63855fe4f"
"c6f4943f28264d52b5c24ed6cf4b8bc3","5eff22f2-8b83-45bc-ac7c-6ee558cc9b33","Role","6c3f9f53e1824ed597d4a6349fadd869","80","4/11/2020 08:53:22","03d159a3-0f88-424c-a24f-02f63855fe4f"
"c73bd8e8504f4e4892318476621ad2ce","46578131-2a3d-440f-844e-32b4936d7a54","Role","6c3f9f53e1824ed597d4a6349fadd869","136","4/11/2020 08:53:22","03d159a3-0f88-424c-a24f-02f63855fe4f"
"c8cdfda3a7654f169efaf5e744ab2406","6c2a7ba4-40cf-4c9a-94ed-751397668dc8","Role","fb62224ec67745aa87e56437ce5c92c6","10","10/11/2020 01:29:46","048657c1-ecb1-4e5d-aced-6126ceae779e"
"c8f6f54a95544d4f878bdb714afeb3ed","999fd6de-d351-4ee6-8c98-ddfc4a04f8ec","Role","fb62224ec67745aa87e56437ce5c92c6","15","10/11/2020 01:29:46","048657c1-ecb1-4e5d-aced-6126ceae779e"
"c9251870d3724cda9d257c901a7b7914","8c410beb-f10d-4dd6-941f-1f9c63962c28","Role","6c3f9f53e1824ed597d4a6349fadd869","24","4/11/2020 08:53:22","03d159a3-0f88-424c-a24f-02f63855fe4f"
"c941021f1d2342569b7ffc5dee2bb135","bb960686-e852-49d2-9829-8814fa5b7bd8","Role","6c3f9f53e1824ed597d4a6349fadd869","60","4/11/2020 08:53:22","03d159a3-0f88-424c-a24f-02f63855fe4f"
"c9782162475448f9b513d9e1eaf4dccb","cc330bfc-4230-40a3-a7c7-3964860b3135","Position","61BC1ADC-9F6A-453E-80E7-33BC70916DFC","2","4/11/2020 07:37:39","03d159a3-0f88-424c-a24f-02f63855fe4f"
"ca531eb0c474471ea0215ba0cc8900e4","admin","Role","7195905c25cb42db9f4f419c36b2ff77",,"22/1/2021 02:55:31","admin"
"ca79587325294e2a84fbfd213aeaac24","ce4ddce8-2478-4c17-bb4c-058ae5eff779","Role","6c3f9f53e1824ed597d4a6349fadd869","90","4/11/2020 08:53:22","03d159a3-0f88-424c-a24f-02f63855fe4f"
"cacfa7c30f4a4168b746f4bec0fd746a","3074194b-1d4d-432a-b2a8-1e07fa88d644","Role","6c3f9f53e1824ed597d4a6349fadd869","51","4/11/2020 08:53:22","03d159a3-0f88-424c-a24f-02f63855fe4f"
"cc2c20aa10654ef58533354e52262b38","e1f004e5-30dd-4bc9-90af-ee1c60fa52dd","Role","6c3f9f53e1824ed597d4a6349fadd869","92","4/11/2020 08:53:22","03d159a3-0f88-424c-a24f-02f63855fe4f"
"ce718776f6a845b2aab52cd24fcb8be8","0a72e7d8-b519-435b-9c43-6796a31c72ec","Position","59e84df36abe4c6f873d74392c2eea11","0","19/3/2021 02:18:25","048657c1-ecb1-4e5d-aced-6126ceae779e"
"cf20e5eb268d4833aaa402580a8cbc55","d32f0d89-2528-4f3c-a83d-00c2de60ce24","Role","6c3f9f53e1824ed597d4a6349fadd869","152","4/11/2020 08:53:22","03d159a3-0f88-424c-a24f-02f63855fe4f"
"d063378ba6034e11a57a525653636d69","78771034-0c3b-4152-ab04-d4dbe3476ff4","Role","6c3f9f53e1824ed597d4a6349fadd869","56","4/11/2020 08:53:22","03d159a3-0f88-424c-a24f-02f63855fe4f"
"d16729bb35fb4d38bba4bbdebae3c9bc","65ca58f2-ee3a-478f-9343-da4a932ee143","Role","6c3f9f53e1824ed597d4a6349fadd869","18","4/11/2020 08:53:22","03d159a3-0f88-424c-a24f-02f63855fe4f"
"d298a7b1b79a40a5981ed084c2a8b5ee","58a03500-8442-464b-b62c-698d782740bd","Position","C8E3B718-2802-443D-BC75-1B1FD26E535A","0","4/11/2020 08:37:10","03d159a3-0f88-424c-a24f-02f63855fe4f"
"d2b9ce970cbd4890aec3c956724a0d9e","a089f1a5-36a3-4b96-be9d-19e67dd8b2dc","Role","6c3f9f53e1824ed597d4a6349fadd869","145","4/11/2020 08:53:22","03d159a3-0f88-424c-a24f-02f63855fe4f"
"d34550bd355b4eb585dff3e4bab3a1fd","be8c3fc1-db7e-4f01-9e15-c1700b1973ce","Position","41B69FE4-ED4D-4AB1-A65F-AA3970E6FB6A","0","4/11/2020 07:35:12","03d159a3-0f88-424c-a24f-02f63855fe4f"
"d3979c658d1347e0b39d631d10438b14","99e7703f-f0e0-48ab-8d6d-821a4da6e8bc","Position","39931250-A884-44FB-8C70-71B615B44C68","1","4/11/2020 07:36:48","03d159a3-0f88-424c-a24f-02f63855fe4f"
"d4c1e7e9e3b6403dbd9f6b589741eafb","e8483211-1bf9-42d5-8c94-770f6cc99fa1","Role","94e3a9bb0fce4547886972998fddba1c","0","23/3/2021 07:48:51","admin"
"d712c168976a4410bfbce37c6f5b1186","bea87441-e8c1-4f27-ba55-03ce379402be","Role","6c3f9f53e1824ed597d4a6349fadd869","62","4/11/2020 08:53:22","03d159a3-0f88-424c-a24f-02f63855fe4f"
"d843a9800432429385f070e6a7695fac","abc9c0da-1c95-452d-b80f-44e35129b56b","Role","6c3f9f53e1824ed597d4a6349fadd869","58","4/11/2020 08:53:22","03d159a3-0f88-424c-a24f-02f63855fe4f"
"d854af1b0c3746c091b7827b42741d1c","9624fa22-ac3a-4184-af0b-b2c720df9d60","Role","d2b2418a2f664c61abf0053ff5d57783","0","21/1/2021 00:47:05","admin"
"d8631dcdf33f46229446ac9678c256bc","1adea3ff-8a25-420b-a628-c5cb78fd51c0","Position","1CC12935-E0B9-48AD-B47C-8989DE59D5DE","0","4/11/2020 03:57:35","03d159a3-0f88-424c-a24f-02f63855fe4f"
"d885d46f82ce438786036dd72821c7df","f85f7167-1752-40a9-b25e-eb0e31611524","Role","6c3f9f53e1824ed597d4a6349fadd869","69","4/11/2020 08:53:22","03d159a3-0f88-424c-a24f-02f63855fe4f"
"d9cdd05640784f9781676084234cdf66","2b26acf3-91a4-42be-8f20-913b6f920c3a","Role","6c3f9f53e1824ed597d4a6349fadd869","177","4/11/2020 08:53:22","03d159a3-0f88-424c-a24f-02f63855fe4f"
"d9f47eebd9dd432da48756337659af4e","1b6cbbfd-73ef-4c08-b6ed-fa0679f1a657","Role","6c3f9f53e1824ed597d4a6349fadd869","127","4/11/2020 08:53:22","03d159a3-0f88-424c-a24f-02f63855fe4f"
"da4a4c2ffcb8419aa4cfe3519c52c477","381c8b41-a56e-440d-89ad-1cb2fa489038","Role","fb62224ec67745aa87e56437ce5c92c6","2","10/11/2020 01:29:46","048657c1-ecb1-4e5d-aced-6126ceae779e"
"dadb713fd7b1472ebb494e317ec9f31a","0a72e7d8-b519-435b-9c43-6796a31c72ec","Position","48DD6017-EE58-4929-AA07-2592B47E3CF5",,"22/1/2021 08:47:41","0a72e7d8-b519-435b-9c43-6796a31c72ec"
"db5cbf259a0b459ebcc236b7bbc64d40","249cf67d-fd9d-42da-8c2f-0481a7113446","Role","94e3a9bb0fce4547886972998fddba1c","1","4/11/2020 08:33:03","03d159a3-0f88-424c-a24f-02f63855fe4f"
"dcfa3e5e37564b1aa85a4a255e81f488","02ed7f16-1337-454d-ac47-3250551a1588","Role","6c3f9f53e1824ed597d4a6349fadd869","0","4/11/2020 08:53:22","03d159a3-0f88-424c-a24f-02f63855fe4f"
"ddb99773d50c4746b4ef4340100d09e1","3c490c47-d442-4ee3-9a51-de5c00b9f8f8","Role","6c3f9f53e1824ed597d4a6349fadd869","74","4/11/2020 08:53:22","03d159a3-0f88-424c-a24f-02f63855fe4f"
"ddeb6894762d4c8fa148346e020f212f","fa0719d2-4a8b-4bac-ba2b-b65fbc286c1b","Role",,"0","27/10/2017 16:16:23","admin"
"dee80067d0e24e2daec6eac9d6c908a2","3fe0a114-9ac2-426d-916b-b769b0f4d198","Position","5D972528-3525-4234-858C-D8C3383DFFB8","0","4/11/2020 08:35:40","03d159a3-0f88-424c-a24f-02f63855fe4f"
"df8937674cc44201aa49897eed01972a","00b0d34d-a5d6-43f7-a7d4-c8d5fbca8f8f","Role","94e3a9bb0fce4547886972998fddba1c","0","4/11/2020 08:56:00","03d159a3-0f88-424c-a24f-02f63855fe4f"
"dfefb4a168be4a4bb55b4f91eb9525d1","969b6be5-c9c2-432b-b952-7953c93577b7","Role","6c3f9f53e1824ed597d4a6349fadd869","27","4/11/2020 08:53:22","03d159a3-0f88-424c-a24f-02f63855fe4f"
"e1dff66b754440cc8949584a273d2dad","admin","Role","7195905c25cb42db9f4f419c36b2ff77",,"22/1/2021 02:55:31","admin"
"e246bec9a2304fd18e7646e9f64c3aa6","918171ec-4141-44ec-82c5-6bd4c4e0d424","Role","6c3f9f53e1824ed597d4a6349fadd869","186","4/11/2020 08:53:22","03d159a3-0f88-424c-a24f-02f63855fe4f"
"e24cd08a51aa415ba2a4eae57cdf141e","d3ef19ef-ba3d-4241-8a7b-6a6862ceb488","Role","6c3f9f53e1824ed597d4a6349fadd869","171","4/11/2020 08:53:22","03d159a3-0f88-424c-a24f-02f63855fe4f"
"e57b39827c074ccfa57732c0fda26cb8","c341b3b9-3741-4a6d-accd-3471763053fc","Role","6c3f9f53e1824ed597d4a6349fadd869","114","4/11/2020 08:53:22","03d159a3-0f88-424c-a24f-02f63855fe4f"
"e6698972676c4f8aa910af78891eaf94","25e10fa4-7c68-4bc4-b751-92fa54f24c5b","Role","6c3f9f53e1824ed597d4a6349fadd869","7","4/11/2020 08:53:22","03d159a3-0f88-424c-a24f-02f63855fe4f"
"e703a13da9ea4b69a1012d4449a7c31d","7e2d74f1-277a-4a51-9311-8d02d579f251","Role","94e3a9bb0fce4547886972998fddba1c","0","12/11/2020 07:01:17","admin"
"e7466459961c405db9c122b1e7de8245","b31bd6de-3166-49b9-a645-11748fcca63b","Role","6c3f9f53e1824ed597d4a6349fadd869","59","4/11/2020 08:53:22","03d159a3-0f88-424c-a24f-02f63855fe4f"
"e8cd88b64b62463ab037ddd5c3088f95","e4582489-a568-4527-b31d-7b011c089340","Role","6c3f9f53e1824ed597d4a6349fadd869","43","4/11/2020 08:53:22","03d159a3-0f88-424c-a24f-02f63855fe4f"
"e8dcbaf8b982494cb4e2bd1835994e6c","f6d22cb4-9898-4585-8923-308ca25795ab","Position","26368E13-1ACB-46A5-B09C-6B9968D6D123","0","4/11/2020 07:33:32","03d159a3-0f88-424c-a24f-02f63855fe4f"
"e8ef4a252645420da9717b0643af76a5","3da3017f-46a9-4bdc-ab00-8b155735679c","Position","6DAF930E-DAA4-4996-A4AB-DEBD879004B3","0","4/11/2020 07:14:57","03d159a3-0f88-424c-a24f-02f63855fe4f"
"eacbd85ab97f4991b6fe2bbf4a19785f","01936875-21d8-4af2-8066-3d8618f40dec","Role","6c3f9f53e1824ed597d4a6349fadd869","0","21/1/2021 00:46:31","admin"
"ec429fe2783443d3a6aa2b30774da8ba","2049f1bf-bd8d-43ca-bb3c-2d2833a16535","Position","59e84df36abe4c6f873d74392c2eea11","1","19/3/2021 02:18:25","048657c1-ecb1-4e5d-aced-6126ceae779e"
"ec836d48dab9467d966644d398c84e3e","b104b8fc-49e4-45d2-ac76-8b33f6475822","Role","fb62224ec67745aa87e56437ce5c92c6","16","10/11/2020 01:29:46","048657c1-ecb1-4e5d-aced-6126ceae779e"
"ec8a1a15e2fe4e0fa9c588d10d541ec3","4c33d1a2-759d-4b6a-8a37-b5e7249fce24","Role","6c3f9f53e1824ed597d4a6349fadd869","15","4/11/2020 08:53:22","03d159a3-0f88-424c-a24f-02f63855fe4f"
"ed4bd3a67da841fcae478695cb4809e7","b76e45d8-3001-47ae-8929-4d15bf8e38e9","Role","6c3f9f53e1824ed597d4a6349fadd869","86","4/11/2020 08:53:22","03d159a3-0f88-424c-a24f-02f63855fe4f"
"edaa714c3c5241b5b0d5a2c1850296e2","5a4fba6c-0304-471c-883d-af04bc922b31","Role","fb62224ec67745aa87e56437ce5c92c6","8","10/11/2020 01:29:46","048657c1-ecb1-4e5d-aced-6126ceae779e"
"f017655c27634d828f78ba25a7f8fc1d","401d7dee-10be-479c-ace5-f6571514e12e","Position","0DFDF799-17F5-4A36-BDDA-2A79E8E5494F","0","4/11/2020 08:35:27","03d159a3-0f88-424c-a24f-02f63855fe4f"
"f06c7b739977435b8c2276440f075d79","671265a7-eecf-4728-af5f-d2ab65eca941","Role","6c3f9f53e1824ed597d4a6349fadd869","81","4/11/2020 08:53:22","03d159a3-0f88-424c-a24f-02f63855fe4f"
"f14f1eb8319740e3a8ee582f6a61bab4","14b70f63-215e-4b66-85fd-c74c485a052f","Role","6c3f9f53e1824ed597d4a6349fadd869","126","4/11/2020 08:53:22","03d159a3-0f88-424c-a24f-02f63855fe4f"
"f2f4a88aaa9a4060b94de8dd959576a5","1adea3ff-8a25-420b-a628-c5cb78fd51c0","Role","6c3f9f53e1824ed597d4a6349fadd869","4","4/11/2020 08:53:22","03d159a3-0f88-424c-a24f-02f63855fe4f"
"f3c970483f234106b44d89a96a3a4cee","e613fd25-7860-4bff-b3ba-c5968fd484e0","Role","6c3f9f53e1824ed597d4a6349fadd869","122","4/11/2020 08:53:22","03d159a3-0f88-424c-a24f-02f63855fe4f"
"f40048bf5fc248d080df64a86f23f312","37cbf6b8-b4d6-4065-aa76-a89c85c55109","Role","6c3f9f53e1824ed597d4a6349fadd869","73","4/11/2020 08:53:22","03d159a3-0f88-424c-a24f-02f63855fe4f"
"f493b205dfa5463294f96bd164a3b7d1","49af8696-1fcd-4ec1-aaeb-e64367c4fec8","Role","6c3f9f53e1824ed597d4a6349fadd869","75","4/11/2020 08:53:22","03d159a3-0f88-424c-a24f-02f63855fe4f"
"f51958bed8e44130a4c8a91e32a5de10","75b1d3f0-737e-46f6-afb1-c096c230de49","Role","6c3f9f53e1824ed597d4a6349fadd869","20","4/11/2020 08:53:22","03d159a3-0f88-424c-a24f-02f63855fe4f"
"f52c71edd7a3461b89468d92f831bc6b","9cb7e0af-3e85-469f-8b26-afc2f9a53836","Role","6c3f9f53e1824ed597d4a6349fadd869","144","4/11/2020 08:53:22","03d159a3-0f88-424c-a24f-02f63855fe4f"
"f78855342f994770b87abb9da08e8d3a","6f714e08-51c2-4c1b-a6b9-c984471a38b6","Role","6c3f9f53e1824ed597d4a6349fadd869","54","4/11/2020 08:53:22","03d159a3-0f88-424c-a24f-02f63855fe4f"
"f90aad323ef24445af4f1926bc53ce61","bae583b0-a120-4a4d-9892-287a0ef0210b","Role","6c3f9f53e1824ed597d4a6349fadd869","35","4/11/2020 08:53:22","03d159a3-0f88-424c-a24f-02f63855fe4f"
"f90c2ccef352458ea07d18f9fb0d1b39","6b97f5b0-06ba-4f9d-a93d-876abbaaa767","Position","B650DD80-8C7C-4AFA-AF1C-B9C92CC5CFAC","0","4/11/2020 08:33:45","03d159a3-0f88-424c-a24f-02f63855fe4f"
"f97a1432517645758935c23418c51586","eac69184-0e40-421b-afde-6a2955c50b86","Role","6c3f9f53e1824ed597d4a6349fadd869","123","4/11/2020 08:53:22","03d159a3-0f88-424c-a24f-02f63855fe4f"
"fb560700781645c18c6873aed074ee88","43a38a12-a051-4006-be67-9547ee10eabc","Position","41F7074A-2B17-4F65-B807-A772E7AF0784","0","4/11/2020 03:56:17","03d159a3-0f88-424c-a24f-02f63855fe4f"
"fbfbc3a5f9ba49e989152347e10a2a97","1a2b0254-8862-4525-ab4f-444df590b2b8","Role","94e3a9bb0fce4547886972998fddba1c","0","4/11/2020 08:34:36","03d159a3-0f88-424c-a24f-02f63855fe4f"
"fd654ec051544602902d74c75f8e5117","9a3e135e-c91f-4520-aeb9-ad220a88c7c9","Role","6c3f9f53e1824ed597d4a6349fadd869","165","4/11/2020 08:53:22","03d159a3-0f88-424c-a24f-02f63855fe4f"
"ff29212c453942919fcd0504dd37847d","4262c88c-3c97-4f41-a88a-8bf7eebf8850","Role","6c3f9f53e1824ed597d4a6349fadd869","52","4/11/2020 08:53:22","03d159a3-0f88-424c-a24f-02f63855fe4f"
"ff8bc8e8b0f142aa9de044565729f752","964b44e3-b813-432a-8d05-cf6c36056b0d","Role","6c3f9f53e1824ed597d4a6349fadd869","26","4/11/2020 08:53:22","03d159a3-0f88-424c-a24f-02f63855fe4f"
