"F_Id","F_SendUserId","F_SendTime","F_ReceiveUserId","F_ReceiveTime","F_Content","F_ContentType","F_State"
"00104cdb0609475f8b6ab8a86ae8730e","03d159a3-0f88-424c-a24f-02f63855fe4f","5/11/2020 10:21:47","admin","6/11/2020 11:18:58","好的","text","1"
"00d2971a0c624cc0af5d75c74d4fa8b4","03d159a3-0f88-424c-a24f-02f63855fe4f","6/11/2020 02:38:43","9624fa22-ac3a-4184-af0b-b2c720df9d60","6/11/2020 10:38:53","[奇]","text","1"
"00eff61aaab4487190ba1f94eb6ac214","03d159a3-0f88-424c-a24f-02f63855fe4f","20/1/2021 11:32:38","admin","20/1/2021 12:13:36","[汗]","text","1"
"017efb290232415f9058325c0ee89a52","bd2e16c2680e410bb735a85027575e4f","7/9/2020 09:01:02","03d159a3-0f88-424c-a24f-02f63855fe4f","7/9/2020 17:01:11","是否诉讼费第三方士大夫","text","1"
"031d00b336fd48a0984e4ef9401f5da4","3074194b-1d4d-432a-b2a8-1e07fa88d644","19/1/2021 06:42:36","42b5fa61-f20d-4cdb-815c-077f9d6d51f7","19/1/2021 06:43:10","22","text","1"
"044a54dc85174e008aa00cd359e85734","1a2b0254-8862-4525-ab4f-444df590b2b8","9/9/2020 02:03:53","admin","9/9/2020 10:04:13","你看下还有没有问题","text","1"
"04ecede7b1d047ccaaa0eed7dc03a665","1a2b0254-8862-4525-ab4f-444df590b2b8","9/9/2020 02:01:10","01936875-21d8-4af2-8066-3d8618f40dec","16/9/2020 17:13:50","3","text","1"
"05125f5049fa4548a8e04d8c1300c566","1a2b0254-8862-4525-ab4f-444df590b2b8","9/9/2020 02:03:54","admin","9/9/2020 10:04:13","你看下还有没有问题","text","1"
"06718144432541c7baec3d46a52eaf50","1a2b0254-8862-4525-ab4f-444df590b2b8","9/9/2020 02:06:23","admin","9/9/2020 10:06:23","现在发布出去；额","text","1"
"06fb4fa64e064b9296973f724f576b3e","9624fa22-ac3a-4184-af0b-b2c720df9d60","6/11/2020 02:39:04","03d159a3-0f88-424c-a24f-02f63855fe4f","6/11/2020 11:00:15","网上","text","1"
"07728fb3b81a4fe198d6cf86d378cda0","03d159a3-0f88-424c-a24f-02f63855fe4f","11/9/2020 03:28:46","03d159a3-0f88-424c-a24f-02f63855fe4f","11/9/2020 11:28:45","22","text","1"
"0855f73153af4efd9455b09776433fd1","2049f1bf-bd8d-43ca-bb3c-2d2833a16535","22/9/2020 02:42:15","05fdd3185e624d0d84f048186344d899",,"[乱]","text","0"
"0a474688252a4230bfa5858f09481d8b","7e2d74f1-277a-4a51-9311-8d02d579f251","11/9/2020 09:26:33","admin","11/9/2020 17:28:33","速度闪躲","text","1"
"0a47bb4451f346cd96dc45670a0cedd4","admin","9/9/2020 02:04:51","1a2b0254-8862-4525-ab4f-444df590b2b8","9/9/2020 11:16:27","有时候正常，有时候不正常，就是不稳定","text","1"
"0a4b0eb06fe545a2b628d3593841a634","admin","12/9/2020 06:21:20","03d159a3-0f88-424c-a24f-02f63855fe4f","14/9/2020 09:32:15","[哭]","text","1"
"0a6dfc1c15684180b83ce3ae667a182c","bd2e16c2680e410bb735a85027575e4f","7/9/2020 06:33:08","2049f1bf-bd8d-43ca-bb3c-2d2833a16535","7/9/2020 14:33:22","2222","text","1"
"0b19cfd1be0c4e178b62ee399d1a530e","2049f1bf-bd8d-43ca-bb3c-2d2833a16535","7/9/2020 06:44:39","admin","7/9/2020 14:45:27","[闭眼]","text","1"
"0cb776b40e204c5dad06a6bb6802917a","bd2e16c2680e410bb735a85027575e4f","7/9/2020 09:00:54","03d159a3-0f88-424c-a24f-02f63855fe4f","7/9/2020 17:01:11","胜多负少","text","1"
"0d3ccee779b44777b5650903bcb37e11","bd2e16c2680e410bb735a85027575e4f","7/9/2020 08:57:38","03d159a3-0f88-424c-a24f-02f63855fe4f","7/9/2020 16:57:47","方式","text","1"
"0d63f0de58cf4d1bb35a5e8cc577a64e","admin","14/1/2021 08:37:37","03d159a3-0f88-424c-a24f-02f63855fe4f","14/1/2021 08:38:21","大幅度","text","1"
"0d8d042fa2ea4c75aa2471372e07a73d","admin","11/9/2020 09:29:02","7e2d74f1-277a-4a51-9311-8d02d579f251","11/9/2020 17:29:02","[哭]","text","1"
"0e2864256cd8456dacf832ba33f4a5a7","00d9428a-25f5-4ceb-ab9b-1a3c71989bb4","14/1/2021 08:18:11","admin","14/1/2021 08:51:34","10","text","1"
"0e8e7364ea28457f88a6d13dd1068643","admin","19/12/2020 08:40:51","00b0d34d-a5d6-43f7-a7d4-c8d5fbca8f8f",,"fghjkl;'","text","0"
"1034163fa8e2402abe71cde97d13dc90","1a2b0254-8862-4525-ab4f-444df590b2b8","9/9/2020 02:06:12","admin","9/9/2020 10:06:20","[乱]","text","1"
"10899be57a144c76888262d9cfdaa8e1","admin","20/1/2021 11:13:08","048657c1-ecb1-4e5d-aced-6126ceae779e","21/1/2021 08:22:20","阿道夫","text","1"
"110245258c2f405bbe726bb3c7607e5c","bd2e16c2680e410bb735a85027575e4f","7/9/2020 07:47:40","1a2b0254-8862-4525-ab4f-444df590b2b8","9/9/2020 10:01:51","是非得失","text","1"
"11843ca23d644df9838a7d1e0adad4c3","1a2b0254-8862-4525-ab4f-444df590b2b8","9/9/2020 02:01:32","admin","9/9/2020 10:03:13","12","text","1"
"11974e2e60354e65ab0b887576bbfe37","1a2b0254-8862-4525-ab4f-444df590b2b8","9/9/2020 02:01:09","01936875-21d8-4af2-8066-3d8618f40dec","16/9/2020 17:13:50","3","text","1"
"11f42a4c02744141867f4f0383aeec31","1a2b0254-8862-4525-ab4f-444df590b2b8","7/9/2020 03:40:57","bd2e16c2680e410bb735a85027575e4f","7/9/2020 11:46:56","121","text","1"
"12c12a7d888e4bf8a088bf0136e3fcdc","1a2b0254-8862-4525-ab4f-444df590b2b8","14/9/2020 09:56:12","03d159a3-0f88-424c-a24f-02f63855fe4f","18/9/2020 11:10:48","1","text","1"
"138c945ae23b4778967360811b706248","03d159a3-0f88-424c-a24f-02f63855fe4f","20/1/2021 06:41:00","admin","20/1/2021 07:00:15","ghb","text","1"
"15302fb82a7845c3bcc88831d9c86f28","7e2d74f1-277a-4a51-9311-8d02d579f251","14/9/2020 06:57:07","admin","14/9/2020 14:57:14","[哭]","text","1"
"153c55fe21dd443f8541303670d9782e","00d9428a-25f5-4ceb-ab9b-1a3c71989bb4","14/1/2021 08:18:21","admin","14/1/2021 08:51:34","2","text","1"
"1651f49e705d425396a56763e8479267","3074194b-1d4d-432a-b2a8-1e07fa88d644","19/1/2021 07:24:14","42b5fa61-f20d-4cdb-815c-077f9d6d51f7","19/1/2021 07:24:15","qqqqq","text","1"
"172482a9bc2c42eb9d038fcb45d5703f","1d230af0-7054-43e0-bcd0-60144d3ed1d1","29/9/2020 02:27:52","admin","29/9/2020 10:29:03","爽肤水","text","1"
"19b411a1c75847929ac6b04dedc10ea2","1a2b0254-8862-4525-ab4f-444df590b2b8","9/9/2020 02:08:01","admin","9/9/2020 10:08:00","2","text","1"
"19f7d9cd272b4d599b6b36ac8121de46","42b5fa61-f20d-4cdb-815c-077f9d6d51f7","19/1/2021 07:25:22","3074194b-1d4d-432a-b2a8-1e07fa88d644","19/1/2021 07:25:22","ggg","text","1"
"1a3e2ae04b7d4916a6ca5c29a212bca3","admin","20/1/2021 11:17:49","03d159a3-0f88-424c-a24f-02f63855fe4f","22/1/2021 02:26:22","5523","text","1"
"1b13fb76600e483e893a87764d50c31a","admin","9/9/2020 03:19:21","1a2b0254-8862-4525-ab4f-444df590b2b8","9/9/2020 11:23:40","你要用几个浏览器一起登陆","text","1"
"1b9a549fc8d54ffab387e9d7e908df46","1a2b0254-8862-4525-ab4f-444df590b2b8","9/9/2020 03:24:01","admin","9/9/2020 11:24:11","聊天的问题难搞","text","1"
"1c25e0cdc6eb45a1b4ca57492b7a7fbf","admin","12/1/2021 06:52:51","1b9ff1635e65494a9e67dff56c915552","12/1/2021 06:54:31","[吐]","text","1"
"1c590f0002ab4efc8e41b33c211f9d42","3074194b-1d4d-432a-b2a8-1e07fa88d644","19/1/2021 07:22:07","42b5fa61-f20d-4cdb-815c-077f9d6d51f7","19/1/2021 07:22:07","gfgdfgd","text","1"
"1dace4b86db343369d069b090dc91571","2049f1bf-bd8d-43ca-bb3c-2d2833a16535","7/9/2020 06:44:43","admin","7/9/2020 14:45:27","[礼物]","text","1"
"1dd4c66711b34055b224af3ba720d068","3074194b-1d4d-432a-b2a8-1e07fa88d644","19/1/2021 07:13:54","admin","19/1/2021 11:30:46","dfdf","text","1"
"1ec3432bc89a4134aadcbb8d5e7e3144","22736bf4-f2d5-4081-9fb4-ca43d6235f56","9/9/2020 03:11:09","1a2b0254-8862-4525-ab4f-444df590b2b8","9/9/2020 11:16:27","[微笑]","text","1"
"1f62563dd30b46179268c2556076ec0a","admin","16/9/2020 03:00:15","7e2d74f1-277a-4a51-9311-8d02d579f251","16/9/2020 11:00:20","聊天","text","1"
"1f77f52a65d84c008913f5f18d602eb8","03d159a3-0f88-424c-a24f-02f63855fe4f","6/11/2020 02:38:38","9624fa22-ac3a-4184-af0b-b2c720df9d60","6/11/2020 10:38:53","[笑]","text","1"
"1ffb79a7fafe43cf9afaad13d903ab0d","admin","14/1/2021 08:38:01","03d159a3-0f88-424c-a24f-02f63855fe4f","14/1/2021 08:38:21","舒服舒服","text","1"
"20b8e90b13ec4d4787afd28233b1340d","00d9428a-25f5-4ceb-ab9b-1a3c71989bb4","14/1/2021 08:18:33","admin","14/1/2021 08:51:34","787878","text","1"
"20f911bc70e64f1bb2cdd09f9ae8b6f5","admin","19/1/2021 02:26:33","048657c1-ecb1-4e5d-aced-6126ceae779e","21/1/2021 08:22:21","...","text","1"
"219f48c3b4b3483f92ff4ee2328dfb1e","474f8b7a-17ce-466e-8b14-4ce53d610d40","24/9/2020 09:10:12","3fe0a114-9ac2-426d-916b-b769b0f4d198","27/9/2020 11:27:58","消息是否能够收到","text","1"
"231f4d2312764bfd96b04df5910d0363","1a2b0254-8862-4525-ab4f-444df590b2b8","11/9/2020 01:48:30","6533faa7-dfc6-4c8b-9b87-ee53f86cf2db","30/9/2020 14:59:23","啊啊啊","text","1"
"2378e6419a2e49d79d88f8bf95e5ea5f","1a2b0254-8862-4525-ab4f-444df590b2b8","9/9/2020 02:03:00","00ca450b-141b-45d2-b6cb-94d818165543","23/9/2020 08:53:23","1","text","1"
"23b8369d157342e590f312f595cc1b9d","admin","22/1/2021 07:54:47","9624fa22-ac3a-4184-af0b-b2c720df9d60","23/1/2021 07:30:05","2","text","1"
"241320950b75421786e878881ca79c06","03d159a3-0f88-424c-a24f-02f63855fe4f","18/9/2020 03:11:36","admin","18/9/2020 11:11:36","[彩带]","text","1"
"24642bd663c744f4bbc8116e15d2d1e8","2049f1bf-bd8d-43ca-bb3c-2d2833a16535","22/9/2020 02:42:22","05fdd3185e624d0d84f048186344d899",,"搜索","text","0"
"2505a1926b95432892a71ff8ffd06635","03d159a3-0f88-424c-a24f-02f63855fe4f","11/9/2020 03:27:36","249cf67d-fd9d-42da-8c2f-0481a7113446","11/9/2020 11:27:36","33","text","1"
"2598607358724728a5d0f629891f75b3","03d159a3-0f88-424c-a24f-02f63855fe4f","7/9/2020 09:01:22","bd2e16c2680e410bb735a85027575e4f","7/9/2020 17:01:22","[惊恐][疑问][什么]","text","1"
"2739311326e1494187dc301308cbb720","048657c1-ecb1-4e5d-aced-6126ceae779e","19/1/2021 02:24:54","admin","19/1/2021 02:26:25","kkffg","text","1"
"27a06c80fa83428399924da9be1e209e","2049f1bf-bd8d-43ca-bb3c-2d2833a16535","22/9/2020 02:40:50","admin","22/9/2020 10:53:10","[汗]","text","1"
"280ce5cfe27740869c5411067f5b58ff","admin","20/1/2021 11:11:46","048657c1-ecb1-4e5d-aced-6126ceae779e","21/1/2021 08:22:21","[哀]","text","1"
"28a768ee105f4ea5b880d8fbcd94831f","03d159a3-0f88-424c-a24f-02f63855fe4f","9/9/2020 09:41:47","9624fa22-ac3a-4184-af0b-b2c720df9d60","9/9/2020 17:42:29","3","text","1"
"298bab6095624efe8aa885731f22e78f","00d9428a-25f5-4ceb-ab9b-1a3c71989bb4","14/1/2021 08:18:10","admin","14/1/2021 08:51:34","9","text","1"
"2a74c4fd011842189890b7fa055bcc0e","03d159a3-0f88-424c-a24f-02f63855fe4f","9/9/2020 09:41:53","249cf67d-fd9d-42da-8c2f-0481a7113446","9/9/2020 17:42:25","555","text","1"
"2a7dafc75870444a8eb4b0d33200f5b9","3074194b-1d4d-432a-b2a8-1e07fa88d644","21/1/2021 01:14:19","42b5fa61-f20d-4cdb-815c-077f9d6d51f7","21/1/2021 02:01:52","顶顶顶顶","text","1"
"2b566fe1bdf746408ff2a1707edd4a2e","03d159a3-0f88-424c-a24f-02f63855fe4f","20/1/2021 11:18:06","42b5fa61-f20d-4cdb-815c-077f9d6d51f7",,"[调皮]","text","0"
"2b8b77aa23df4ae2813f4db22f839675","1d230af0-7054-43e0-bcd0-60144d3ed1d1","29/9/2020 02:27:48","admin","29/9/2020 10:29:03","学","text","1"
"2bd67ac7163a49048f59401496ed465a","00d9428a-25f5-4ceb-ab9b-1a3c71989bb4","14/1/2021 08:18:16","admin","14/1/2021 08:51:34","22","text","1"
"2c6c2e2a1d804d009906f0b9b57580e8","9624fa22-ac3a-4184-af0b-b2c720df9d60","6/11/2020 02:39:07","03d159a3-0f88-424c-a24f-02f63855fe4f","6/11/2020 11:00:15","上班","text","1"
"2c9406053d67427ca59aca12ab183bbf","00d9428a-25f5-4ceb-ab9b-1a3c71989bb4","14/1/2021 08:18:22","admin","14/1/2021 08:51:34","2","text","1"
"2d1fcd38cbe1496b9b9482be442022b8","00d9428a-25f5-4ceb-ab9b-1a3c71989bb4","14/1/2021 08:18:20","admin","14/1/2021 08:51:35","2","text","1"
"2d278e226e78473da6ffb422b2011839","0db19241-2688-40e1-a873-4d30de4aea30","13/1/2021 02:40:12","0a85de84-4de0-4317-9767-25f95fdd9b1e","13/1/2021 02:40:14","大叔大婶大所","text","1"
"2e27a2406ecd440b92e58eafb9abfa86","00d9428a-25f5-4ceb-ab9b-1a3c71989bb4","14/1/2021 08:18:39","admin","14/1/2021 08:51:35","2112","text","1"
"2eaffa6ccabc40bcb19e4e2c10899a38","admin","20/1/2021 11:17:45","03d159a3-0f88-424c-a24f-02f63855fe4f","22/1/2021 02:26:22","2252","text","1"
"2edaacb9166f495ab2de3dc2b91af044","048657c1-ecb1-4e5d-aced-6126ceae779e","19/1/2021 02:25:52","admin","19/1/2021 02:26:25","记错","text","1"
"2f5a3cce5be9451c83b958a053a76094","admin","19/1/2021 02:28:33","1a2b0254-8862-4525-ab4f-444df590b2b8","19/1/2021 02:28:33","试试","text","1"
"2f91a42cfd3e4fd2b3224f3ed8ce660f","00d9428a-25f5-4ceb-ab9b-1a3c71989bb4","14/1/2021 08:18:22","admin","14/1/2021 08:51:35","2","text","1"
"2fca9c7752c64a6e9994c0f8cff9449d","bd2e16c2680e410bb735a85027575e4f","7/9/2020 09:00:35","03d159a3-0f88-424c-a24f-02f63855fe4f","7/9/2020 17:01:11","想[高兴][生日]","text","1"
"2fcecf19386d44528d9de261b133083b","03d159a3-0f88-424c-a24f-02f63855fe4f","7/9/2020 08:15:39","1d230af0-7054-43e0-bcd0-60144d3ed1d1","7/9/2020 16:16:19","dfd","text","1"
"30a6739b1a054e459dcb8f878fb373bf","42b5fa61-f20d-4cdb-815c-077f9d6d51f7","19/1/2021 07:20:57","3074194b-1d4d-432a-b2a8-1e07fa88d644","19/1/2021 07:23:53","qqq","text","1"
"310ebdd2ca7a4441a886df2a4bf397c2","1b9ff1635e65494a9e67dff56c915552","12/1/2021 06:52:29","admin","12/1/2021 06:52:29","额额特然","text","1"
"311b22f142814b5b99adbc54022310da","0a72e7d8-b519-435b-9c43-6796a31c72ec","23/9/2020 09:34:56","42b5fa61-f20d-4cdb-815c-077f9d6d51f7","19/1/2021 06:35:36","11","text","1"
"3154602fc510401885b5579314759e26","00d9428a-25f5-4ceb-ab9b-1a3c71989bb4","14/1/2021 08:18:18","admin","14/1/2021 08:51:35","2","text","1"
"321d44700f6048709b6165d9b9cc59e5","03d159a3-0f88-424c-a24f-02f63855fe4f","7/9/2020 09:01:40","1d230af0-7054-43e0-bcd0-60144d3ed1d1","29/9/2020 10:27:38","是非得失是否是","text","1"
"328bfcf822444be5b37d6eba6ee57a6c","2049f1bf-bd8d-43ca-bb3c-2d2833a16535","7/9/2020 06:10:46","bd2e16c2680e410bb735a85027575e4f","7/9/2020 14:12:25","[抓狂]","text","1"
"32af0e90826d42b5a381716ffabbf81d","1a2b0254-8862-4525-ab4f-444df590b2b8","9/9/2020 02:01:09","01936875-21d8-4af2-8066-3d8618f40dec","16/9/2020 17:13:50","3","text","1"
"32ece702f0404e1089e5c4e8172b347a","048657c1-ecb1-4e5d-aced-6126ceae779e","19/1/2021 02:25:45","admin","19/1/2021 02:26:25","[怒]","text","1"
"3314f22fbaa442ca942bb24db75f4d23","03d159a3-0f88-424c-a24f-02f63855fe4f","6/11/2020 02:37:18","9624fa22-ac3a-4184-af0b-b2c720df9d60","6/11/2020 10:37:40","[发呆]","text","1"
"33c5dd8a3d45471591435483d4fbbfcb","03d159a3-0f88-424c-a24f-02f63855fe4f","14/1/2021 08:37:01","admin","14/1/2021 09:08:36","顺风顺水","text","1"
"33d700de908245748fac5613080c31d0","admin","2/12/2020 09:02:07","048657c1-ecb1-4e5d-aced-6126ceae779e","3/12/2020 21:54:13","东方季道回复","text","1"
"340c484d54a343d8a27cc4d1562c28ce","3074194b-1d4d-432a-b2a8-1e07fa88d644","19/1/2021 07:25:32","42b5fa61-f20d-4cdb-815c-077f9d6d51f7","19/1/2021 07:25:32","trtrtrt","text","1"
"341f511197f843df862b975dccf8e8e6","ea3b9f9e61584acf95d4142ad16f7883","18/9/2020 03:25:15","admin","18/9/2020 11:33:29","大幅度","text","1"
"34f4d0188df64c3784ff58330b9d809c","03d159a3-0f88-424c-a24f-02f63855fe4f","14/1/2021 08:37:05","admin","14/1/2021 09:08:36","爽肤水","text","1"
"365fd9f4d9154861a7612ddd70a5fc6a","42b5fa61-f20d-4cdb-815c-077f9d6d51f7","21/1/2021 07:24:53","3074194b-1d4d-432a-b2a8-1e07fa88d644","21/1/2021 08:20:03","法撒旦撒旦","text","1"
"368bcf43189a44bab2bbe717f3d232b5","03d159a3-0f88-424c-a24f-02f63855fe4f","14/1/2021 08:40:43","admin","14/1/2021 09:08:36","3","text","1"
"369b188558184e5d833d7ed18ea9d654","03d159a3-0f88-424c-a24f-02f63855fe4f","9/9/2020 02:47:27","1a2b0254-8862-4525-ab4f-444df590b2b8","9/9/2020 11:16:25","2112","text","1"
"36d32e0e0eb74ce7b9e0937eb321833c","9624fa22-ac3a-4184-af0b-b2c720df9d60","12/1/2021 05:35:36","3977de33-668c-4585-b09b-239aacfb4ebe","12/1/2021 05:35:36","舒服舒服","text","1"
"36e80c53ebed443a9543949a443e05bf","3074194b-1d4d-432a-b2a8-1e07fa88d644","19/1/2021 06:29:14","42b5fa61-f20d-4cdb-815c-077f9d6d51f7","19/1/2021 06:29:44","fffffff","text","1"
"36ed0c9883e9459c81e37afb74ebb4f7","ea3b9f9e61584acf95d4142ad16f7883","18/9/2020 03:25:44","admin","18/9/2020 11:33:29","是多少是多少[羞]","text","1"
"38e57bab15b44d298f6b7f9326c23f43","3074194b-1d4d-432a-b2a8-1e07fa88d644","21/1/2021 01:20:26","42b5fa61-f20d-4cdb-815c-077f9d6d51f7","21/1/2021 02:01:52","顶顶顶","text","1"
"3949483e25f14cfc93d0643298deec42","00d9428a-25f5-4ceb-ab9b-1a3c71989bb4","14/1/2021 08:18:20","admin","14/1/2021 08:51:35","2","text","1"
"3a1083b39b7c428a827aed435b5a5a84","1a2b0254-8862-4525-ab4f-444df590b2b8","9/9/2020 02:08:01","admin","9/9/2020 10:08:01","21","text","1"
"3a2e91762aa2427c9fb1c3b9c472a457","048657c1-ecb1-4e5d-aced-6126ceae779e","29/12/2020 03:51:38","42b5fa61-f20d-4cdb-815c-077f9d6d51f7","19/1/2021 06:33:17","233","text","1"
"3aad7ae1222d4e858bca606b0f7d3784","admin","20/1/2021 11:11:22","048657c1-ecb1-4e5d-aced-6126ceae779e","21/1/2021 08:22:21","{""path"":""b1151fc5d4f74c0989368a2b1e5d9317.png"",""width"":""1070"",""height"":""1524""}","image","1"
"3b95d31bac7147b2a8363c1901e692e8","03d159a3-0f88-424c-a24f-02f63855fe4f","11/9/2020 03:27:33","249cf67d-fd9d-42da-8c2f-0481a7113446","11/9/2020 11:27:33","2","text","1"
"3ba5e66c2ee3423d8322655f101bc844","admin","5/11/2020 02:27:26","e8483211-1bf9-42d5-8c94-770f6cc99fa1","10/11/2020 10:26:47","zai","text","1"
"3ce515290b6446f996805c83439319cd","42b5fa61-f20d-4cdb-815c-077f9d6d51f7","19/1/2021 07:22:59","3074194b-1d4d-432a-b2a8-1e07fa88d644","19/1/2021 07:23:53","tuuuuuu","text","1"
"3dda62eb02df43e88179cdc6dfa77781","admin","20/1/2021 11:11:49","048657c1-ecb1-4e5d-aced-6126ceae779e","21/1/2021 08:22:21","[傲]","text","1"
"3f2a6506ef5d4b4da8418e9211aa65ec","3977de33-668c-4585-b09b-239aacfb4ebe","9/10/2020 07:20:21","94bf04d0c93e4df5817d101823798458",,"123","text","0"
"3f62216eedb04b67815de5d3ae8b9020","048657c1-ecb1-4e5d-aced-6126ceae779e","19/1/2021 02:24:49","admin","19/1/2021 02:26:25","fghj","text","1"
"3fc20ed3f1b44bfa97f41de18fd8fefc","admin","14/1/2021 08:42:52","02ed7f16-1337-454d-ac47-3250551a1588",,"大概","text","0"
"40661f8f46ef41c7af4bb1cf2f504d8b","03d159a3-0f88-424c-a24f-02f63855fe4f","14/1/2021 08:37:03","admin","14/1/2021 09:08:36","舒服舒服","text","1"
"40676f164ef341fbbad3b88c4201a78d","admin","12/9/2020 06:21:32","03d159a3-0f88-424c-a24f-02f63855fe4f","14/9/2020 09:32:15","在吗","text","1"
"407aff0e8821405282518761bca0e76c","0db19241-2688-40e1-a873-4d30de4aea30","11/9/2020 08:00:39","00ca450b-141b-45d2-b6cb-94d818165543","12/9/2020 09:36:32","111","text","1"
"40a16078b7e74091a530c83b4609255f","3074194b-1d4d-432a-b2a8-1e07fa88d644","19/1/2021 07:22:28","42b5fa61-f20d-4cdb-815c-077f9d6d51f7","19/1/2021 07:22:28","qqqqqqqqqqq","text","1"
"433272703b484ff2ab0a4fb642356100","1a2b0254-8862-4525-ab4f-444df590b2b8","9/9/2020 02:03:46","admin","9/9/2020 10:04:13","2","text","1"
"43e0b97ef3e84731bdcc8ab4f3e674a7","admin","14/1/2021 08:37:47","03d159a3-0f88-424c-a24f-02f63855fe4f","14/1/2021 08:38:21","试试","text","1"
"443e8671845f49abb4f05ce23e79f242","1a2b0254-8862-4525-ab4f-444df590b2b8","9/9/2020 02:03:45","admin","9/9/2020 10:04:13","1","text","1"
"44f5f6c3d2914420bcb1c6523878bb86","admin","14/1/2021 08:38:50","03d159a3-0f88-424c-a24f-02f63855fe4f","14/1/2021 08:38:54","第三方","text","1"
"450c8fa14d6941c1bfcc9f4bc81eb3ba","admin","16/9/2020 03:00:02","7e2d74f1-277a-4a51-9311-8d02d579f251","16/9/2020 11:00:20","[高兴]","text","1"
"453c9d18f4ec4a75bdbd372b0026a9a6","admin","7/9/2020 06:45:46","7e2d74f1-277a-4a51-9311-8d02d579f251","11/9/2020 17:26:27","1212222","text","1"
"456c152ad9864a5693ea00f9b20e99a3","admin","5/11/2020 09:33:25","03d159a3-0f88-424c-a24f-02f63855fe4f","5/11/2020 18:20:22","[糟糕]","text","1"
"45f4cbf66c5d4357a001e28ce77defbe","admin","19/1/2021 02:28:56","1a2b0254-8862-4525-ab4f-444df590b2b8","19/1/2021 02:28:56","777","text","1"
"4654c17b0b144bb884cfbf5c3099adf2","00d9428a-25f5-4ceb-ab9b-1a3c71989bb4","14/1/2021 08:18:18","admin","14/1/2021 08:51:35","2","text","1"
"4654e70b86be4d43b1dd378edbebd660","1a2b0254-8862-4525-ab4f-444df590b2b8","9/9/2020 02:03:12","admin","9/9/2020 10:03:13","测试聊天","text","1"
"46f52adaeaf54401ab2ff3eba0ea1673","1a2b0254-8862-4525-ab4f-444df590b2b8","9/9/2020 02:03:02","0db19241-2688-40e1-a873-4d30de4aea30","9/9/2020 10:33:15","2","text","1"
"47548f763fb8408591db5a4f8ec86d3b","2b26acf3-91a4-42be-8f20-913b6f920c3a","16/9/2020 03:05:37","7e2d74f1-277a-4a51-9311-8d02d579f251","16/9/2020 11:05:40","大家好","text","1"
"475a55fea4d848fd821a80496d529555","9624fa22-ac3a-4184-af0b-b2c720df9d60","6/11/2020 02:37:51","03d159a3-0f88-424c-a24f-02f63855fe4f","6/11/2020 10:38:27","[乱]","text","1"
"478a960df4bb441295a8132a0e16cb2a","3074194b-1d4d-432a-b2a8-1e07fa88d644","19/1/2021 07:24:58","42b5fa61-f20d-4cdb-815c-077f9d6d51f7","19/1/2021 07:25:18","fgfgdfg","text","1"
"47cbf0d99da44b18b3efbb6ee09d0c2d","0a72e7d8-b519-435b-9c43-6796a31c72ec","22/9/2020 09:46:35","undefined",,"1","text","0"
"4807f789d4734e6f9e92ddc1248aa2cf","00d9428a-25f5-4ceb-ab9b-1a3c71989bb4","14/1/2021 08:18:20","admin","14/1/2021 08:51:35","2","text","1"
"48a1a8558a324054a7d4421d3a852c83","42b5fa61-f20d-4cdb-815c-077f9d6d51f7","19/1/2021 07:21:02","3074194b-1d4d-432a-b2a8-1e07fa88d644","19/1/2021 07:23:53","errr","text","1"
"48be5878dd6c4120b02fe19eb2b39821","00d9428a-25f5-4ceb-ab9b-1a3c71989bb4","14/1/2021 08:18:14","admin","14/1/2021 08:51:35","12","text","1"
"48deea1660d24a46bc9aafbc8e1fea73","admin","27/9/2020 02:30:16","ec63d618f8b643428b27f18336f73f4b","27/9/2020 10:36:08","[哀]","text","1"
"4a9f9c67e2314ac88f427836a0ef99b1","03d159a3-0f88-424c-a24f-02f63855fe4f","9/9/2020 09:41:09","9624fa22-ac3a-4184-af0b-b2c720df9d60","9/9/2020 17:41:42","33","text","1"
"4acc5c25800e4a6d93c240fde6fbb203","admin","14/1/2021 08:41:50","048657c1-ecb1-4e5d-aced-6126ceae779e","14/1/2021 10:27:03","是否","text","1"
"4b1f449a06314f7b826e555e5c25354e","03d159a3-0f88-424c-a24f-02f63855fe4f","5/11/2020 10:20:38","admin","6/11/2020 11:18:58","[高兴]","text","1"
"4ba529d67b4d41d89929aefce01cdeb7","9624fa22-ac3a-4184-af0b-b2c720df9d60","9/9/2020 09:42:11","249cf67d-fd9d-42da-8c2f-0481a7113446","9/9/2020 17:42:23","666","text","1"
"4bc80b4e25dc4758ab5a79e744a884e0","9624fa22-ac3a-4184-af0b-b2c720df9d60","6/11/2020 02:38:58","03d159a3-0f88-424c-a24f-02f63855fe4f","6/11/2020 11:00:15","你好哈","text","1"
"4c2f6ae886ad4735aaaffcc5ec5db4f0","admin","20/1/2021 11:13:11","048657c1-ecb1-4e5d-aced-6126ceae779e","21/1/2021 08:22:21","阿达","text","1"
"4c87941d46b6434c84543ff28dbaa4b0","249cf67d-fd9d-42da-8c2f-0481a7113446","11/9/2020 03:27:06","03d159a3-0f88-424c-a24f-02f63855fe4f","11/9/2020 11:27:29","22","text","1"
"4d74ae782f9e4c6cb92b20ef3ea14829","03d159a3-0f88-424c-a24f-02f63855fe4f","7/9/2020 09:02:06","1d230af0-7054-43e0-bcd0-60144d3ed1d1","29/9/2020 10:27:38","是非得失","text","1"
"4d8333b4d5bb4be382a4df7603e34429","2049f1bf-bd8d-43ca-bb3c-2d2833a16535","7/9/2020 06:44:50","admin","7/9/2020 14:45:27","6867","text","1"
"4d9675b48fd0465db5df62d690749ef2","9624fa22-ac3a-4184-af0b-b2c720df9d60","6/11/2020 02:32:18","03d159a3-0f88-424c-a24f-02f63855fe4f","6/11/2020 10:36:10","[笑]","text","1"
"4e0423c6a8834642b2e2b28119a20477","admin","27/9/2020 02:30:19","ec63d618f8b643428b27f18336f73f4b","27/9/2020 10:36:08","[糟糕]","text","1"
"4e583800ede94a6b97df06bf61651a96","9624fa22-ac3a-4184-af0b-b2c720df9d60","23/1/2021 07:30:08","admin","23/1/2021 07:31:22","的地方","text","1"
"4f5370cea048478aafd58cc323964140","00d9428a-25f5-4ceb-ab9b-1a3c71989bb4","30/9/2020 09:10:12","c708365f-efb5-4c75-bdc0-d1846c7f4df4",,"54","text","0"
"4fc6832d5d0f4b1bbf3c4d7e152ce27b","00d9428a-25f5-4ceb-ab9b-1a3c71989bb4","14/1/2021 08:18:05","admin","14/1/2021 08:51:35","5","text","1"
"4fe4a1c3a3f34c11b4ce096f6f288f33","03d159a3-0f88-424c-a24f-02f63855fe4f","20/1/2021 06:41:04","admin","20/1/2021 07:00:15","[怒]","text","1"
"4ff0ae9365e5475bb705c8724cec3c27","03d159a3-0f88-424c-a24f-02f63855fe4f","20/1/2021 11:32:35","admin","20/1/2021 12:13:36","[墨镜]","text","1"
"5071c8f3ead04b589f182dcaf0339c60","1a2b0254-8862-4525-ab4f-444df590b2b8","9/9/2020 02:08:02","admin","9/9/2020 10:08:01","21","text","1"
"51644bf05cb84abab9348ef271f29123","2049f1bf-bd8d-43ca-bb3c-2d2833a16535","22/9/2020 02:41:00","admin","22/9/2020 10:53:10","聊天","text","1"
"51a342dec2834621bd5f81e290e7a458","admin","10/12/2020 07:49:41","03d159a3-0f88-424c-a24f-02f63855fe4f","15/12/2020 02:51:47","就很大方","text","1"
"51ebc7d960764d7ab0e52e40167c08a0","admin","14/1/2021 08:41:46","02ed7f16-1337-454d-ac47-3250551a1588",,"是否","text","0"
"51f5d7c93f494f12b653bcc306e276d6","42b5fa61-f20d-4cdb-815c-077f9d6d51f7","19/1/2021 07:22:15","3074194b-1d4d-432a-b2a8-1e07fa88d644","19/1/2021 07:23:53","erttttt","text","1"
"523cd6dcb3e44be2a3cea211276a6b1e","9624fa22-ac3a-4184-af0b-b2c720df9d60","14/1/2021 08:43:14","admin","14/1/2021 09:08:37","343","text","1"
"52bae08ecd3d4b0dbc839846c12eae20","03d159a3-0f88-424c-a24f-02f63855fe4f","19/1/2021 05:46:52","admin","19/1/2021 10:33:35","[发呆]","text","1"
"52f5af29142348bbb1fb55f6d3823cfe","03d159a3-0f88-424c-a24f-02f63855fe4f","19/1/2021 05:46:56","admin","19/1/2021 10:33:35","你家","text","1"
"53bc3c90a50a4f1cb6d5ab2c5e316d81","03d159a3-0f88-424c-a24f-02f63855fe4f","20/1/2021 06:41:19","42b5fa61-f20d-4cdb-815c-077f9d6d51f7",,"[发呆]","text","0"
"53e65e1dd4724a11b4c9a6a3fd5958f3","2049f1bf-bd8d-43ca-bb3c-2d2833a16535","7/9/2020 06:10:51","bd2e16c2680e410bb735a85027575e4f","7/9/2020 14:12:25","哈哈","text","1"
"53ec6a74dcb24a3fa2a5109afab4a367","00d9428a-25f5-4ceb-ab9b-1a3c71989bb4","14/1/2021 08:18:22","admin","14/1/2021 08:51:35","2","text","1"
"551ffa0de93846f3879d11012901799a","admin","14/1/2021 09:15:38","00d9428a-25f5-4ceb-ab9b-1a3c71989bb4","15/1/2021 06:09:55","111","text","1"
"558b7dbe30404a1d97e9a629bd7b8c49","00d9428a-25f5-4ceb-ab9b-1a3c71989bb4","14/1/2021 08:18:23","admin","14/1/2021 08:51:35","2","text","1"
"55a211851c7e4233becf2045f2d213bf","42b5fa61-f20d-4cdb-815c-077f9d6d51f7","19/1/2021 07:20:52","3074194b-1d4d-432a-b2a8-1e07fa88d644","19/1/2021 07:23:53","dddfff","text","1"
"568ede9df5be4f3f82e0209dfcedfce7","1a2b0254-8862-4525-ab4f-444df590b2b8","9/9/2020 02:08:03","admin","9/9/2020 10:08:02","12","text","1"
"56de0371fab84178a019d0966683f079","admin","12/1/2021 06:52:06","1b9ff1635e65494a9e67dff56c915552","12/1/2021 06:52:12","{""path"":""867c48f935674023bac867d7e4df6bb1.png"",""width"":""1070"",""height"":""1524""}","image","1"
"56e2ff38bf0841fc92f6bb3fb6f8f5c8","249cf67d-fd9d-42da-8c2f-0481a7113446","9/9/2020 09:41:03","9624fa22-ac3a-4184-af0b-b2c720df9d60","9/9/2020 17:41:43","3333","text","1"
"56f1295e0f67464e89dc568a7d7928cf","00d9428a-25f5-4ceb-ab9b-1a3c71989bb4","14/1/2021 08:18:21","admin","14/1/2021 08:51:35","2","text","1"
"573f9b3b190746a9b25a07b65ce8743c","3074194b-1d4d-432a-b2a8-1e07fa88d644","21/1/2021 01:21:20","42b5fa61-f20d-4cdb-815c-077f9d6d51f7","21/1/2021 02:01:52","杀杀杀","text","1"
"575c3ef667ea4d238a130a044a3e83c5","admin","20/1/2021 11:17:47","03d159a3-0f88-424c-a24f-02f63855fe4f","22/1/2021 02:26:22","5413","text","1"
"57f89e91378746afa0f7741247879f93","ea3b9f9e61584acf95d4142ad16f7883","9/9/2020 09:36:38","03d159a3-0f88-424c-a24f-02f63855fe4f","9/9/2020 17:36:41","444","text","1"
"59e4b5f2c98643c8a5e3d0ded8ad0495","1a2b0254-8862-4525-ab4f-444df590b2b8","14/9/2020 09:56:27","03d159a3-0f88-424c-a24f-02f63855fe4f","18/9/2020 11:10:48","5","text","1"
"5a2bd9603f2d4a498de0925e82020dad","2049f1bf-bd8d-43ca-bb3c-2d2833a16535","22/9/2020 02:42:08","05fdd3185e624d0d84f048186344d899",,"你好","text","0"
"5bd8263886604e948cbd0d87c90dd03c","admin","3/11/2020 07:38:11","03d159a3-0f88-424c-a24f-02f63855fe4f","3/11/2020 15:44:30","11","text","1"
"5c502973ea3d4bc19b891385c2881236","249cf67d-fd9d-42da-8c2f-0481a7113446","11/9/2020 03:27:56","03d159a3-0f88-424c-a24f-02f63855fe4f","11/9/2020 11:27:56","aaa","text","1"
"5c7fbe9c458940dd9579bb86068ecf08","00d9428a-25f5-4ceb-ab9b-1a3c71989bb4","14/1/2021 08:18:23","admin","14/1/2021 08:51:35","22","text","1"
"5c8c673bf6c54b6480cede70dd5c5779","00d9428a-25f5-4ceb-ab9b-1a3c71989bb4","14/1/2021 08:18:17","admin","14/1/2021 08:51:35","2","text","1"
"5e9bf05d06df4942bb1f1b29f0ee539a","1a2b0254-8862-4525-ab4f-444df590b2b8","9/9/2020 02:01:09","01936875-21d8-4af2-8066-3d8618f40dec","16/9/2020 17:13:50","3","text","1"
"5fa3652dcb984be98469730a225f9f53","1a2b0254-8862-4525-ab4f-444df590b2b8","9/9/2020 02:06:39","admin","9/9/2020 10:06:39","发出去没消息","text","1"
"5fcaadb9127a4c03bac03d6ba02e33fa","9624fa22-ac3a-4184-af0b-b2c720df9d60","6/11/2020 02:58:51","03d159a3-0f88-424c-a24f-02f63855fe4f","6/11/2020 11:00:15","有时间","text","1"
"5fe1a9b6e8c74317a32e3a8d0a736fb6","00d9428a-25f5-4ceb-ab9b-1a3c71989bb4","14/1/2021 08:18:22","admin","14/1/2021 08:51:35","2","text","1"
"60cd7b51c0fb48d88d596dab8ebb6509","admin","19/1/2021 02:29:18","048657c1-ecb1-4e5d-aced-6126ceae779e","21/1/2021 08:22:21","888","text","1"
"610c279b26f2465cbbaeefdcc663a390","249cf67d-fd9d-42da-8c2f-0481a7113446","11/9/2020 03:29:28","249cf67d-fd9d-42da-8c2f-0481a7113446","11/9/2020 11:29:31","112","text","1"
"62df3a4700054fee861d5b529cb0d17f","03d159a3-0f88-424c-a24f-02f63855fe4f","6/11/2020 02:37:28","9624fa22-ac3a-4184-af0b-b2c720df9d60","6/11/2020 10:37:40","[什么]","text","1"
"63cbf5f97f9e4be78d005a1665776382","admin","11/9/2020 09:35:27","7e2d74f1-277a-4a51-9311-8d02d579f251","11/9/2020 17:35:26","测试","text","1"
"649098074936492f9490e5444032a4df","9624fa22-ac3a-4184-af0b-b2c720df9d60","6/11/2020 02:32:12","03d159a3-0f88-424c-a24f-02f63855fe4f","6/11/2020 10:36:10","[高兴]","text","1"
"65ad7e89ca6a434790c6b016870dd28d","00d9428a-25f5-4ceb-ab9b-1a3c71989bb4","14/1/2021 08:18:07","admin","14/1/2021 08:51:35","7","text","1"
"65c57b74c27a4cc986b3ebcc6fdfdf43","1d230af0-7054-43e0-bcd0-60144d3ed1d1","7/9/2020 06:48:10","2049f1bf-bd8d-43ca-bb3c-2d2833a16535","7/9/2020 14:48:10","[疑问]","text","1"
"6656176b7917473da6aac32cb6e294fd","42b5fa61-f20d-4cdb-815c-077f9d6d51f7","19/1/2021 07:21:12","3074194b-1d4d-432a-b2a8-1e07fa88d644","19/1/2021 07:23:53","www","text","1"
"675ab97e7fb640f0a41570a77bfe06e9","03d159a3-0f88-424c-a24f-02f63855fe4f","5/11/2020 09:33:58","admin","6/11/2020 11:18:58","[发呆]","text","1"
"683bf6b45eab476e9d853aa3d931d69f","admin","19/1/2021 02:28:37","1a2b0254-8862-4525-ab4f-444df590b2b8","19/1/2021 02:28:37","啊啊啊","text","1"
"68d38d4975f844278dfa06b96021953e","1a2b0254-8862-4525-ab4f-444df590b2b8","9/9/2020 02:07:33","admin","9/9/2020 10:07:33","21","text","1"
"6917004bfa3b42ed9f588f9dad6ae832","03d159a3-0f88-424c-a24f-02f63855fe4f","9/9/2020 09:40:55","9624fa22-ac3a-4184-af0b-b2c720df9d60","9/9/2020 17:41:42","333","text","1"
"695df700eca643b4a8b47d91e0a74a0a","1a2b0254-8862-4525-ab4f-444df590b2b8","9/9/2020 02:03:27","admin","9/9/2020 10:04:13","你看下还有没有问题","text","1"
"69cb9b1dc0474f13aa30aa41eac152c2","474f8b7a-17ce-466e-8b14-4ce53d610d40","24/9/2020 09:09:58","3fe0a114-9ac2-426d-916b-b769b0f4d198","27/9/2020 11:27:58","你好，在吗","text","1"
"69e7f500101d499aa4b107a68dde0e55","0a72e7d8-b519-435b-9c43-6796a31c72ec","23/9/2020 01:04:50","42b5fa61-f20d-4cdb-815c-077f9d6d51f7","19/1/2021 06:35:36","1","text","1"
"6a5ad3487be749009cdff01ece493573","1a2b0254-8862-4525-ab4f-444df590b2b8","19/1/2021 02:28:52","admin","19/1/2021 02:28:52","888","text","1"
"6a79a6c7562742069f450bff162b7f91","1a2b0254-8862-4525-ab4f-444df590b2b8","9/9/2020 02:02:49","e9044737-df3b-467f-883a-573ecafe388c",,"21","text","0"
"6b326eba1fe24c3680f0921953f8a839","9624fa22-ac3a-4184-af0b-b2c720df9d60","6/11/2020 02:36:49","03d159a3-0f88-424c-a24f-02f63855fe4f","6/11/2020 10:38:27","2233","text","1"
"6b62067bf9704e73bc5d11f8314efcb8","00d9428a-25f5-4ceb-ab9b-1a3c71989bb4","14/1/2021 08:17:14","admin","14/1/2021 08:51:36","12","text","1"
"6b87e9cf932f4436acdd0e1530b9746f","1a2b0254-8862-4525-ab4f-444df590b2b8","9/9/2020 02:03:54","admin","9/9/2020 10:04:13","你看下还有没有问题","text","1"
"6c23da36b89143e683071c021a53241b","9624fa22-ac3a-4184-af0b-b2c720df9d60","6/11/2020 02:32:15","03d159a3-0f88-424c-a24f-02f63855fe4f","6/11/2020 10:36:10","[哭]","text","1"
"6d9dda201e0e471cbeafbdfca1c29571","1b9ff1635e65494a9e67dff56c915552","12/1/2021 06:52:32","admin","12/1/2021 06:52:32","[惊讶]","text","1"
"6dddbb443fad4baea51b3629084299fa","admin","18/9/2020 03:33:37","ea3b9f9e61584acf95d4142ad16f7883","18/9/2020 11:40:15","[恐怖]","text","1"
"6eb3eb2288dc43fbbf57e3faf0fd550c","9624fa22-ac3a-4184-af0b-b2c720df9d60","6/11/2020 02:37:45","03d159a3-0f88-424c-a24f-02f63855fe4f","6/11/2020 10:38:27","3434","text","1"
"6edb5d02f2c74d8ca79be2930f38b737","1a2b0254-8862-4525-ab4f-444df590b2b8","9/9/2020 02:01:33","admin","9/9/2020 10:03:13","112","text","1"
"6ef9d64902094b8f866655bf15e1ad87","admin","14/1/2021 08:42:15","03d159a3-0f88-424c-a24f-02f63855fe4f","14/1/2021 08:42:15","爽肤水","text","1"
"6f29bd085f9945c9beec4a7f5c8a395d","admin","7/9/2020 06:45:42","7e2d74f1-277a-4a51-9311-8d02d579f251","11/9/2020 17:26:27","问232342432","text","1"
"6f2ded22bcd342cdb0af9ddf010a3067","249cf67d-fd9d-42da-8c2f-0481a7113446","9/9/2020 09:41:05","9624fa22-ac3a-4184-af0b-b2c720df9d60","9/9/2020 17:41:43","222","text","1"
"70ab065a4f454d9e936489abce30cbb2","1a2b0254-8862-4525-ab4f-444df590b2b8","14/9/2020 09:56:23","admin","14/9/2020 17:56:29","4","text","1"
"70b7ff12c6b74a1aab1aec09558b2009","1a2b0254-8862-4525-ab4f-444df590b2b8","9/9/2020 02:03:52","admin","9/9/2020 10:04:13","你看下还有没有问题","text","1"
"711b7efc6efd4d5191de6fe5ae8b8032","3074194b-1d4d-432a-b2a8-1e07fa88d644","19/1/2021 07:25:25","42b5fa61-f20d-4cdb-815c-077f9d6d51f7","19/1/2021 07:25:25","qwer","text","1"
"722539470ac945a3a20680ac3bf8ee26","9624fa22-ac3a-4184-af0b-b2c720df9d60","9/9/2020 09:42:04","249cf67d-fd9d-42da-8c2f-0481a7113446","9/9/2020 17:42:23","555","text","1"
"729c2e8740c44ccb9a26e1998b965418","9624fa22-ac3a-4184-af0b-b2c720df9d60","14/1/2021 08:43:08","admin","14/1/2021 09:08:37","232","text","1"
"72bff2bb21f4451398bd63085886eee2","admin","14/9/2020 06:58:03","05fdd3185e624d0d84f048186344d899","14/9/2020 16:03:25","出现吗？","text","1"
"74093e9f5076460f8e3519f95feaf129","249cf67d-fd9d-42da-8c2f-0481a7113446","11/9/2020 03:29:44","249cf67d-fd9d-42da-8c2f-0481a7113446","11/9/2020 11:29:44","336","text","1"
"74fbcb1a1e654396b8006225964313cd","9624fa22-ac3a-4184-af0b-b2c720df9d60","6/11/2020 02:32:29","03d159a3-0f88-424c-a24f-02f63855fe4f","6/11/2020 10:36:10","有事情","text","1"
"751e1b15fb854e17828eff5521c89ece","00d9428a-25f5-4ceb-ab9b-1a3c71989bb4","14/1/2021 08:18:21","admin","14/1/2021 08:51:36","2","text","1"
"75941fe9755c4817a668c15b621a33e0","00d9428a-25f5-4ceb-ab9b-1a3c71989bb4","14/1/2021 08:18:19","admin","14/1/2021 08:51:36","2","text","1"
"75e301eede8a404c883dce3ca52ef550","00d9428a-25f5-4ceb-ab9b-1a3c71989bb4","14/1/2021 08:18:06","admin","14/1/2021 08:51:36","6","text","1"
"7670f1d1aa2f4e22a78c29a405ea348a","03d159a3-0f88-424c-a24f-02f63855fe4f","11/9/2020 03:27:43","249cf67d-fd9d-42da-8c2f-0481a7113446","11/9/2020 11:27:42","1[快乐]","text","1"
"76d32282ba8046039ba5a6b4093a5573","0a72e7d8-b519-435b-9c43-6796a31c72ec","23/9/2020 01:46:22","42b5fa61-f20d-4cdb-815c-077f9d6d51f7","19/1/2021 06:35:36","1","text","1"
"7781f7b0a1c94f84a026a6cd6cfce5c8","03d159a3-0f88-424c-a24f-02f63855fe4f","11/9/2020 03:27:50","249cf67d-fd9d-42da-8c2f-0481a7113446","11/9/2020 11:27:49","33[累]","text","1"
"77b4c1067df941e096f745f868322e93","1a2b0254-8862-4525-ab4f-444df590b2b8","14/9/2020 09:56:16","22736bf4-f2d5-4081-9fb4-ca43d6235f56","17/9/2020 11:14:51","3","text","1"
"78419f34ec1b491687937c2bcfcd1287","1a2b0254-8862-4525-ab4f-444df590b2b8","11/9/2020 01:48:27","6533faa7-dfc6-4c8b-9b87-ee53f86cf2db","30/9/2020 14:59:23","111","text","1"
"7862f5447d76494aa8daa19534fe0e34","00d9428a-25f5-4ceb-ab9b-1a3c71989bb4","14/1/2021 08:18:19","admin","14/1/2021 08:51:36","2","text","1"
"7932e439cb3540539856f5c73130c725","2049f1bf-bd8d-43ca-bb3c-2d2833a16535","7/9/2020 03:47:10","bd2e16c2680e410bb735a85027575e4f","7/9/2020 11:47:33","你好","text","1"
"7b856482a4094458896e99da7cddecd5","1d230af0-7054-43e0-bcd0-60144d3ed1d1","7/9/2020 06:48:06","2049f1bf-bd8d-43ca-bb3c-2d2833a16535","7/9/2020 14:48:06","[惊恐]","text","1"
"7bd45db4f0554b5ca42d4545b83601f6","2049f1bf-bd8d-43ca-bb3c-2d2833a16535","7/9/2020 06:44:47","admin","7/9/2020 14:45:27","sfdsfsfds","text","1"
"7bd8fac599304217b27e0448d294990d","0a72e7d8-b519-435b-9c43-6796a31c72ec","23/9/2020 01:10:53","42b5fa61-f20d-4cdb-815c-077f9d6d51f7","19/1/2021 06:35:36","[伤心]","text","1"
"7d5ac973f4a44552aea33477bed83870","1d230af0-7054-43e0-bcd0-60144d3ed1d1","29/9/2020 03:36:12","admin","29/9/2020 11:36:12","[眨眉]","text","1"
"7e101bba962740868597925b9100a5a5","1d230af0-7054-43e0-bcd0-60144d3ed1d1","29/9/2020 02:27:50","admin","29/9/2020 10:29:03","是非得失","text","1"
"7e710db6df594564a0bb68dbf3c26426","00d9428a-25f5-4ceb-ab9b-1a3c71989bb4","14/1/2021 08:18:23","admin","14/1/2021 08:51:36","2","text","1"
"7ee965c5a10d4ddaba1777b9a2753da5","1a2b0254-8862-4525-ab4f-444df590b2b8","9/9/2020 02:08:18","admin","9/9/2020 10:08:17","[抠]","text","1"
"7f81255314454bc695b94b02621d4841","admin","20/1/2021 11:13:03","048657c1-ecb1-4e5d-aced-6126ceae779e","21/1/2021 08:22:21","[疯]","text","1"
"7fbac98a765d463f8ff0238b6a28e0e6","admin","19/12/2020 08:40:46","admin","19/12/2020 08:40:46","ghjkl;'","text","1"
"803d4877a2994338a2ed6c7e0192ced7","ea3b9f9e61584acf95d4142ad16f7883","9/9/2020 09:36:33","03d159a3-0f88-424c-a24f-02f63855fe4f","9/9/2020 17:36:41","5","text","1"
"817431821b064484b714d2123fae8cb5","03d159a3-0f88-424c-a24f-02f63855fe4f","14/1/2021 08:40:12","admin","14/1/2021 09:08:36","符合加分","text","1"
"819a906a55694e4a992f01a3e4c27ccc","249cf67d-fd9d-42da-8c2f-0481a7113446","9/9/2020 09:40:45","03d159a3-0f88-424c-a24f-02f63855fe4f","9/9/2020 17:40:48","11","text","1"
"82591e8b272a4aa5ad3fd2b40075b13d","1a2b0254-8862-4525-ab4f-444df590b2b8","14/9/2020 09:56:14","0db19241-2688-40e1-a873-4d30de4aea30","14/9/2020 17:58:59","2","text","1"
"8306239f68344306a952e2b59256662e","admin","20/1/2021 11:13:05","048657c1-ecb1-4e5d-aced-6126ceae779e","21/1/2021 08:22:21","懂法守法的","text","1"
"83cd5282e00a46b0984936478bfee5fe","03d159a3-0f88-424c-a24f-02f63855fe4f","11/9/2020 03:28:55","02ed7f16-1337-454d-ac47-3250551a1588",,"22","text","0"
"84af42a55f954080ae4583c6ccdbcf7b","admin","29/9/2020 02:29:10","1d230af0-7054-43e0-bcd0-60144d3ed1d1","29/9/2020 10:29:55","大幅度","text","1"
"85147e9f25e249d999c098b1f427c240","1d230af0-7054-43e0-bcd0-60144d3ed1d1","7/9/2020 08:31:57","03d159a3-0f88-424c-a24f-02f63855fe4f","7/9/2020 16:31:56","地方","text","1"
"85571d62bc9a49c79204519007e73128","3074194b-1d4d-432a-b2a8-1e07fa88d644","19/1/2021 07:25:45","42b5fa61-f20d-4cdb-815c-077f9d6d51f7","19/1/2021 07:25:45","rrrrrrrrrrrreeeeeeeeee","text","1"
"85907cda7a2f4717b89ce2b63d825911","00d9428a-25f5-4ceb-ab9b-1a3c71989bb4","14/1/2021 08:18:21","admin","14/1/2021 08:51:36","2","text","1"
"866ab0222cea40149ff3a4bd5cd72a88","admin","19/1/2021 02:27:33","048657c1-ecb1-4e5d-aced-6126ceae779e","21/1/2021 08:22:21","[惊恐]","text","1"
"8724ce2ad93848a7b1a6b80f21778c88","42b5fa61-f20d-4cdb-815c-077f9d6d51f7","19/1/2021 07:25:41","3074194b-1d4d-432a-b2a8-1e07fa88d644","19/1/2021 07:25:41","ggggggggggggggggggg","text","1"
"87f5db92bb534b1cb009b76b6a4f5c7f","03d159a3-0f88-424c-a24f-02f63855fe4f","9/9/2020 09:36:44","ea3b9f9e61584acf95d4142ad16f7883","9/9/2020 17:36:43","22","text","1"
"8810674831e1460d947371679911a5f9","1d230af0-7054-43e0-bcd0-60144d3ed1d1","29/9/2020 03:36:08","admin","29/9/2020 11:36:07","[乱]","text","1"
"885f4291f4fd4855864dd811b4feb153","admin","12/9/2020 06:21:29","03d159a3-0f88-424c-a24f-02f63855fe4f","14/9/2020 09:32:15","你好，。","text","1"
"899a27c84d9a4d258cc963a5b4af482f","1a2b0254-8862-4525-ab4f-444df590b2b8","9/9/2020 02:01:10","01936875-21d8-4af2-8066-3d8618f40dec","16/9/2020 17:13:50","3","text","1"
"8a8662dbd9e64c8586480ad9eae2ca25","00d9428a-25f5-4ceb-ab9b-1a3c71989bb4","14/1/2021 08:18:24","admin","14/1/2021 08:51:36","2","text","1"
"8b177d48fe064da696353d130c2b8108","7e2d74f1-277a-4a51-9311-8d02d579f251","7/9/2020 06:13:01","admin","7/9/2020 14:26:30","在啊啊","text","1"
"8b9349ccc2994683b67d99bad8e77774","1d230af0-7054-43e0-bcd0-60144d3ed1d1","29/9/2020 02:27:57","admin","29/9/2020 10:29:03","[哭]","text","1"
"8bba7e644e9d4c479e1ac795020dc634","00d9428a-25f5-4ceb-ab9b-1a3c71989bb4","14/1/2021 08:18:20","admin","14/1/2021 08:51:36","2","text","1"
"8d6b8b5e9e38407cb76cd80a7476b83a","2049f1bf-bd8d-43ca-bb3c-2d2833a16535","22/9/2020 02:42:10","05fdd3185e624d0d84f048186344d899",,"撒大声地","text","0"
"8d750dffe1eb402ba550e28f768d60da","42b5fa61-f20d-4cdb-815c-077f9d6d51f7","21/1/2021 06:16:19","3074194b-1d4d-432a-b2a8-1e07fa88d644","21/1/2021 07:17:25","45465","text","1"
"8d81d7841a2f4ad1a31822046f4a9b35","admin","7/9/2020 06:45:49","7e2d74f1-277a-4a51-9311-8d02d579f251","11/9/2020 17:26:27","的广泛地","text","1"
"8dae7a9640964b529ca798699bd8d1be","1a2b0254-8862-4525-ab4f-444df590b2b8","9/9/2020 02:07:06","admin","9/9/2020 10:07:05","22112","text","1"
"8dbb417d234646c0af6f74735351c707","7e2d74f1-277a-4a51-9311-8d02d579f251","14/9/2020 06:57:11","admin","14/9/2020 14:57:14","[看]","text","1"
"8e88a0b52a4c41bf9b0aa546c8199187","admin","27/9/2020 02:30:12","ec63d618f8b643428b27f18336f73f4b","27/9/2020 10:36:08","哈哈","text","1"
"8e9ff444684a4a09b4655c76c2bfa907","3074194b-1d4d-432a-b2a8-1e07fa88d644","19/1/2021 07:22:03","42b5fa61-f20d-4cdb-815c-077f9d6d51f7","19/1/2021 07:22:03","115145","text","1"
"8f122cc303d7463dbc4649677a486e34","ec63d618f8b643428b27f18336f73f4b","27/9/2020 02:28:45","admin","27/9/2020 10:30:07","测屙屎、","text","1"
"8fb1eef5b1b24338a484815fea278c6b","03d159a3-0f88-424c-a24f-02f63855fe4f","19/1/2021 05:46:48","admin","19/1/2021 10:33:35","啦啦啦","text","1"
"8fdb563dedf44db192163b5d6dbb8d65","admin","14/1/2021 08:42:49","03d159a3-0f88-424c-a24f-02f63855fe4f","14/1/2021 10:08:27","的观点","text","1"
"908a4e96dfa44a73bf918fb5f750e5db","bd2e16c2680e410bb735a85027575e4f","7/9/2020 07:48:12","1d230af0-7054-43e0-bcd0-60144d3ed1d1","7/9/2020 15:48:11","爽肤水[哭]","text","1"
"9127b7e93ab343c9b63c9fa191e0b436","3074194b-1d4d-432a-b2a8-1e07fa88d644","21/1/2021 05:58:13","42b5fa61-f20d-4cdb-815c-077f9d6d51f7","21/1/2021 05:58:13","dddd","text","1"
"917e9a954253407396689641dcece647","1a2b0254-8862-4525-ab4f-444df590b2b8","11/9/2020 01:48:26","6533faa7-dfc6-4c8b-9b87-ee53f86cf2db","30/9/2020 14:59:23","222","text","1"
"91bf10be5f954666992396b3b12ccd65","00d9428a-25f5-4ceb-ab9b-1a3c71989bb4","14/1/2021 08:18:19","admin","14/1/2021 08:51:36","2","text","1"
"923c52e0e1944a16835773c3b1fbc22d","admin","14/1/2021 09:14:57","ec63d618f8b643428b27f18336f73f4b",,"333","text","0"
"9242aa14a17e423eb64e532685667f3b","1a2b0254-8862-4525-ab4f-444df590b2b8","9/9/2020 02:08:01","admin","9/9/2020 10:08:01","21","text","1"
"9272fcfb6a2a4a96bd39f6f9692e4757","1a2b0254-8862-4525-ab4f-444df590b2b8","9/9/2020 02:07:01","admin","9/9/2020 10:07:00","222","text","1"
"92d43983a8ca41c6b0146a9635e424c9","1a2b0254-8862-4525-ab4f-444df590b2b8","9/9/2020 02:08:01","admin","9/9/2020 10:08:01","1","text","1"
"92e66b59baaa410899490c4ca8070d12","7e2d74f1-277a-4a51-9311-8d02d579f251","11/9/2020 09:26:36","admin","11/9/2020 17:28:33","山东省","text","1"
"93b811f933184622b665f707c6f65cd6","03d159a3-0f88-424c-a24f-02f63855fe4f","14/1/2021 08:40:14","admin","14/1/2021 09:08:36","钢结构","text","1"
"943938f298434f9999aa46453a2f581a","admin","16/9/2020 03:33:55","2b26acf3-91a4-42be-8f20-913b6f920c3a","17/9/2020 09:11:46","[抓狂]","text","1"
"9447fafd8acd40a3a671f2a726eb22c1","1a2b0254-8862-4525-ab4f-444df590b2b8","9/9/2020 02:01:09","01936875-21d8-4af2-8066-3d8618f40dec","16/9/2020 17:13:50","333","text","1"
"94a7128c4073451c8b963e8cbced4994","249cf67d-fd9d-42da-8c2f-0481a7113446","9/9/2020 09:40:58","9624fa22-ac3a-4184-af0b-b2c720df9d60","9/9/2020 17:41:43","444","text","1"
"950d6029af4048038836761319917625","1a2b0254-8862-4525-ab4f-444df590b2b8","9/9/2020 02:08:21","admin","9/9/2020 10:08:20","[努力]","text","1"
"9544a9fce2f142ef98b54f01bb8554d1","3074194b-1d4d-432a-b2a8-1e07fa88d644","21/1/2021 01:19:47","42b5fa61-f20d-4cdb-815c-077f9d6d51f7","21/1/2021 02:01:52","顶顶顶","text","1"
"95d71b22cb454f8bb78ddc8cf847e2aa","00d9428a-25f5-4ceb-ab9b-1a3c71989bb4","14/1/2021 08:18:19","admin","14/1/2021 08:51:36","2","text","1"
"966fea249f304fa59e1fddce5cd060aa","03d159a3-0f88-424c-a24f-02f63855fe4f","9/9/2020 09:40:51","249cf67d-fd9d-42da-8c2f-0481a7113446","9/9/2020 17:40:50","2","text","1"
"969b54d5d24442429bd7616b7c4ab8bb","7e2d74f1-277a-4a51-9311-8d02d579f251","16/9/2020 03:00:28","2b26acf3-91a4-42be-8f20-913b6f920c3a","16/9/2020 11:05:18","你好","text","1"
"96d2ca5450b443f38a5275fe434952a1","3074194b-1d4d-432a-b2a8-1e07fa88d644","19/1/2021 07:24:20","42b5fa61-f20d-4cdb-815c-077f9d6d51f7","19/1/2021 07:24:20","erer","text","1"
"97440b88d7234f5bbc278cb70b530b67","42b5fa61-f20d-4cdb-815c-077f9d6d51f7","19/1/2021 07:24:11","3074194b-1d4d-432a-b2a8-1e07fa88d644","19/1/2021 07:24:11","gggggaa","text","1"
"9760abf7412d44f69e7cb3b2d47e80cf","1a2b0254-8862-4525-ab4f-444df590b2b8","9/9/2020 02:08:31","admin","9/9/2020 10:08:31","[睡]","text","1"
"97f637ed408f4191893bcbedab1c3de2","3074194b-1d4d-432a-b2a8-1e07fa88d644","19/1/2021 07:20:36","42b5fa61-f20d-4cdb-815c-077f9d6d51f7","19/1/2021 07:20:48","fff","text","1"
"9817cfbaa2a74b208d1dfdfef8c13fd8","00d9428a-25f5-4ceb-ab9b-1a3c71989bb4","14/1/2021 08:18:21","admin","14/1/2021 08:51:36","2","text","1"
"982984da3c0b47bbb68cede62eb6c16c","1a2b0254-8862-4525-ab4f-444df590b2b8","9/9/2020 02:03:31","admin","9/9/2020 10:04:13","我还没改","text","1"
"984296ecd1d44ee7955e8c148f07b1c5","admin","19/1/2021 02:29:45","1a2b0254-8862-4525-ab4f-444df590b2b8","19/1/2021 02:29:52","222","text","1"
"98a5a8527b624f45a113a2dffc1e9148","00d9428a-25f5-4ceb-ab9b-1a3c71989bb4","30/9/2020 09:04:14","0602f0ce-e33e-43e1-83e5-402a8d05bfb5","10/10/2020 09:04:41","[惊恐]","text","1"
"991c62de3d9b479f97cded98b957719d","1a2b0254-8862-4525-ab4f-444df590b2b8","9/9/2020 02:01:30","admin","9/9/2020 10:03:13","21121","text","1"
"9984ff98ad5649cfadb00395136b1406","42b5fa61-f20d-4cdb-815c-077f9d6d51f7","21/1/2021 02:01:59","3074194b-1d4d-432a-b2a8-1e07fa88d644","21/1/2021 03:52:50","5555","text","1"
"9abab54ae5564af484519f25c28cc63e","03d159a3-0f88-424c-a24f-02f63855fe4f","18/9/2020 03:10:57","admin","18/9/2020 11:11:06","这个是谁呀","text","1"
"9b49e367732249179b78ec6a36b19cd2","03d159a3-0f88-424c-a24f-02f63855fe4f","9/9/2020 09:41:22","9624fa22-ac3a-4184-af0b-b2c720df9d60","9/9/2020 17:41:42","111","text","1"
"9b93a3ffbc37417c851d33b7aad444e4","7e2d74f1-277a-4a51-9311-8d02d579f251","16/9/2020 03:01:01","03d159a3-0f88-424c-a24f-02f63855fe4f","18/9/2020 11:13:39","[睡]","text","1"
"9c69ffcdfd5b4c7aa56c660c076cd606","admin","20/1/2021 11:13:10","048657c1-ecb1-4e5d-aced-6126ceae779e","21/1/2021 08:22:21","asdfa","text","1"
"9ca436cd651c4602bb8f32dccd0b1331","03d159a3-0f88-424c-a24f-02f63855fe4f","5/11/2020 10:20:51","admin","6/11/2020 11:18:58","测试","text","1"
"9da5f6ba72064ce6a50b5f6720019563","admin","14/1/2021 08:41:43","00d9428a-25f5-4ceb-ab9b-1a3c71989bb4","15/1/2021 06:09:55","是否","text","1"
"9ec26ceafdfc4a439fdc9c9981b3f417","1a2b0254-8862-4525-ab4f-444df590b2b8","9/9/2020 02:08:01","admin","9/9/2020 10:08:00","21","text","1"
"9f8ce22372824efa8d8781e3d3c1c6f2","admin","16/9/2020 03:34:00","2b26acf3-91a4-42be-8f20-913b6f920c3a","17/9/2020 09:11:46","[乱]","text","1"
"a062649465214f10bcbce5eaefbc7058","03d159a3-0f88-424c-a24f-02f63855fe4f","14/1/2021 08:40:54","admin","14/1/2021 09:08:36","33","text","1"
"a06505400d9e44789f33f3b4ba558bc6","admin","14/1/2021 08:41:09","03d159a3-0f88-424c-a24f-02f63855fe4f","14/1/2021 08:41:09","45","text","1"
"a0b1f802327c4d288b03db9d550f8672","admin","18/9/2020 03:11:15","03d159a3-0f88-424c-a24f-02f63855fe4f","18/9/2020 11:11:24","[汗]","text","1"
"a0b9315ed38043e091654f60ca301919","03d159a3-0f88-424c-a24f-02f63855fe4f","18/9/2020 03:11:33","admin","18/9/2020 11:11:32","[疑问]","text","1"
"a0ffd998fc6b43aab935d5d081130f78","249cf67d-fd9d-42da-8c2f-0481a7113446","11/9/2020 03:27:04","03d159a3-0f88-424c-a24f-02f63855fe4f","11/9/2020 11:27:29","1","text","1"
"a2e33dd60c82422f85522608c4e2ec64","42b5fa61-f20d-4cdb-815c-077f9d6d51f7","21/1/2021 05:57:51","3074194b-1d4d-432a-b2a8-1e07fa88d644","21/1/2021 05:58:03","54564","text","1"
"a35811bc0ff5450cb2df4cf53ccff5f5","admin","18/9/2020 03:33:34","ea3b9f9e61584acf95d4142ad16f7883","18/9/2020 11:40:15","[高兴]","text","1"
"a53ed8bffed644d49885ee714261bc79","03d159a3-0f88-424c-a24f-02f63855fe4f","14/1/2021 08:40:22","admin","14/1/2021 09:08:36","1","text","1"
"a5439724f48b473ab31bbbb418247efc","admin","7/9/2020 06:47:44","00b0d34d-a5d6-43f7-a7d4-c8d5fbca8f8f",,"是非得失是非得失","text","0"
"a557e97eb7da4c0b887568af307be23a","048657c1-ecb1-4e5d-aced-6126ceae779e","25/12/2020 03:07:36","42b5fa61-f20d-4cdb-815c-077f9d6d51f7","19/1/2021 06:33:17","3","text","1"
"a7748573715a40748eb8b77cd2ff0414","2049f1bf-bd8d-43ca-bb3c-2d2833a16535","7/9/2020 06:47:55","1d230af0-7054-43e0-bcd0-60144d3ed1d1","7/9/2020 14:48:02","发送到爽肤水","text","1"
"a79965fcf2324588b39033a37b8fa26b","9624fa22-ac3a-4184-af0b-b2c720df9d60","6/11/2020 02:39:01","03d159a3-0f88-424c-a24f-02f63855fe4f","6/11/2020 11:00:15","哈哈","text","1"
"a7a78e0dbab34634b6e88b7673ce2f20","00d9428a-25f5-4ceb-ab9b-1a3c71989bb4","14/1/2021 08:18:20","admin","14/1/2021 08:51:36","2","text","1"
"a81883e9c8564874986fcef5590dde6b","admin","19/1/2021 02:26:04","048657c1-ecb1-4e5d-aced-6126ceae779e","21/1/2021 08:22:21","5552","text","1"
"a8b3a11e566441b0b8247b2b8dab5e94","03d159a3-0f88-424c-a24f-02f63855fe4f","11/9/2020 03:28:53","02ed7f16-1337-454d-ac47-3250551a1588",,"33","text","0"
"a90915ac2b554094bb1d2a7a2ec8521f","1a2b0254-8862-4525-ab4f-444df590b2b8","9/9/2020 03:16:34","admin","9/9/2020 11:19:01","[微笑]","text","1"
"a92d5cee1438465ea719d48788cb1ddf","admin","14/1/2021 08:41:41","00d9428a-25f5-4ceb-ab9b-1a3c71989bb4","15/1/2021 06:09:55","是非得失","text","1"
"a9bdd0b2b9564a1186f60f9e71d3aca7","3074194b-1d4d-432a-b2a8-1e07fa88d644","19/1/2021 06:29:23","42b5fa61-f20d-4cdb-815c-077f9d6d51f7","19/1/2021 06:29:44","qqq","text","1"
"aab5fefb4e1041e49ee1fc142f8bbb38","1d230af0-7054-43e0-bcd0-60144d3ed1d1","29/9/2020 03:36:04","admin","29/9/2020 11:36:03","爽肤水","text","1"
"aaecc1a78f7e4e8d888ee38e4f04f20d","1d230af0-7054-43e0-bcd0-60144d3ed1d1","29/9/2020 02:28:01","admin","29/9/2020 10:29:03","[伤心]","text","1"
"ab4f7405067d4435beffa836f5b25811","00d9428a-25f5-4ceb-ab9b-1a3c71989bb4","14/1/2021 08:18:19","admin","14/1/2021 08:51:36","2","text","1"
"ab698c36b75d44efbdacec6617450c0b","2049f1bf-bd8d-43ca-bb3c-2d2833a16535","7/9/2020 06:10:48","bd2e16c2680e410bb735a85027575e4f","7/9/2020 14:12:25","爽肤水","text","1"
"ab6b5b7761dc4d6ab2b8771e18e9a7ff","00d9428a-25f5-4ceb-ab9b-1a3c71989bb4","14/1/2021 08:18:01","admin","14/1/2021 08:51:36","2","text","1"
"ab93aec840604c1ab24539a7ac97267f","admin","19/1/2021 02:28:31","1a2b0254-8862-4525-ab4f-444df590b2b8","19/1/2021 02:28:31","1111","text","1"
"abdda78ab56e4a63a631fec643e66426","1d230af0-7054-43e0-bcd0-60144d3ed1d1","7/9/2020 06:48:15","2049f1bf-bd8d-43ca-bb3c-2d2833a16535","7/9/2020 14:48:15","[吐舌]","text","1"
"abe52bc6cfc04ea7a14e83f818db7fdc","admin","12/1/2021 06:52:47","1b9ff1635e65494a9e67dff56c915552","12/1/2021 06:54:31","[累]","text","1"
"b0301753f2fa40e8b0b1eab559a26474","0a85de84-4de0-4317-9767-25f95fdd9b1e","13/1/2021 02:41:38","0db19241-2688-40e1-a873-4d30de4aea30","13/1/2021 02:41:38","打算打打撒","text","1"
"b277fede243e4ae6874ebba1554db331","3074194b-1d4d-432a-b2a8-1e07fa88d644","21/1/2021 05:57:41","42b5fa61-f20d-4cdb-815c-077f9d6d51f7","21/1/2021 05:57:45","2225645","text","1"
"b2e9ff5f76674644bc6c8e39a81e605b","7e2d74f1-277a-4a51-9311-8d02d579f251","16/9/2020 03:01:09","03d159a3-0f88-424c-a24f-02f63855fe4f","18/9/2020 11:13:39","聊天测试","text","1"
"b3557ce7be6a4844bf407df6bc1e202a","03d159a3-0f88-424c-a24f-02f63855fe4f","14/1/2021 08:40:46","admin","14/1/2021 09:08:36","3","text","1"
"b432aa2892534634800c70523f6001ef","249cf67d-fd9d-42da-8c2f-0481a7113446","11/9/2020 03:27:54","03d159a3-0f88-424c-a24f-02f63855fe4f","11/9/2020 11:27:54","fff","text","1"
"b475db6e47ec44bd9c9a2412bf161548","00d9428a-25f5-4ceb-ab9b-1a3c71989bb4","14/1/2021 08:18:04","admin","14/1/2021 08:51:37","4","text","1"
"b536a243a8674cb4bbaa4d6260bec75a","42b5fa61-f20d-4cdb-815c-077f9d6d51f7","19/1/2021 07:24:27","3074194b-1d4d-432a-b2a8-1e07fa88d644","19/1/2021 07:24:27","yyeyety","text","1"
"b596c2adf7d14166820bf05a4e3d11ec","03d159a3-0f88-424c-a24f-02f63855fe4f","6/11/2020 02:31:45","9624fa22-ac3a-4184-af0b-b2c720df9d60","6/11/2020 10:32:06","{""path"":""2f3bc914cec4428ea8dd10b5b19c924b.png"",""width"":""1920"",""height"":""1080""}","image","1"
"b59e880b4aa248679599b4a8fdd130df","1a2b0254-8862-4525-ab4f-444df590b2b8","7/9/2020 03:40:59","bd2e16c2680e410bb735a85027575e4f","7/9/2020 11:46:56","12的事情多无群","text","1"
"b601c0f5e66844e3970d0a6dd44cf7fc","1a2b0254-8862-4525-ab4f-444df590b2b8","9/9/2020 02:08:00","admin","9/9/2020 10:07:59","12","text","1"
"b796d414b7c74f419b403e5106812cd3","00d9428a-25f5-4ceb-ab9b-1a3c71989bb4","14/1/2021 08:18:24","admin","14/1/2021 08:51:37","2","text","1"
"b8826b6b65c3467da73994d5f948d5d4","03d159a3-0f88-424c-a24f-02f63855fe4f","9/9/2020 09:41:49","9624fa22-ac3a-4184-af0b-b2c720df9d60","9/9/2020 17:42:29","44","text","1"
"b8f40ae96c7142c5812614d8e8de08b4","3074194b-1d4d-432a-b2a8-1e07fa88d644","19/1/2021 06:42:34","42b5fa61-f20d-4cdb-815c-077f9d6d51f7","19/1/2021 06:43:11","11","text","1"
"ba53f1bf82834c3faa6f2fbe1571c3fd","admin","20/1/2021 11:12:28","048657c1-ecb1-4e5d-aced-6126ceae779e","21/1/2021 08:22:21","{""path"":""b61ac776d98d4e74b161f52b726f9f35.png"",""width"":""1710"",""height"":""237""}","image","1"
"bb48468d50c64415a9a978f489c11b41","1a2b0254-8862-4525-ab4f-444df590b2b8","9/9/2020 02:08:23","admin","9/9/2020 10:08:23","[奇]","text","1"
"bb7d4c3ed30e494caed6410ed5a9c6a5","00d9428a-25f5-4ceb-ab9b-1a3c71989bb4","14/1/2021 08:18:18","admin","14/1/2021 08:51:37","2","text","1"
"bbc91878cfa645ebbf43ab8dd9cfdcc7","admin","14/1/2021 08:38:32","03d159a3-0f88-424c-a24f-02f63855fe4f","14/1/2021 08:38:32","的地方规范","text","1"
"bc19a0f95a764916bc717f8ebc88543c","1a2b0254-8862-4525-ab4f-444df590b2b8","9/9/2020 02:08:00","admin","9/9/2020 10:08:00","21","text","1"
"bc51576f689d44b0a56168caa7f7dc83","9624fa22-ac3a-4184-af0b-b2c720df9d60","6/11/2020 02:37:48","03d159a3-0f88-424c-a24f-02f63855fe4f","6/11/2020 10:38:27","[酷]","text","1"
"bc68e083387c4d04b6b7cb4b3e7b35cb","1a2b0254-8862-4525-ab4f-444df590b2b8","9/9/2020 02:08:00","admin","9/9/2020 10:08:00","21","text","1"
"bc944dfec7aa451886f425b9a5579b54","03d159a3-0f88-424c-a24f-02f63855fe4f","9/9/2020 09:36:48","ea3b9f9e61584acf95d4142ad16f7883","9/9/2020 17:36:48","33","text","1"
"bd55ca243a404300bb6cae625d2bd226","0db19241-2688-40e1-a873-4d30de4aea30","11/9/2020 08:00:43","00ca450b-141b-45d2-b6cb-94d818165543","12/9/2020 09:36:32","22222","text","1"
"bda8f9b9162643078ac75ec43babb173","00d9428a-25f5-4ceb-ab9b-1a3c71989bb4","14/1/2021 08:18:24","admin","14/1/2021 08:51:37","22","text","1"
"be4e82c169d04381975adeefd18d6e6c","2049f1bf-bd8d-43ca-bb3c-2d2833a16535","7/9/2020 06:44:34","admin","7/9/2020 14:45:27","撒大声地","text","1"
"be714fcf52954e4f96d8b42978784a85","1a2b0254-8862-4525-ab4f-444df590b2b8","9/9/2020 02:03:04","22736bf4-f2d5-4081-9fb4-ca43d6235f56","9/9/2020 11:10:44","3","text","1"
"bf9e0926ede24a599e20d7db219fe1a8","admin","2/12/2020 09:02:05","048657c1-ecb1-4e5d-aced-6126ceae779e","3/12/2020 21:54:13","地负海涵","text","1"
"bfa295d5449d4b7ebd57f3c1cd545dd7","1a2b0254-8862-4525-ab4f-444df590b2b8","9/9/2020 02:01:09","01936875-21d8-4af2-8066-3d8618f40dec","16/9/2020 17:13:50","3","text","1"
"c022be0b8e1f4508856198e4cc11425e","42b5fa61-f20d-4cdb-815c-077f9d6d51f7","19/1/2021 07:24:23","3074194b-1d4d-432a-b2a8-1e07fa88d644","19/1/2021 07:24:23","ttttt","text","1"
"c04531bf044d4b389d0dd9d0afe94744","1a2b0254-8862-4525-ab4f-444df590b2b8","11/9/2020 01:48:29","6533faa7-dfc6-4c8b-9b87-ee53f86cf2db","30/9/2020 14:59:23","222","text","1"
"c08e9de4f85441ea8c0ad4c4413a59ef","00d9428a-25f5-4ceb-ab9b-1a3c71989bb4","14/1/2021 08:18:13","admin","14/1/2021 08:51:37","11","text","1"
"c0c758f793c04ccc980e4066cb953dd4","1b9ff1635e65494a9e67dff56c915552","12/1/2021 06:52:36","admin","12/1/2021 06:52:36","[惊恐]","text","1"
"c121cf7edaad471fb06b47d827c0e4ad","0a72e7d8-b519-435b-9c43-6796a31c72ec","23/9/2020 09:23:14","42b5fa61-f20d-4cdb-815c-077f9d6d51f7","19/1/2021 06:35:36","33","text","1"
"c15f148c791845b9b4821580ed3d47a5","admin","5/11/2020 09:33:22","03d159a3-0f88-424c-a24f-02f63855fe4f","5/11/2020 18:20:22","[哭]","text","1"
"c17bbc1726404f989090ef9ca16e016b","3977de33-668c-4585-b09b-239aacfb4ebe","12/1/2021 05:36:53","9624fa22-ac3a-4184-af0b-b2c720df9d60","12/1/2021 05:36:53","[汗]","text","1"
"c1c81b3ab8a94001a1cc6c51218ac023","00d9428a-25f5-4ceb-ab9b-1a3c71989bb4","14/1/2021 08:18:08","admin","14/1/2021 08:51:37","8","text","1"
"c26de3a5df284b589631d44f3b931caa","1a2b0254-8862-4525-ab4f-444df590b2b8","19/1/2021 02:28:26","admin","19/1/2021 02:28:28","3","text","1"
"c279571050874bb6b1e0f3d5eb443e9a","admin","20/1/2021 11:12:58","048657c1-ecb1-4e5d-aced-6126ceae779e","21/1/2021 08:22:21","{""path"":""7116968bdcd941fdaa7014e50e0b0136.png"",""width"":""1070"",""height"":""1524""}","image","1"
"c28fc8299d444cfc87e1b4c0636053c1","ec63d618f8b643428b27f18336f73f4b","27/9/2020 02:36:14","admin","27/9/2020 10:39:28","[汗]","text","1"
"c2916f199b554e3693d0d9c869b05991","1d230af0-7054-43e0-bcd0-60144d3ed1d1","29/9/2020 02:28:05","admin","29/9/2020 10:29:03","[什么]","text","1"
"c3e9ec512f494a27858377906b243d8b","1a2b0254-8862-4525-ab4f-444df590b2b8","9/9/2020 02:07:06","admin","9/9/2020 10:07:05","12","text","1"
"c46d69b9ec394a2885d3a3dca9021e5b","admin","18/9/2020 03:11:41","03d159a3-0f88-424c-a24f-02f63855fe4f","18/9/2020 11:11:43","[闭眼]","text","1"
"c560743ceaf849bca7225d1d0ecc87e7","1a2b0254-8862-4525-ab4f-444df590b2b8","9/9/2020 02:08:01","admin","9/9/2020 10:08:01","2","text","1"
"c63a2101e62a45b8a243bf55d70a3d6c","00d9428a-25f5-4ceb-ab9b-1a3c71989bb4","14/1/2021 08:18:20","admin","14/1/2021 08:51:37","2","text","1"
"c65a4f334645467ea2cd837983804c8d","42b5fa61-f20d-4cdb-815c-077f9d6d51f7","19/1/2021 07:25:35","3074194b-1d4d-432a-b2a8-1e07fa88d644","19/1/2021 07:25:35","ytryrtyrtyhr","text","1"
"c6c1a58857dd405aa24363e428ea32e3","9624fa22-ac3a-4184-af0b-b2c720df9d60","12/1/2021 05:34:45","admin","12/1/2021 06:28:47","34343","text","1"
"c7d753f9a9fa4c2c8f45c3c0ea3db639","3074194b-1d4d-432a-b2a8-1e07fa88d644","19/1/2021 07:22:24","42b5fa61-f20d-4cdb-815c-077f9d6d51f7","19/1/2021 07:22:24","ttttttttttttttteeeeeeee","text","1"
"c85968d9a8ad4d149f0cb4d516b9cfee","3074194b-1d4d-432a-b2a8-1e07fa88d644","21/1/2021 02:30:04","42b5fa61-f20d-4cdb-815c-077f9d6d51f7","21/1/2021 05:57:45","顶顶顶","text","1"
"c85fee8fad954904930bb91ebe0315b9","1a2b0254-8862-4525-ab4f-444df590b2b8","9/9/2020 03:16:43","admin","9/9/2020 11:19:01","[抓狂]","text","1"
"c86d5f78be10475ead33e60b00480649","1a2b0254-8862-4525-ab4f-444df590b2b8","9/9/2020 02:01:09","01936875-21d8-4af2-8066-3d8618f40dec","16/9/2020 17:13:50","3","text","1"
"c8bca9a83f2643e989c51ba864919a30","admin","16/9/2020 03:34:18","03d159a3-0f88-424c-a24f-02f63855fe4f","18/9/2020 11:10:50","[鼓掌]","text","1"
"c8de322ef42646719560cdddeaf6994e","1a2b0254-8862-4525-ab4f-444df590b2b8","9/9/2020 02:01:08","01936875-21d8-4af2-8066-3d8618f40dec","16/9/2020 17:13:50","3","text","1"
"c9734b1582944846a4e938f620bca603","00d9428a-25f5-4ceb-ab9b-1a3c71989bb4","14/1/2021 08:17:59","admin","14/1/2021 08:51:37","1","text","1"
"c9f837db53c044a8baa62e41db7732c2","admin","29/9/2020 03:35:56","1d230af0-7054-43e0-bcd0-60144d3ed1d1","29/9/2020 11:36:00","鼎折覆餗","text","1"
"cb155658f28f43e0b9a40883000fd1b2","admin","7/9/2020 06:45:39","7e2d74f1-277a-4a51-9311-8d02d579f251","11/9/2020 17:26:27","师德师风爽肤水","text","1"
"cb715493194e403780a1bf9d3d78ee6e","admin","29/9/2020 02:29:19","1d230af0-7054-43e0-bcd0-60144d3ed1d1","29/9/2020 10:29:55","测试的","text","1"
"cbaa071e09c64dddbed6f0a0efe814d6","admin","14/1/2021 09:14:54","1d3ed6260fb8441a8055c427bdad8acd",,"222","text","0"
"cbad5a223b58400aa7b6c74fcdf212ae","03d159a3-0f88-424c-a24f-02f63855fe4f","14/1/2021 08:40:56","admin","14/1/2021 09:08:36","3","text","1"
"cc0735d2652d485795cd7fd146fa9435","03d159a3-0f88-424c-a24f-02f63855fe4f","14/1/2021 08:40:19","admin","14/1/2021 09:08:36","1","text","1"
"ccc3850fa08346efa0e81ba0dcdde3c9","7e2d74f1-277a-4a51-9311-8d02d579f251","14/9/2020 06:57:01","admin","14/9/2020 14:57:14","测试啊","text","1"
"cdbd92f6d2e7453499fc9f0515fbbc2b","1a2b0254-8862-4525-ab4f-444df590b2b8","9/9/2020 02:07:59","admin","9/9/2020 10:07:59","21","text","1"
"ce11868c19654040924620e47575e02f","1a2b0254-8862-4525-ab4f-444df590b2b8","9/9/2020 02:03:46","admin","9/9/2020 10:04:13","3","text","1"
"ce9c8ec118be4cfb9c255eb24f38de54","0a72e7d8-b519-435b-9c43-6796a31c72ec","23/9/2020 01:19:26","42b5fa61-f20d-4cdb-815c-077f9d6d51f7","19/1/2021 06:35:37","1","text","1"
"ced4c8cd24274a38a139714d58cbdeea","249cf67d-fd9d-42da-8c2f-0481a7113446","11/9/2020 03:29:33","249cf67d-fd9d-42da-8c2f-0481a7113446","11/9/2020 11:29:33","33","text","1"
"d03acc749e9c49a9841a3d7236f261c9","admin","14/9/2020 06:57:57","05fdd3185e624d0d84f048186344d899","14/9/2020 16:03:25","出错","text","1"
"d0ffe0ce0f184fea8bd00fc36f4416db","1a2b0254-8862-4525-ab4f-444df590b2b8","9/9/2020 02:07:24","admin","9/9/2020 10:07:23","111","text","1"
"d24e779774bd419a9cc5c2613f8e3b63","1a2b0254-8862-4525-ab4f-444df590b2b8","9/9/2020 02:01:57","bd2e16c2680e410bb735a85027575e4f","29/9/2020 09:45:06","12的事情多无群","text","1"
"d2ff26aa70ed4d14a2564c5fec87cd9f","1a2b0254-8862-4525-ab4f-444df590b2b8","9/9/2020 02:06:44","admin","9/9/2020 10:06:44","但是你那边接的到","text","1"
"d30cd34224c846d6a9b5ba683458ac1a","03d159a3-0f88-424c-a24f-02f63855fe4f","5/11/2020 09:27:45","admin","5/11/2020 17:33:15","你好，还
","text","1"
"d34711b0658c4ae6a998bbbe14083c2b","admin","14/1/2021 08:37:39","03d159a3-0f88-424c-a24f-02f63855fe4f","14/1/2021 08:38:21","就看见第三方、","text","1"
"d38342fa569243bd94f2052819ea68fd","2049f1bf-bd8d-43ca-bb3c-2d2833a16535","7/9/2020 06:44:26","1a2b0254-8862-4525-ab4f-444df590b2b8","9/9/2020 10:01:16","[快乐]","text","1"
"d3c6d0f69e3646cbad5a0e343e2cc784","9624fa22-ac3a-4184-af0b-b2c720df9d60","6/11/2020 02:32:26","03d159a3-0f88-424c-a24f-02f63855fe4f","6/11/2020 10:36:10","在吗","text","1"
"d40027376f1d4aa79be22010e6d6f5ad","3977de33-668c-4585-b09b-239aacfb4ebe","12/1/2021 05:35:12","9624fa22-ac3a-4184-af0b-b2c720df9d60","12/1/2021 05:35:16","是非得失","text","1"
"d41367586c524556adef0d16752ba6d6","00d9428a-25f5-4ceb-ab9b-1a3c71989bb4","30/9/2020 09:04:05","0602f0ce-e33e-43e1-83e5-402a8d05bfb5","10/10/2020 09:04:41","[笑]","text","1"
"d456843a8fd64ceab1d0add3f47f3ce5","admin","16/9/2020 03:00:13","7e2d74f1-277a-4a51-9311-8d02d579f251","16/9/2020 11:00:20","哈哈","text","1"
"d4a5ddd576c045f6a1c85e5902c21ba9","admin","19/1/2021 02:26:25","048657c1-ecb1-4e5d-aced-6126ceae779e","21/1/2021 08:22:21","[累]","text","1"
"d4d257d4f8fd4a60ad619ea306908d29","admin","3/11/2020 07:38:17","03d159a3-0f88-424c-a24f-02f63855fe4f","3/11/2020 15:44:30","[瞪眼]","text","1"
"d5545fe68ed14b199820db3ca862ce7e","03d159a3-0f88-424c-a24f-02f63855fe4f","11/9/2020 03:28:43","03d159a3-0f88-424c-a24f-02f63855fe4f","11/9/2020 11:28:43","11","text","1"
"d5919003f710486bb8561a8f43a361d0","2049f1bf-bd8d-43ca-bb3c-2d2833a16535","7/9/2020 06:43:04","03d159a3-0f88-424c-a24f-02f63855fe4f","7/9/2020 16:57:47","颠三倒四[疯]","text","1"
"d5fa9090b64e4aa3bfbc7bdd074ec2d3","00d9428a-25f5-4ceb-ab9b-1a3c71989bb4","30/9/2020 09:03:51","0602f0ce-e33e-43e1-83e5-402a8d05bfb5","10/10/2020 09:04:41","[疑问]","text","1"
"d617ae6805da45c7856e5a1097c1f398","3074194b-1d4d-432a-b2a8-1e07fa88d644","19/1/2021 07:22:56","42b5fa61-f20d-4cdb-815c-077f9d6d51f7","19/1/2021 07:22:56","ytyrtyrty","text","1"
"d62630398d434ac7bc432a29d088d65b","9624fa22-ac3a-4184-af0b-b2c720df9d60","6/11/2020 02:32:21","03d159a3-0f88-424c-a24f-02f63855fe4f","6/11/2020 10:36:10","[看]","text","1"
"d681337ebcc74ae6b539c730a9ab7935","42b5fa61-f20d-4cdb-815c-077f9d6d51f7","21/1/2021 05:58:17","3074194b-1d4d-432a-b2a8-1e07fa88d644","21/1/2021 05:58:18","顶顶顶顶","text","1"
"d682043141134ccfba92a914d02c4e4a","1a2b0254-8862-4525-ab4f-444df590b2b8","9/9/2020 02:07:58","admin","9/9/2020 10:07:58","331","text","1"
"d7ba096887b84adc9eec50adde09720a","3074194b-1d4d-432a-b2a8-1e07fa88d644","19/1/2021 07:22:12","42b5fa61-f20d-4cdb-815c-077f9d6d51f7","19/1/2021 07:22:12","qqwerewrwerwerw","text","1"
"d8a9340c90854dbeb8846b6886beb076","3074194b-1d4d-432a-b2a8-1e07fa88d644","21/1/2021 02:30:10","42b5fa61-f20d-4cdb-815c-077f9d6d51f7","21/1/2021 05:57:45","高浮雕高浮雕","text","1"
"d8f63327f4cb405cb92e0a63bcf9ee3b","00d9428a-25f5-4ceb-ab9b-1a3c71989bb4","14/1/2021 08:18:03","admin","14/1/2021 08:51:37","3","text","1"
"d964183dce3743a0a2f09a55b5d143e6","admin","9/9/2020 03:25:17","1a2b0254-8862-4525-ab4f-444df590b2b8","9/9/2020 11:25:16","是的，很难再重显情况，就是不稳定。有时候很正常，有时候突然不正常","text","1"
"d9cb5d850f2d44699d59a53dfe846962","0a72e7d8-b519-435b-9c43-6796a31c72ec","23/9/2020 00:57:23","42b5fa61-f20d-4cdb-815c-077f9d6d51f7","19/1/2021 06:35:37","123","text","1"
"dba45da030b748fb8992e2fdd97eea7f","2049f1bf-bd8d-43ca-bb3c-2d2833a16535","22/9/2020 02:42:19","05fdd3185e624d0d84f048186344d899",,"[囧]","text","0"
"dbd13d4c49804c29b908c7cee0956a2d","249cf67d-fd9d-42da-8c2f-0481a7113446","11/9/2020 03:29:41","249cf67d-fd9d-42da-8c2f-0481a7113446","11/9/2020 11:29:40","56","text","1"
"dbe803f4b34e4cf4868c870c3d1a3650","0a72e7d8-b519-435b-9c43-6796a31c72ec","23/9/2020 01:20:22","ec63d618f8b643428b27f18336f73f4b","27/9/2020 10:28:31","4","text","1"
"dc059e1725184d7c9137fb977d1b2ba7","admin","14/1/2021 08:37:35","03d159a3-0f88-424c-a24f-02f63855fe4f","14/1/2021 08:38:21","爽肤水","text","1"
"dca0228a981848a9acae00bd79a3d302","42b5fa61-f20d-4cdb-815c-077f9d6d51f7","19/1/2021 07:24:31","3074194b-1d4d-432a-b2a8-1e07fa88d644","19/1/2021 07:24:32","gggg","text","1"
"dcb6517a64234d46882a4505d93c48f4","03d159a3-0f88-424c-a24f-02f63855fe4f","7/9/2020 09:01:36","1d230af0-7054-43e0-bcd0-60144d3ed1d1","29/9/2020 10:27:38","是非得失是否水电费","text","1"
"dcbeb3b189a04980906ec2de9b57e87a","admin","16/9/2020 03:00:09","7e2d74f1-277a-4a51-9311-8d02d579f251","16/9/2020 11:00:20","你好，在忙吗","text","1"
"dce5e1f0a74142d1b4ac6a233be672fc","42b5fa61-f20d-4cdb-815c-077f9d6d51f7","19/1/2021 07:24:41","3074194b-1d4d-432a-b2a8-1e07fa88d644","19/1/2021 07:24:41","qqwer","text","1"
"dcfdd9a094bc424ca417544ad4a57b73","00d9428a-25f5-4ceb-ab9b-1a3c71989bb4","14/1/2021 08:18:22","admin","14/1/2021 08:51:37","2","text","1"
"dddda8c53858484b88ecbd522a9b1caf","048657c1-ecb1-4e5d-aced-6126ceae779e","5/11/2020 03:09:30","e8483211-1bf9-42d5-8c94-770f6cc99fa1","10/11/2020 10:26:46","test","text","1"
"ddea774cc7e24632aecbbee2deb1afbc","0a85de84-4de0-4317-9767-25f95fdd9b1e","13/1/2021 02:41:29","0db19241-2688-40e1-a873-4d30de4aea30","13/1/2021 02:41:29","打撒打死大所大所大所","text","1"
"de4a5ded38f846fa80726ff7f76b8d58","00d9428a-25f5-4ceb-ab9b-1a3c71989bb4","14/1/2021 08:18:18","admin","14/1/2021 08:51:37","2","text","1"
"de5e7c328ac848cb9b7c1bdc94ea23b1","admin","14/1/2021 08:37:44","03d159a3-0f88-424c-a24f-02f63855fe4f","14/1/2021 08:38:21","帝国饭店","text","1"
"df01eb863b0c412390ff42b7b9216710","1a2b0254-8862-4525-ab4f-444df590b2b8","9/9/2020 02:08:00","admin","9/9/2020 10:08:00","21","text","1"
"df2e7b40bb5c4808ad508f45fe8242d3","admin","19/1/2021 02:26:11","048657c1-ecb1-4e5d-aced-6126ceae779e","21/1/2021 08:22:21","[惊恐]","text","1"
"e042d9708a494ffe915e47d32b88703e","admin","14/1/2021 08:39:27","03d159a3-0f88-424c-a24f-02f63855fe4f","14/1/2021 08:39:27","非官方个","text","1"
"e053bb3b5dac46bca7ab6720759b2382","00d9428a-25f5-4ceb-ab9b-1a3c71989bb4","14/1/2021 08:18:18","admin","14/1/2021 08:51:37","2","text","1"
"e08a909016b34b3a8189cd0edd6778de","22736bf4-f2d5-4081-9fb4-ca43d6235f56","17/9/2020 03:15:10","1a2b0254-8862-4525-ab4f-444df590b2b8","17/9/2020 14:46:33","钉钉","text","1"
"e1ed1d48f32d46a9b4bdd3c02000ccf5","9624fa22-ac3a-4184-af0b-b2c720df9d60","14/1/2021 08:43:11","admin","14/1/2021 09:08:37","232","text","1"
"e21b4b3dc52d40cf9c2721a4d552b338","admin","18/9/2020 03:11:45","03d159a3-0f88-424c-a24f-02f63855fe4f","18/9/2020 11:11:44","[笑]","text","1"
"e2d9b2d973464f528b9d3b65208a4290","admin","12/1/2021 06:52:43","1b9ff1635e65494a9e67dff56c915552","12/1/2021 06:54:31","[高兴]","text","1"
"e3280de5de73485b9db65a47d3759822","03d159a3-0f88-424c-a24f-02f63855fe4f","9/9/2020 09:41:55","249cf67d-fd9d-42da-8c2f-0481a7113446","9/9/2020 17:42:25","33","text","1"
"e38acc0740214506b79d4c70c6ce976e","3074194b-1d4d-432a-b2a8-1e07fa88d644","21/1/2021 01:17:01","42b5fa61-f20d-4cdb-815c-077f9d6d51f7","21/1/2021 02:01:52","啊啊啊","text","1"
"e3dade0bbcda407397e197c0b1c2a89a","2049f1bf-bd8d-43ca-bb3c-2d2833a16535","7/9/2020 06:44:29","1a2b0254-8862-4525-ab4f-444df590b2b8","9/9/2020 10:01:16","测试啊","text","1"
"e4a7d768121e46ecb4880fc2152dd2a5","03d159a3-0f88-424c-a24f-02f63855fe4f","14/1/2021 08:40:21","admin","14/1/2021 09:08:36","11","text","1"
"e6311efeea37427d979ada1dabb148bf","249cf67d-fd9d-42da-8c2f-0481a7113446","11/9/2020 03:29:32","249cf67d-fd9d-42da-8c2f-0481a7113446","11/9/2020 11:29:31","222","text","1"
"e681c393f9df4ca0a58e6f73c49c56f5","1a2b0254-8862-4525-ab4f-444df590b2b8","9/9/2020 02:01:27","admin","9/9/2020 10:03:13","12121","text","1"
"e6a6e855830d4fedb4c577ff2004496d","1a2b0254-8862-4525-ab4f-444df590b2b8","9/9/2020 02:01:10","01936875-21d8-4af2-8066-3d8618f40dec","16/9/2020 17:13:50","3","text","1"
"e719589829cd4bbfb3419921cf3e4e81","00d9428a-25f5-4ceb-ab9b-1a3c71989bb4","14/1/2021 08:18:18","admin","14/1/2021 08:51:37","2","text","1"
"e8520c605ad348c19d5e39f4b07e1dfb","00d9428a-25f5-4ceb-ab9b-1a3c71989bb4","14/1/2021 08:18:26","admin","14/1/2021 08:51:38","2233","text","1"
"e87d78808e30471e9c0501a37ccaff54","admin","12/1/2021 08:09:23","1b9ff1635e65494a9e67dff56c915552","12/1/2021 08:10:50","34343","text","1"
"e8dfe7ebf81f4283a59c5d287d8ea1d2","1a2b0254-8862-4525-ab4f-444df590b2b8","9/9/2020 02:08:34","admin","9/9/2020 10:08:33","[酷]","text","1"
"e9cf800d0dd0433d9cb8198577c0ff5b","admin","12/1/2021 06:51:59","1b9ff1635e65494a9e67dff56c915552","12/1/2021 06:52:12","是否","text","1"
"ea01eb1f5cf7469c9d8dd73210410dde","admin","20/1/2021 11:12:23","048657c1-ecb1-4e5d-aced-6126ceae779e","21/1/2021 08:22:21","{""path"":""aca9b84dd6ff42afbfdf5d6258d496b0.png"",""width"":""1710"",""height"":""237""}","image","1"
"ea38b0a7c8e342c9ba80225f2584cd2b","2049f1bf-bd8d-43ca-bb3c-2d2833a16535","7/9/2020 06:44:21","1a2b0254-8862-4525-ab4f-444df590b2b8","9/9/2020 10:01:16","是三十多岁多","text","1"
"eaf6615b97354b3dbbc0eaef86a70ad2","00d9428a-25f5-4ceb-ab9b-1a3c71989bb4","30/9/2020 09:04:57","0602f0ce-e33e-43e1-83e5-402a8d05bfb5","10/10/2020 09:04:41","[闲]","text","1"
"ec07602498d74b05a9bf77d8eb9243b9","admin","16/9/2020 03:34:22","03d159a3-0f88-424c-a24f-02f63855fe4f","18/9/2020 11:10:50","[哭]","text","1"
"ecae0aedfc554532b7c8c07a7996bdb0","1d230af0-7054-43e0-bcd0-60144d3ed1d1","7/9/2020 06:42:01","03d159a3-0f88-424c-a24f-02f63855fe4f","7/9/2020 16:15:34","是是是","text","1"
"ee25e790759440e6b4e7f5fa9af84ae5","1a2b0254-8862-4525-ab4f-444df590b2b8","9/9/2020 02:01:22","2049f1bf-bd8d-43ca-bb3c-2d2833a16535","21/9/2020 09:44:57","纤维素","text","1"
"eedf524e37eb4dc88e2f0d67fdb32ceb","admin","19/1/2021 02:29:24","admin","19/1/2021 10:33:34","111","text","1"
"ef44cd9c22624c188aca9cc7041eda44","3074194b-1d4d-432a-b2a8-1e07fa88d644","19/1/2021 06:22:49","00d9428a-25f5-4ceb-ab9b-1a3c71989bb4","20/1/2021 01:04:12","dsfdsf","text","1"
"f0012bcd79334bdca8f84280ebd49c16","2049f1bf-bd8d-43ca-bb3c-2d2833a16535","7/9/2020 08:57:27","bd2e16c2680e410bb735a85027575e4f","7/9/2020 16:57:31","大幅度","text","1"
"f005b41cc74f49a9aeefee6b798cf5fb","2049f1bf-bd8d-43ca-bb3c-2d2833a16535","7/9/2020 03:47:25","bd2e16c2680e410bb735a85027575e4f","7/9/2020 11:47:33","有事情找你鼎折覆餗","text","1"
"f0a20fb83ce649d293999ff1fd12ead0","00d9428a-25f5-4ceb-ab9b-1a3c71989bb4","14/1/2021 08:17:15","admin","14/1/2021 08:51:38","213","text","1"
"f17fbcc8d3b741d2b2add5ec02768e5d","03d159a3-0f88-424c-a24f-02f63855fe4f","14/1/2021 08:40:17","admin","14/1/2021 09:08:36","感觉个","text","1"
"f19f20d3c41b4ec688ab7fd1e3cc0116","03d159a3-0f88-424c-a24f-02f63855fe4f","20/1/2021 11:17:31","admin","20/1/2021 11:17:41","[发呆][笑]","text","1"
"f1cdbff2ce2e4366a679cdbf2fd5861f","admin","14/1/2021 08:39:58","03d159a3-0f88-424c-a24f-02f63855fe4f","14/1/2021 08:40:00","施工方第三方","text","1"
"f1e453bdc4d543f9a5d6d1e635e767cf","3074194b-1d4d-432a-b2a8-1e07fa88d644","19/1/2021 07:25:29","42b5fa61-f20d-4cdb-815c-077f9d6d51f7","19/1/2021 07:25:29","erewrewrewr","text","1"
"f216a1e07c9148a9a4cf12a235508e98","admin","7/1/2021 05:59:10","03d159a3-0f88-424c-a24f-02f63855fe4f","7/1/2021 11:57:01","[秘密]","text","1"
"f282097b788d4adea43aaff45a5a0f8e","3977de33-668c-4585-b09b-239aacfb4ebe","12/1/2021 05:36:50","9624fa22-ac3a-4184-af0b-b2c720df9d60","12/1/2021 05:36:50","订单","text","1"
"f32e0711cbd34f499c58d3284d2ca316","9624fa22-ac3a-4184-af0b-b2c720df9d60","6/11/2020 02:32:24","03d159a3-0f88-424c-a24f-02f63855fe4f","6/11/2020 10:36:10","你好","text","1"
"f35da521e89c483e9b4f6e4e197f5e2b","9624fa22-ac3a-4184-af0b-b2c720df9d60","9/9/2020 09:42:14","249cf67d-fd9d-42da-8c2f-0481a7113446","9/9/2020 17:42:23","44444","text","1"
"f4cc93e0e7594e19b3ea2c0bbf30840a","03d159a3-0f88-424c-a24f-02f63855fe4f","9/9/2020 09:41:07","9624fa22-ac3a-4184-af0b-b2c720df9d60","9/9/2020 17:41:42","444","text","1"
"f578efbb73ab41b1badec3c83ff7d1ec","03d159a3-0f88-424c-a24f-02f63855fe4f","20/1/2021 06:41:24","42b5fa61-f20d-4cdb-815c-077f9d6d51f7",,"ggh","text","0"
"f579f76741044116b259d0b066558fcd","42b5fa61-f20d-4cdb-815c-077f9d6d51f7","21/1/2021 06:54:42","3074194b-1d4d-432a-b2a8-1e07fa88d644","21/1/2021 07:17:25","韩国返回结果","text","1"
"f5ad3d5b1af84d30b4c44b4a75fd1e9e","1d230af0-7054-43e0-bcd0-60144d3ed1d1","7/9/2020 07:47:57","bd2e16c2680e410bb735a85027575e4f","7/9/2020 15:48:05","是否是","text","1"
"f6036e9bf2a2496dae7d2f6f33dfe22d","03d159a3-0f88-424c-a24f-02f63855fe4f","20/1/2021 11:32:32","admin","20/1/2021 12:13:36","ghb","text","1"
"f6c77c653820466db14957c9b00dfc42","01936875-21d8-4af2-8066-3d8618f40dec","16/9/2020 09:14:27","31c229cd-7459-4134-8f21-9a0555216a0d","17/9/2020 09:18:22","[墨镜]","text","1"
"f76c2362199f4bdabd2e233e31e943cc","0a72e7d8-b519-435b-9c43-6796a31c72ec","23/9/2020 01:49:28","42b5fa61-f20d-4cdb-815c-077f9d6d51f7","19/1/2021 06:35:37","[伤心]","text","1"
"f7b35f56597a404f80806db19ff2604c","ec63d618f8b643428b27f18336f73f4b","27/9/2020 02:36:16","admin","27/9/2020 10:39:28","胜多负少","text","1"
"f866128d9169453cbbdd7597a747b81c","00d9428a-25f5-4ceb-ab9b-1a3c71989bb4","30/9/2020 09:23:02","0a72e7d8-b519-435b-9c43-6796a31c72ec","9/10/2020 13:58:47","151","text","1"
"f914777f467b4cebbf882da794dffbf4","ec63d618f8b643428b27f18336f73f4b","27/9/2020 02:28:42","admin","27/9/2020 10:30:07","[惊恐]","text","1"
"f998ad48674d4455bcb00c3a37965dd7","048657c1-ecb1-4e5d-aced-6126ceae779e","19/1/2021 05:46:39","42b5fa61-f20d-4cdb-815c-077f9d6d51f7","19/1/2021 06:33:17","qqq","text","1"
"faef0830088940f787fc7283421bee43","ec63d618f8b643428b27f18336f73f4b","27/9/2020 02:28:47","admin","27/9/2020 10:30:07","师傅的说法","text","1"
"fb1d876241b346479d58484151dbc898","0a72e7d8-b519-435b-9c43-6796a31c72ec","9/10/2020 05:58:53","00d9428a-25f5-4ceb-ab9b-1a3c71989bb4","13/10/2020 09:06:07","131","text","1"
"fb435f6eb4af455cad4f99576a61e5b4","03d159a3-0f88-424c-a24f-02f63855fe4f","6/11/2020 02:37:23","9624fa22-ac3a-4184-af0b-b2c720df9d60","6/11/2020 10:37:40","[笑]","text","1"
"fd2e2a4f37d0439ebdff2bab17e15500","048657c1-ecb1-4e5d-aced-6126ceae779e","19/1/2021 02:24:45","admin","19/1/2021 02:26:25","[发呆]","text","1"
"fe446bce611d4824bacddfc81751c24f","00d9428a-25f5-4ceb-ab9b-1a3c71989bb4","14/1/2021 08:18:23","admin","14/1/2021 08:51:38","2","text","1"
"fe7f97b4a93346c8afe1fce2b63a0169","ea3b9f9e61584acf95d4142ad16f7883","18/9/2020 03:40:29","048657c1-ecb1-4e5d-aced-6126ceae779e","23/9/2020 10:51:04","测试测试","text","1"
"ffbb06f0e2c24ed3acb572945079045c","03d159a3-0f88-424c-a24f-02f63855fe4f","9/9/2020 09:36:46","ea3b9f9e61584acf95d4142ad16f7883","9/9/2020 17:36:46","44","text","1"
"fff8fcc901004dd092061c317ada0463","admin","14/1/2021 08:42:45","03d159a3-0f88-424c-a24f-02f63855fe4f","14/1/2021 10:08:27","4534","text","1"
