"F_Id","F_ParentId","F_FullName","F_EnCode","F_BindTable","F_BindTableName","F_PropertyJson","F_Description","F_SortCode","F_EnabledMark","F_CreatorTime","F_CreatorUserId","F_LastModifyTime","F_LastModifyUserId","F_DeleteMark","F_DeleteTime","F_DeleteUserId","F_ModuleId"
"00d3874e69094b5b8ed17f58de006993",,"岗位","position","gridTable",,,,"191130123408460","1","30/11/2019 12:34:08","admin","8/1/2021 09:26:05",,,,,"b3e60c5216c44c3bad8e148b11ef75e2"
"01bb3803b3b34cc1ac5768366b4c00a2",,"机构","department","gridTable",,,,"191130123408459","1","30/11/2019 12:34:08","admin","8/1/2021 09:25:55",,,,,"b3e60c5216c44c3bad8e148b11ef75e2"
"06531f2512f347c6bda59bded959ad2a",,"当前节点 / 创建时间","creatorTime","gridTable",,,,"180628104113407","1","28/6/2018 10:41:13","admin","8/1/2021 09:46:06",,,,,"4d2cb987fd9047d19e010cce01039fea"
"078b12c528524659938220b85733d83f",,"请求耗时","requestDuration",,,,,"20200703100147196","1","8/1/2021 02:54:22","02ed7f16-1337-454d-ac47-3250551a1588",,,,,,"0BF2E270-E214-4D3B-9F7C-D5B000068202"
"07f77b9c4c9e45f5b71efdddf6979657",,"接口类型","dataType","gridTable",,,,"200516170103879","1","8/1/2021 06:34:09",,,,,,,"c2122f82fc9c40fca0eb0392d7337e6b"
"07fbb65e2d8e4ed8beab75c122fab962",,"发布状态","enabledMark","gridTable",,,,"171228145937727","1","28/12/2017 14:59:38","admin","8/1/2021 02:21:53","02ed7f16-1337-454d-ac47-3250551a1588",,,,"97310591eada49f7920d73b554c59212"
"08c7e4aa1f7644568f7e289fba22b004",,"图片/语音/视频/封面","fileJson","gridTable_photo","图片",,,"191130123014902","1","30/11/2019 12:30:15","admin","8/1/2021 09:22:54",,,,,"aa12ebbd21d644b0bc8e77cf5abaed27"
"09c008cdc4b94d89a344a5224b3ac5b8","-1","所属部门","depname",,,,,"0","1","19/1/2021 10:59:19","admin",,,,,,"12f57de476a34980b80d2a8b21d1f11a"
"0ad27b9c3ef84ff98ae3568bd9be4435",,"修改人","lastModifyUser","gridTable",,,,"200516170103875","1","8/1/2021 06:06:50",,,,,,,"ef96d397af964fb7a4363c516270a4f4"
"0baf9ee4f17145ac9fc8a5ce260379cb",,"说明","description",,,,,"20200703100147149","1","7/1/2021 05:47:19","00d9428a-25f5-4ceb-ab9b-1a3c71989bb4",,,,,,"f6b7ce17cef147b0bb97abdc6c95e12a"
"0cee8271e844410bb5878a62b1fd55fb",,"订单备注","F_Description","gridTable","订单信息",,,"191130123935278","1","30/11/2019 12:39:35","admin",,,,,,"F4FCA43A-B563-4149-AB16-486589CFC154"
"0e859966a1214ec893c41afd2eceb88a",,"办理时间","creatorTime","gridTable",,,,"191207180825424","1","7/12/2019 18:08:25","admin","8/1/2021 09:58:56",,,,,"a8a67a231b924cf88981b61359179d06"
"112f2927bba340b3bd65a44750f31af4",,"备注","description","gridTable",,,,"191130123408462","1","30/11/2019 12:34:08","admin","8/1/2021 09:26:38",,,,,"b3e60c5216c44c3bad8e148b11ef75e2"
"1146af751d694982a59d9be5197948a6",,"紧急程度 / 经办节点","flowUrgent","gridTable",,,,"191207180752234","1","7/12/2019 18:07:52","admin","8/1/2021 09:48:01",,,,,"72d38eb93b4b453b93baedcdd16e7a17"
"12e3121886124a4fbc8b562219c8439f",,"排序","sortCode","gridTable",,,,"200516170103905","1","8/1/2021 09:40:05",,,,,,,"07029F61-993A-4A46-BF56-20DE382F4F66"
"14496bb4af834e31a4a1293bcc5d0bec",,"描述","F_Digest","gridTable_news","图文",,,"191130123203334","1","30/11/2019 12:32:03","admin",,,,,,"aa12ebbd21d644b0bc8e77cf5abaed27"
"1482607456c441dbb96bfe3c0e167913",,"排序","sortCode","gridTable",,,,"200516170103902","1","8/1/2021 09:32:52",,,,,,,"564f7317aadb4a608bb45393f5498876"
"14b23ef533b54dd7a57b55b5ab813bfe",,"业务名称","fullName","gridTable",,,,"180420114303913","1","20/4/2018 11:43:04","admin","8/1/2021 06:02:54",,,,,"d1d4cce0e6bd4346a4de288d8ea560b1"
"15c4d8d27e2c4bf696d00a03b0abd74b",,"单位","F_Unit","orderEntryTable","订单商品",,,"191130123955283","1","30/11/2019 12:39:55","admin",,,,,,"F4FCA43A-B563-4149-AB16-486589CFC154"
"1892a96cfe4a43af81e3484b43600cca",,"所属流程 / 所属分类","flowCategory","gridTable",,,,"191207180853074","1","7/12/2019 18:08:54","admin","8/1/2021 09:59:47",,,,,"fb0888d9111a40a0adb44ccdf9dbb5c6"
"1a8bbf13eb594744813043a0b093982f",,"说明","description",,,,,"20200703100147141","1","7/1/2021 05:45:38","00d9428a-25f5-4ceb-ab9b-1a3c71989bb4",,,,,,"85cd7bca426e49ce83a061bf461b1447"
"1b9ebacfaf274d0ba8bab873f91d2c7c",,"地图编码","enCode","gridTable",,,,"200516170103885","1","8/1/2021 06:51:47",,,,,,,"118f8281f52f4719bacbcf1f86adc2e3"
"1c78812166ca490faf98e58fbd0abe49",,"创建人","creatorUser","gridTable",,,,"200516170103873","1","8/1/2021 06:06:09",,,,,,,"ef96d397af964fb7a4363c516270a4f4"
"1c8f1588a9174042a2525fd9c36e4044",,"菜单名称","fullName","gridTable",,,,"191130122433847","1","30/11/2019 12:24:34","admin","8/1/2021 08:26:39",,,,,"698d6192107142c4888901b7a427a8ba"
"1ca58a66b5d9449d9e688b534b385df6",,"备注","description","gridTable",,,,"200516170103900","1","8/1/2021 09:32:36",,,,,,,"564f7317aadb4a608bb45393f5498876"
"1cf0803691a546a0b1f766b1fd9cbd09",,"排序","sortCode","gridTable",,,,"200516170103907","1","8/1/2021 09:44:26",,,,,,,"fe0150960dd542ec9328067e4495074b"
"1de333e57b3f40c383107582d81e8bfc",,"流水状态","enabledMark","gridTable",,,,"180420114515627","1","20/4/2018 11:45:05","admin","8/1/2021 06:03:55",,,,,"d1d4cce0e6bd4346a4de288d8ea560b1"
"1e5b1c15ba924b74ac5539c205869d0f",,"提交状态","submitState","gridTable",,,,"191130123309087","1","30/11/2019 12:33:10","admin","8/1/2021 09:24:29",,,,,"e705a1d2caf54d5d9a5827db0ceab585"
"1f4bafe6bcc8472991ee6b5281fc3925",,"户名","realName","gridTable",,,,"191209113730587","1","9/12/2019 11:37:31","admin","8/1/2021 09:36:26",,,,,"4DDA6A84-A432-421C-9CE9-DB7A56033B02"
"1fb654d90b1449edb179ffc8d58a498b",,"登录设备","loginPlatForm","gridTable",,,,"171019111251640","1","19/10/2017 11:12:52",,"8/1/2021 09:41:37",,,,,"A62AB009-57F1-4FF5-9198-B31F17E88231"
"20b54714ea214b9dba4735038e3352ff","-1","关联表单","relationformfield104",,,,,"0","1","23/3/2021 07:47:01","admin",,,,,,"c7ded4ca6cf9402f97386051eaedd254"
"20bc6a88d601410fadc1db7bf5403d43","-1","行业","trade",,,,,"0","1","19/1/2021 10:59:19","admin",,,,,,"12f57de476a34980b80d2a8b21d1f11a"
"22f478d92c054d52b7e9aee7a407125a",,"任务编码","enCode","gridTable",,,,"191130112752053","1","30/11/2019 11:27:53","249cf67d-fd9d-42da-8c2f-0481a7113446","8/1/2021 02:26:44","02ed7f16-1337-454d-ac47-3250551a1588",,,,"1e27a0ad83e44c2a83a2a0954eb4f1cb"
"23728f8cb09b44dca2b8f656d83107ca",,"大小","size","gridTable","表结构",,,"191130114905157","1","30/11/2019 11:49:05","249cf67d-fd9d-42da-8c2f-0481a7113446","8/1/2021 06:17:39",,,,,"c50f18d0568244a5b85878050bbc5a40"
"23854adcede241d8a49acb04a8ffa29d",,"名称","fullName",,,,,"20200703100147135","1","7/1/2021 02:54:24","6b97f5b0-06ba-4f9d-a93d-876abbaaa767",,,,,,"85cd7bca426e49ce83a061bf461b1447"
"23c0cd79f84d44709af14b890428d2c2","-1","性别","cominputfield102",,,,,"0","1","23/3/2021 07:47:01","admin",,,,,,"c7ded4ca6cf9402f97386051eaedd254"
"244bd1ced4484443afa09f86dc3a3a78",,"发起人员 / 发起时间","startTime","gridTable",,,,"191207180853075","1","7/12/2019 18:08:54","admin","8/1/2021 10:00:00",,,,,"fb0888d9111a40a0adb44ccdf9dbb5c6"
"25b3d4438b0a48c395e5e5a3103e4d75","-1","省份","leveladdress",,,,,"0","1","18/1/2021 05:44:26","admin",,,,,,"5b435fb056fa42d39c26e3b11829aa4d"
"262bd5ec08324bb0be39c02ab165f719",,"执行次数","runCount","gridTable",,,,"191130112752054","1","30/11/2019 11:27:53","249cf67d-fd9d-42da-8c2f-0481a7113446","8/1/2021 02:26:59","02ed7f16-1337-454d-ac47-3250551a1588",,,,"1e27a0ad83e44c2a83a2a0954eb4f1cb"
"275fc18ab6d548218f8baecb3be950a3",,"流水起始","startNumber","gridTable",,,,"180420114455130","1","20/4/2018 11:44:55","admin","8/1/2021 06:03:31",,,,,"d1d4cce0e6bd4346a4de288d8ea560b1"
"27df6f08b0c64f639704d7655a2df174",,"请求地址","requestURL",,,,,"20200703100147194","1","8/1/2021 02:53:59","02ed7f16-1337-454d-ac47-3250551a1588",,,,,,"0BF2E270-E214-4D3B-9F7C-D5B000068202"
"27f4c7241a5c4c80a97d7748d0579cf7",,"最后修改时间","lastmodifytime",,,,,"20200703100147148","1","7/1/2021 05:47:11","00d9428a-25f5-4ceb-ab9b-1a3c71989bb4",,,,,,"f6b7ce17cef147b0bb97abdc6c95e12a"
"282187a0700246f28e31d176040bb568",,"户名","nickName","gridTable",,,,"191130123408456","1","30/11/2019 12:34:08","admin","8/1/2021 09:25:39",,,,,"b3e60c5216c44c3bad8e148b11ef75e2"
"2914706522594571bad3e9e03c895f0d",,"流程状态 ","status","gridTable",,,,"180628105843227","1","28/6/2018 10:58:43","admin","8/1/2021 10:12:38",,,,,"856131bc6e2b4b16aa79d35ba5234e78"
"291fe43aa9bb4c40a9c81d5da39d1525",,"备注","remark","gridTable",,,,"191130122513221","1","30/11/2019 12:25:13","admin",,,,,,"e6b50a35425d449e947c9040ce053e69"
"2979a549a63742d99b7388a2d20abfef",,"名称","fullName",,,,,"20200703100147157","1","8/1/2021 01:49:52","02ed7f16-1337-454d-ac47-3250551a1588",,,,,,"232d7226f00446d882e1e1bd999f7b2d"
"29d0ed6f693f41ff8b0a5dbd04d4a150","-1","职务","ost",,,,,"0","1","19/1/2021 10:38:07","admin",,,,,,"0be9192d6244490bb8dee3c7c2237265"
"2a68b9d20ed1433dbcb1a8c0dace151e",,"性别","sex","gridTable",,,,"191130122513217","1","30/11/2019 12:25:13","admin",,,,,,"e6b50a35425d449e947c9040ce053e69"
"2a99cd8abfb04318b485572736ef1672",,"创建人","creatorUser",,,,,"20200703100147167","1","8/1/2021 02:00:46","02ed7f16-1337-454d-ac47-3250551a1588",,,,,,"f32e517a0a9e4cf7b2eb80a589a6da9d"
"2ba6687a935249f18fbc2e0d63a3b784",,"编码","enCode",,,,,"20200703100147144","1","7/1/2021 05:46:41","00d9428a-25f5-4ceb-ab9b-1a3c71989bb4",,,,,,"f6b7ce17cef147b0bb97abdc6c95e12a"
"2c2b322ce310493399e65c2450674f7e",,"名称","fullName","gridTable",,,,"200516170103892","1","8/1/2021 09:30:27",,,,,,,"380C9373-8BB8-4A86-822C-5C09031800C9"
"2c9a2d6eb1d846a3a9f922f5551df826",,"排序","sortCode","gridTable",,,,"200516170103871","1","8/1/2021 06:01:30",,,,,,,"7147a8c641534b3db0bad7c6852017f4"
"2d158b87a46243c7aba53eab9d60a20d",,"状态","enabledMark","gridTable",,,,"200516170103883","1","8/1/2021 06:42:37",,,,,,,"c2122f82fc9c40fca0eb0392d7337e6b"
"2d3521e5c2bb48419e21cc26c406c4e8",,"状态","syncState","gridTable",,,,"191130123309086","1","30/11/2019 12:33:10","admin","8/1/2021 09:24:22",,,,,"e705a1d2caf54d5d9a5827db0ceab585"
"2ea49a5a8ebd4b3d940b15c3a5423539",,"连接名称","fullName","gridTable",,,,"191112151449059","1","12/11/2019 15:14:50","admin","8/1/2021 06:05:19",,,,,"ef96d397af964fb7a4363c516270a4f4"
"3015ab8697c04105a40d66c2eec33e4d",,"省份","province","gridTable",,,,"191130122513219","1","30/11/2019 12:25:13","admin",,,,,,"e6b50a35425d449e947c9040ce053e69"
"3324d682add94f5a867cd906ad486960",,"账户","account","gridTable",,,,"191209113730586","1","9/12/2019 11:37:31","admin","8/1/2021 09:35:55",,,,,"4DDA6A84-A432-421C-9CE9-DB7A56033B02"
"3366130d4bc743e3a8cf81591807e596",,"委托流程","flowName","gridTable",,,,"180628110306917","1","28/6/2018 11:03:07","admin","8/1/2021 10:02:14",,,,,"55c06bb3b2124b0c83d17c5ef82450f5"
"35c8e08dde0f4f3494859fb9d5842091","-1","出库时间","timefield109",,,,,"0","1","23/3/2021 08:14:02","admin",,,,,,"919e37b2a46d48d8a54152cd6e50627d"
"3684f4ff7dcb4bccb3c0357ef38cd961",,"发布时间","lastModifyTime","gridTable",,,,"171228145743173","1","28/12/2017 14:57:43","admin","8/1/2021 02:21:27","02ed7f16-1337-454d-ac47-3250551a1588",,,,"97310591eada49f7920d73b554c59212"
"36f3887a9a6646f58a83d2cabaed1bd7",,"创建时间","creatorTime",,,,,"20200703100147154","1","8/1/2021 01:08:14","02ed7f16-1337-454d-ac47-3250551a1588",,,,,,"c7159f97177b420d9fc8ec8c74ae541b"
"37f1c5cf425749e6b2c93a72603d6ab2",,"创建时间","creatorTime",,,,,"20200703100147160","1","8/1/2021 01:50:31","02ed7f16-1337-454d-ac47-3250551a1588",,,,,,"232d7226f00446d882e1e1bd999f7b2d"
"39089d69183345ca8de1ea9ad6fc1f84",,"状态","enabledMark","gridTable",,,,"191130113145711","1","20/5/2020 15:14:19","admin","8/1/2021 05:51:00",,,,,"C9998351-03E7-449D-B911-666E83F8549E"
"3931420bc04743528a47ef635c4b0534",,"创建时间","creatorTime",,,,,"20200703100147175","1","8/1/2021 02:09:07","02ed7f16-1337-454d-ac47-3250551a1588",,,,,,"aad12c217ea047e0814c631c4784f489"
"3941ae9edccc4bd09afc8c282b045f18","-1","渠道全称","channel",,,,,"0","1","19/1/2021 10:59:19","admin",,,,,,"12f57de476a34980b80d2a8b21d1f11a"
"39ea5f418b944da4ab86c0ff36f391c9",,"异常描述","json",,,,,"20200703100147201","1","8/1/2021 03:05:34","02ed7f16-1337-454d-ac47-3250551a1588",,,,,,"0BF2E270-E214-4D3B-9F7C-D5B000068202"
"3a69518d6c124ef193470ffc8feaa741",,"最后修改时间","lastmodifytime",,,,,"20200703100147184","1","8/1/2021 02:18:13","02ed7f16-1337-454d-ac47-3250551a1588",,,,,,"8ee6ec6db2ac4a5e9b010100c7690798"
"3b05dd3e181f4c70921dee877fd1f634",,"客户名称","F_CustomerName","gridTable","订单信息",,,"191130123935274","1","30/11/2019 12:39:35","admin",,,,,,"F4FCA43A-B563-4149-AB16-486589CFC154"
"3baca01b1d9e47e5a09d44d1c14f8858",,"名称","fullName","gridTable",,,,"191130123309083","1","30/11/2019 12:33:10","admin","8/1/2021 09:23:51",,,,,"e705a1d2caf54d5d9a5827db0ceab585"
"3c4b482107e34c128d302f05fae43be9",,"名称","fullName",,,,,"20200703100147165","1","8/1/2021 02:00:16","02ed7f16-1337-454d-ac47-3250551a1588",,,,,,"f32e517a0a9e4cf7b2eb80a589a6da9d"
"3cf9569bba314cd09028b1db7e406c0f",,"名称","fullName","gridTable",,,,"191130121252627","1","30/11/2019 12:12:53","admin","8/1/2021 09:39:00",,,,,"07029F61-993A-4A46-BF56-20DE382F4F66"
"3d35316e12d14f89a98034d549d15ac9",,"实际金额","F_ActualAmount","orderEntryTable","订单商品",,,"191130123955290","1","30/11/2019 12:39:55","admin",,,,,,"F4FCA43A-B563-4149-AB16-486589CFC154"
"3ed2a5f1eddf4ad29bdfac4ac0ce8e19",,"昵称","nickname","gridTable",,,,"191130122513216","1","30/11/2019 12:25:13","admin",,,,,,"e6b50a35425d449e947c9040ce053e69"
"3f01b6a7e39e4eabaf26a8815ede42c5",,"办理状态","status","gridTable",,,,"191207180825423","1","7/12/2019 18:08:25","admin","8/1/2021 09:58:42",,,,,"a8a67a231b924cf88981b61359179d06"
"41c02de380494425b01fe51bf7c0d1c8",,"业务编码","enCode","gridTable",,,,"180420114316287","1","20/4/2018 11:43:16","admin","8/1/2021 06:03:05",,,,,"d1d4cce0e6bd4346a4de288d8ea560b1"
"4303fba310c04b37bca9a101aedca1f2",,"性别","gender","gridTable",,,,"191130123408457","1","30/11/2019 12:34:08","admin","8/1/2021 09:26:12",,,,,"b3e60c5216c44c3bad8e148b11ef75e2"
"4342b7114f1f4c259eb900346ffb44f0",,"消息状态","enabledMark","gridTable_photo","图片",,,"191130123014899","1","30/11/2019 12:30:15","admin","8/1/2021 09:17:33",,,,,"aa12ebbd21d644b0bc8e77cf5abaed27"
"47431b471fe94a2991ea3ce58fd58f12",,"接收时间","creatorTime","gridTable",,,,"191207180752236","1","7/12/2019 18:07:52","admin","8/1/2021 09:48:32",,,,,"72d38eb93b4b453b93baedcdd16e7a17"
"47c580177ef24bdfb0cc3e03fad50b9f",,"请求设备","platForm",,,,,"20200703100147193","1","8/1/2021 02:53:47","02ed7f16-1337-454d-ac47-3250551a1588",,,,,,"0BF2E270-E214-4D3B-9F7C-D5B000068202"
"489da42bf485480a9050fdda38384442",,"创建时间","creatorTime",,,,,"20200703100147146","1","7/1/2021 05:46:55","00d9428a-25f5-4ceb-ab9b-1a3c71989bb4",,,,,,"f6b7ce17cef147b0bb97abdc6c95e12a"
"48a03b2052e140e5890379bf48ee7e6f",,"用户名","userName","gridTable",,,,"171019111159160","1","19/10/2017 11:11:59",,"8/1/2021 09:41:09",,,,,"A62AB009-57F1-4FF5-9198-B31F17E88231"
"497029d880ec46a890672f1e3913edc7",,"发起时间 / 结束时间","startTime","gridTable",,,,"180628104058237","1","28/6/2018 10:40:58","admin","8/1/2021 09:45:56",,,,,"4d2cb987fd9047d19e010cce01039fea"
"4a5c649e86e548dfb2cc29335e250d7f",,"状态","enabledMark","gridTable",,,,"200516170103906","1","8/1/2021 09:40:17",,,,,,,"07029F61-993A-4A46-BF56-20DE382F4F66"
"4b5078a208264b06b6e1e7d4d90799cc",,"发布人员","creatorUser","gridTable",,,,"171228145729950","1","28/12/2017 14:57:30","admin","8/1/2021 02:21:12","02ed7f16-1337-454d-ac47-3250551a1588",,,,"97310591eada49f7920d73b554c59212"
"4b7b5bf11b3c4c988226be3db7486580",,"菜单名称","fullName","gridTable",,,,"191130113145708","1","30/11/2019 11:31:46","249cf67d-fd9d-42da-8c2f-0481a7113446","8/1/2021 03:07:43","02ed7f16-1337-454d-ac47-3250551a1588",,,,"C9998351-03E7-449D-B911-666E83F8549E"
"4c5a427c7b32490aad5316daa7816743",,"流程编码","enCode","gridTable",,,,"180628113210917","1","28/6/2018 11:32:11","admin","8/1/2021 09:43:15",,,,,"fe0150960dd542ec9328067e4495074b"
"4cd356dcde62495485cf777483b3b503",,"流程状态","status","gridTable",,,,"191207180853077","1","7/12/2019 18:08:54","admin","8/1/2021 10:00:20",,,,,"fb0888d9111a40a0adb44ccdf9dbb5c6"
"4db20d12aef343f28d8b2571f5325158",,"登录摘要","platForm",,,,,"20200703100147189","1","8/1/2021 02:52:37","02ed7f16-1337-454d-ac47-3250551a1588",,,,,,"0BF2E270-E214-4D3B-9F7C-D5B000068202"
"4df2ce278e9541b28f136e6f5234a682",,"备份时间","creatorTime","gridTable",,,,"180203143624617","1","3/2/2018 14:36:25","admin","8/1/2021 06:31:34",,,,,"9A638D07-82BC-42CC-B6FB-DEE937CC6FE1"
"4e580276e59e47638ee1287329dc740e",,"菜单类型","type","gridTable",,,,"191130122433848","1","30/11/2019 12:24:34","admin","8/1/2021 08:26:58",,,,,"698d6192107142c4888901b7a427a8ba"
"4ed75bbed84d4a398f067eabc04510d2",,"排序","sortCode","gridTable",,,,"200516170103882","1","8/1/2021 06:34:50",,,,,,,"c2122f82fc9c40fca0eb0392d7337e6b"
"4f3a39c02f664447a526fdf21d2c8832",,"创建时间","creatorTime",,,,,"20200703100147138","1","7/1/2021 05:38:38","00d9428a-25f5-4ceb-ab9b-1a3c71989bb4",,,,,,"85cd7bca426e49ce83a061bf461b1447"
"5012d06edec0444a82b51a2da7179799",,"创建人","creatorUser","gridTable",,,,"180628113251083","1","28/6/2018 11:32:52","admin","8/1/2021 09:44:05",,,,,"fe0150960dd542ec9328067e4495074b"
"516b9d7450ba4d71893ec073918217df",,"岗位类型","type","gridTable",,,,"191130120916490","1","30/11/2019 12:09:17","admin","8/1/2021 09:34:17",,,,,"E5AA0952-44FB-4FB9-B888-C6B78EF96836"
"522f99820257496cb2c0a87febecaac2","-1","企业规模","model",,,,,"0","1","19/1/2021 10:59:19","admin",,,,,,"12f57de476a34980b80d2a8b21d1f11a"
"52d931f2fbb74ce6acb0814f674fd144",,"修改人","lastModifyUser",,,,,"20200703100147155","1","8/1/2021 01:08:26","02ed7f16-1337-454d-ac47-3250551a1588",,,,,,"c7159f97177b420d9fc8ec8c74ae541b"
"53df8fc32982495e99e025728bdd1eb7","-1","客户等级","grade",,,,,"0","1","19/1/2021 10:59:19","admin",,,,,,"12f57de476a34980b80d2a8b21d1f11a"
"5430ec05139f4557be88dcede061479f",,"标题","title","gridTable",,,,"171228145716340","1","28/12/2017 14:57:16","admin","8/1/2021 02:20:53","02ed7f16-1337-454d-ac47-3250551a1588",,,,"97310591eada49f7920d73b554c59212"
"549c5a6f1c53414bb2306348caa42855",,"下次运行时间","nextRunTime","gridTable",,,,"191130112752056","1","30/11/2019 11:27:53","249cf67d-fd9d-42da-8c2f-0481a7113446","8/1/2021 02:27:23","02ed7f16-1337-454d-ac47-3250551a1588",,,,"1e27a0ad83e44c2a83a2a0954eb4f1cb"
"55558e9015044d5288204d4939492aaa",,"编码","enCode","gridTable",,,,"200516170103893","1","8/1/2021 09:30:36",,,,,,,"380C9373-8BB8-4A86-822C-5C09031800C9"
"5964f15c8da840119a0895dac12013c9",,"类型","type","gridTable",,,,"200516170103868","1","8/1/2021 05:51:58",,,,,,,"C9998351-03E7-449D-B911-666E83F8549E"
"5aaa14d3423d4fdcaade0b6ab8303b6f",,"制单人员","F_CreatorUserId","gridTable","订单信息",,,"191130123935277","1","30/11/2019 12:39:35","admin",,,,,,"F4FCA43A-B563-4149-AB16-486589CFC154"
"5addcac4f9fc4534a4fedf7a9cdd6fb9",,"单价","F_Price","orderEntryTable","订单商品",,,"191130123955285","1","30/11/2019 12:39:55","admin",,,,,,"F4FCA43A-B563-4149-AB16-486589CFC154"
"5b542c80fc314984a5e883afaf78fd93",,"登录时间","loginTime","gridTable",,,,"171019111221443","1","19/10/2017 11:12:21",,"8/1/2021 09:41:22",,,,,"A62AB009-57F1-4FF5-9198-B31F17E88231"
"5b79ecb607aa41a1854abe225a8cc7a6",,"原文链接","contentSourceUrl","gridTable_news","图文",,,"191130123203335","1","30/11/2019 12:32:03","admin","8/1/2021 09:22:40",,,,,"aa12ebbd21d644b0bc8e77cf5abaed27"
"5be87b65cf8e48249b47bc11933204b3",,"发送时间","sendDate","gridTable",,,,"191130122704336","1","30/11/2019 12:27:04","admin","8/1/2021 08:54:44",,,,,"e2790019271d4913b3c077447487be16"
"5c37f113ffff4faeb8fbe3044ba97bb6",,"任务标题","fullName","gridTable",,,,"191130112752052","1","30/11/2019 11:27:53","249cf67d-fd9d-42da-8c2f-0481a7113446","8/1/2021 02:26:28","02ed7f16-1337-454d-ac47-3250551a1588",,,,"1e27a0ad83e44c2a83a2a0954eb4f1cb"
"5c99c737b4d9494787e904ad27946f0f",,"表单类型","formType","gridTable",,,,"180628113220607","1","27/11/2019 17:56:30","admin","8/1/2021 09:43:26",,,,,"fe0150960dd542ec9328067e4495074b"
"5d08505a2f8244eaab60463b7a5f9fbe",,"国家","country","gridTable",,,,"191130122513218","1","30/11/2019 12:25:13","admin",,,,,,"e6b50a35425d449e947c9040ce053e69"
"5d8aa14ac48344bfa57f5a76cba489f4",,"文件大小","fileSize","gridTable",,,,"180203143614533","1","3/2/2018 14:36:15","admin","8/1/2021 06:31:24",,,,,"9A638D07-82BC-42CC-B6FB-DEE937CC6FE1"
"5fa5b1142fe6458f8add69c358faede3",,"创建时间","creatorTime",,,,,"20200703100147197","1","8/1/2021 03:03:51","02ed7f16-1337-454d-ac47-3250551a1588",,,,,,"0BF2E270-E214-4D3B-9F7C-D5B000068202"
"5fadfb3c9e4c44c3b8c8ea3acc4c844f",,"流程名称 / 流程编号","fullName","gridTable",,,,"180628105742683","1","28/6/2018 10:57:43","admin","11/1/2021 03:30:44","00d9428a-25f5-4ceb-ab9b-1a3c71989bb4",,,,"856131bc6e2b4b16aa79d35ba5234e78"
"5fed39226cdc43758b1ba440b73fa366",,"排序","sortCode","gridTable",,,,"200516170103890","1","8/1/2021 08:27:39",,,,,,,"698d6192107142c4888901b7a427a8ba"
"603c73be6be549e8a798116af46ff75a",,"提交状态","enabledMark","gridTable",,,,"200516170103891","1","8/1/2021 09:27:06",,,,,,,"b3e60c5216c44c3bad8e148b11ef75e2"
"61121a233ae948dab701377215e196b9",,"登录IP","ipaddress",,,,,"20200703100147188","1","8/1/2021 02:52:22","02ed7f16-1337-454d-ac47-3250551a1588",,,,,,"0BF2E270-E214-4D3B-9F7C-D5B000068202"
"6138694581b84ec2b9755f33f6df2d9e",,"排序","sortCode","gridTable",,,,"200516170103896","1","8/1/2021 09:31:08",,,,,,,"380C9373-8BB8-4A86-822C-5C09031800C9"
"620b9d2144bf42cebaa8d3e8b5f7d2ca",,"实际单价","F_ActualPrice","orderEntryTable","订单商品",,,"191130123955289","1","30/11/2019 12:39:55","admin",,,,,,"F4FCA43A-B563-4149-AB16-486589CFC154"
"62969a35f08440d5a7ab7f9d7c71e2e1",,"流程名称 / 流程编号","fullName","gridTable",,,,"180628104029893","1","28/6/2018 10:40:30","admin","11/1/2021 03:29:23","00d9428a-25f5-4ceb-ab9b-1a3c71989bb4",,,,"4d2cb987fd9047d19e010cce01039fea"
"629b99962aba4fd093083a3f23cbb3eb",,"编码","enCode",,,,,"20200703100147166","1","8/1/2021 02:00:34","02ed7f16-1337-454d-ac47-3250551a1588",,,,,,"f32e517a0a9e4cf7b2eb80a589a6da9d"
"62c1eb3f4e2a4c739d913b484c956e57","-1","所属部门","depname",,,,,"0","1","18/1/2021 05:44:26","admin",,,,,,"5b435fb056fa42d39c26e3b11829aa4d"
"6383fe1f354348b78c503793b8dd1d86",,"岗位名称","fullName","gridTable",,,,"191130120916487","1","30/11/2019 12:09:17","admin","8/1/2021 09:33:21",,,,,"E5AA0952-44FB-4FB9-B888-C6B78EF96836"
"63cf81071e684f2f86521cb345fd65ed","-1","企业性质","nature",,,,,"0","1","18/1/2021 05:44:26","admin",,,,,,"5b435fb056fa42d39c26e3b11829aa4d"
"63f1294bd5134fdcb0b67f91388201fc",,"名称","fullName",,,,,"20200703100147172","1","8/1/2021 02:08:28","02ed7f16-1337-454d-ac47-3250551a1588",,,,,,"aad12c217ea047e0814c631c4784f489"
"64977ab239904bb6a6e7cc3ce212a007",,"流程状态 ","status","gridTable",,,,"180628104132923","1","28/6/2018 10:41:33","admin","8/1/2021 09:46:23",,,,,"4d2cb987fd9047d19e010cce01039fea"
"6533a22995f647d38e5501cc65843e83",,"编码","enCode","gridTable",,,,"200516170103863","1","16/5/2020 17:01:04","admin","8/1/2021 06:47:37",,,,,"3F1554C1-4F09-49E7-AC6A-06641BD246CD"
"655cba6af3b448bdb01f0e42945b9827",,"最后修改时间","lastmodifytime",,,,,"20200703100147170","1","8/1/2021 02:01:23","02ed7f16-1337-454d-ac47-3250551a1588",,,,,,"f32e517a0a9e4cf7b2eb80a589a6da9d"
"6587dab5d3cf40bda2f693da0ca9de42",,"税率%","F_Cess","orderEntryTable","订单商品",,,"191130123955288","1","30/11/2019 12:39:55","admin",,,,,,"F4FCA43A-B563-4149-AB16-486589CFC154"
"66f0223c9be048338c4fd926cd48c27c",,"名称","fullName","gridTable",,,,"200516170103897","1","8/1/2021 09:32:04",,,,,,,"564f7317aadb4a608bb45393f5498876"
"67603bc30d974b68ab9ba202acef6d01",,"头像 ","headimgurl","gridTable",,,,"191130122513215","1","30/11/2019 12:25:13","admin",,,,,,"e6b50a35425d449e947c9040ce053e69"
"6826884b04c54825a55ebe6645acb362",,"状态","enabledMark","gridTable",,,,"200516170103889","1","8/1/2021 07:30:42",,,,,,,"118f8281f52f4719bacbcf1f86adc2e3"
"687d134891f24d45be2e837a3ac6b2a3",,"表名","table","gridTable","表结构",,,"191130114905155","1","30/11/2019 11:49:05","249cf67d-fd9d-42da-8c2f-0481a7113446","8/1/2021 06:17:25",,,,,"c50f18d0568244a5b85878050bbc5a40"
"6c32daeb792d40dbb9d19f2acbb4ee24",,"收款摘要","F_Abstract","orderReceivableTable","收款计划",,,"191130124019676","1","30/11/2019 12:40:20","admin",,,,,,"F4FCA43A-B563-4149-AB16-486589CFC154"
"6c5a04c0058645f9a933663796b19788",,"上传用户","uploadUser","gridTable_photo","图片",,,"191130123014898","1","30/11/2019 12:30:15","admin","8/1/2021 09:17:20",,,,,"aa12ebbd21d644b0bc8e77cf5abaed27"
"6c60124a02f440e3a4004a81d9a8bb66",,"状态","state",,,,,"20200703100147150","1","7/1/2021 05:47:30","00d9428a-25f5-4ceb-ab9b-1a3c71989bb4",,,,,,"f6b7ce17cef147b0bb97abdc6c95e12a"
"6e28e5c538764bd1a42683a88866ec59","-1","省份","leveladdress",,,,,"0","1","19/1/2021 10:59:19","admin",,,,,,"12f57de476a34980b80d2a8b21d1f11a"
"6f5ca8183c72418b811ad2d920e088a5",,"状态","enabledMark","gridTable",,,,"200516170103872","1","8/1/2021 06:01:46",,,,,,,"7147a8c641534b3db0bad7c6852017f4"
"6faea7be281f436fa52f13b0e8cbbd6c",,"创建人","creatorUser","gridTable",,,,"200516170103880","1","8/1/2021 06:34:24",,,,,,,"c2122f82fc9c40fca0eb0392d7337e6b"
"7077dad1ecc04fa89ba7a0b40877e5be",,"排序","sortCode","gridTable",,,,"191130113145710","1","30/11/2019 11:31:46","249cf67d-fd9d-42da-8c2f-0481a7113446","8/1/2021 05:50:37",,,,,"C9998351-03E7-449D-B911-666E83F8549E"
"719a3204bc88439fa4fc215a3cad1c5b",,"结束时间","endTime","gridTable",,,,"180628110333077","1","28/6/2018 11:03:34","admin","8/1/2021 10:03:19",,,,,"55c06bb3b2124b0c83d17c5ef82450f5"
"722739eb0d48445981e604caaf274484","-1","业务员姓名","username",,,,,"0","1","18/1/2021 05:44:26","admin",,,,,,"5b435fb056fa42d39c26e3b11829aa4d"
"7339a72358c5483796b4ebd509a9604c",,"流程状态 ","status","gridTable",,,,"191207180752235","1","7/12/2019 18:07:52","admin","8/1/2021 09:48:17",,,,,"72d38eb93b4b453b93baedcdd16e7a17"
"734b2310e15c44ceb54cc5c0e0ee37b7",,"创建时间","creatorTime","gridTable",,,,"200516170103881","1","8/1/2021 06:34:39",,,,,,,"c2122f82fc9c40fca0eb0392d7337e6b"
"740d9f2a50a445b59679224d780597e4","-1","企业性质","nature",,,,,"0","1","19/1/2021 10:59:19","admin",,,,,,"12f57de476a34980b80d2a8b21d1f11a"
"7437402d9f13416eaf70fb4f9b6bd6d6",,"备注","description","gridTable",,,,"200516170103894","1","8/1/2021 09:30:47",,,,,,,"380C9373-8BB8-4A86-822C-5C09031800C9"
"74d7bc7e0128436f9d99ea2c9317e08f","-1","客户类型","type",,,,,"0","1","18/1/2021 05:44:26","admin",,,,,,"5b435fb056fa42d39c26e3b11829aa4d"
"74d86213bc9946f8b58aece03127a700",,"名称","fullName","gridTable",,,,"200516170103862","1","16/5/2020 17:01:04","admin","8/1/2021 06:47:20",,,,,"3F1554C1-4F09-49E7-AC6A-06641BD246CD"
"751d824da7404cc19238746c8b8401ab",,"订单日期","F_OrderDate","gridTable","订单信息",,,"191130123935273","0","30/11/2019 12:39:35","admin","13/1/2021 06:49:46","admin",,,,"F4FCA43A-B563-4149-AB16-486589CFC154"
"7559f46d0c004c47b5569a92e56c4f84",,"消息类别","msgType","gridTable",,,,"191130123605219","1","30/11/2019 12:36:05","admin","8/1/2021 09:27:46",,,,,"529cd6e285de49fea7ee291d98b0ab9f"
"755e44934e394d32b12c59a0df532d14",,"最后修改时间","lastmodifytime",,,,,"20200703100147162","1","8/1/2021 01:50:57","02ed7f16-1337-454d-ac47-3250551a1588",,,,,,"232d7226f00446d882e1e1bd999f7b2d"
"7620872e288d4effb3d22191c89e4620",,"0000","不vv",,,,,"20200703100147134","1","18/12/2020 09:46:16","0db19241-2688-40e1-a873-4d30de4aea30",,,,,,"e8e4abf139be460d939f9e86e1b88b38"
"763f92eb43af402ba3c600b6246e4592",,"状态","enabledMark","gridTable",,,,"200516170103865","1","16/5/2020 17:01:04","admin","8/1/2021 06:48:09",,,,,"3F1554C1-4F09-49E7-AC6A-06641BD246CD"
"76759861a4464a8289ed423563618753",,"请求用户","userName",,,,,"20200703100147191","1","8/1/2021 02:53:16","02ed7f16-1337-454d-ac47-3250551a1588",,,,,,"0BF2E270-E214-4D3B-9F7C-D5B000068202"
"76b625ab78f944459653593c1b0716b2",,"所属流程 / 所属分类","flowCategory","gridTable",,,,"191207180825420","1","7/12/2019 18:08:25","admin","8/1/2021 09:58:13",,,,,"a8a67a231b924cf88981b61359179d06"
"76c786ca3ab74fc481986e5e86d090a4",,"同步状态","syncState","gridTable",,,,"191130123408461","1","30/11/2019 12:34:08","admin","8/1/2021 09:26:29",,,,,"b3e60c5216c44c3bad8e148b11ef75e2"
"77e04133de8444d49b301a16e20756d1","-1","总价金额","numinputfield116",,,,,"0","1","23/3/2021 08:14:02","admin",,,,,,"919e37b2a46d48d8a54152cd6e50627d"
"78586275a14c49c4bb00563a45985bc2","-1","管理人员","selectfield107",,,,,"0","1","23/3/2021 08:14:02","admin",,,,,,"919e37b2a46d48d8a54152cd6e50627d"
"78616a1794f04a29a340a5ebd79f7a6b",,"说明","tableName","gridTable","表结构",,,"191130114905158","1","30/11/2019 11:49:05","249cf67d-fd9d-42da-8c2f-0481a7113446","8/1/2021 06:17:48",,,,,"c50f18d0568244a5b85878050bbc5a40"
"7863d34b750645cabd6db32a2ce344dc","-1","业务员姓名","username",,,,,"0","1","19/1/2021 10:59:19","admin",,,,,,"12f57de476a34980b80d2a8b21d1f11a"
"78c70bc2e1874174874dc4bf59f985b1",,"菜单地址","urlAddress","gridTable",,,,"191130113145709","1","30/11/2019 11:31:46","249cf67d-fd9d-42da-8c2f-0481a7113446","8/1/2021 03:07:55","02ed7f16-1337-454d-ac47-3250551a1588",,,,"C9998351-03E7-449D-B911-666E83F8549E"
"78e128907a26402abcd3a35bbaa9e448",,"排序","sortCode","gridTable",,,,"200516170103864","1","16/5/2020 17:01:04","admin","8/1/2021 06:47:52",,,,,"3F1554C1-4F09-49E7-AC6A-06641BD246CD"
"79919a3a67154695aa9871b55df94b34",,"排序","sortCode",,,,,"20200703100147164","1","8/1/2021 01:54:53","02ed7f16-1337-454d-ac47-3250551a1588",,,,,,"232d7226f00446d882e1e1bd999f7b2d"
"7a43af61033a40f284de71e5b1f4af7d",,"抄送时间","creatorTime","gridTable",,,,"191207180853078","1","7/12/2019 18:08:54","admin","8/1/2021 10:00:32",,,,,"fb0888d9111a40a0adb44ccdf9dbb5c6"
"7ab7b988186b47d796219d884bf7e171",,"编码","enCode",,,,,"20200703100147180","1","8/1/2021 02:17:16","02ed7f16-1337-454d-ac47-3250551a1588",,,,,,"8ee6ec6db2ac4a5e9b010100c7690798"
"7c019f93ee3d4c3386985ef62aa6c313","-1","入库单","cominputfield101",,,,,"0","1","23/3/2021 08:14:02","admin",,,,,,"919e37b2a46d48d8a54152cd6e50627d"
"7c585a6623924909bfc01f880cddb586",,"异常功能","moduleName",,,,,"20200703100147200","1","8/1/2021 03:05:06","02ed7f16-1337-454d-ac47-3250551a1588",,,,,,"0BF2E270-E214-4D3B-9F7C-D5B000068202"
"7df95a58beb24c24b7a225164430ff67",,"流水位数","digit","gridTable",,,,"180420114442863","1","20/4/2018 11:44:43","admin","8/1/2021 06:03:19",,,,,"d1d4cce0e6bd4346a4de288d8ea560b1"
"7e26c7f170454682bd576c17fa3b2944",,"菜单内容","key","gridTable",,,,"191130122433849","1","30/11/2019 12:24:34","admin","8/1/2021 08:27:22",,,,,"698d6192107142c4888901b7a427a8ba"
"7fb3b921998b42a9b7b8688d9fa3198f",,"最后修改人","lastmodifyuser",,,,,"20200703100147161","1","8/1/2021 01:50:44","02ed7f16-1337-454d-ac47-3250551a1588",,,,,,"232d7226f00446d882e1e1bd999f7b2d"
"81bd2dc2cbe7425a9e958984c1ce7b8d","-1","客户全称","customername",,,,,"0","1","18/1/2021 05:44:26","admin",,,,,,"5b435fb056fa42d39c26e3b11829aa4d"
"824c505895ae450fbb97692762d641eb",,"手机","mobilePhone","gridTable",,,,"191209113730589","1","9/12/2019 11:37:31","admin","8/1/2021 09:36:48",,,,,"4DDA6A84-A432-421C-9CE9-DB7A56033B02"
"825751cc38ce4aa38d291ee832401f34","-1","序号","sortcode",,,,,"0","1","18/1/2021 05:44:26","admin",,,,,,"5b435fb056fa42d39c26e3b11829aa4d"
"8267191c8b034750abc54b7d8dc78291",,"消息状态","enabledMark","gridTable",,,,"191130122704337","1","30/11/2019 12:27:04","admin","8/1/2021 08:55:26",,,,,"e2790019271d4913b3c077447487be16"
"82e39e8d79f44a5e9902ebf847f70609",,"标题","title","gridTable_video","视频",,,"191130123135856","1","30/11/2019 12:31:36","admin","8/1/2021 09:21:50",,,,,"aa12ebbd21d644b0bc8e77cf5abaed27"
"82fd908dd5ec45c3b0c20e5c706e253c",,"最后修改人","lastmodifyuser",,,,,"20200703100147183","1","8/1/2021 02:17:59","02ed7f16-1337-454d-ac47-3250551a1588",,,,,,"8ee6ec6db2ac4a5e9b010100c7690798"
"8466fd434c384309aba5126a890271d5","-1","渠道全称","channel",,,,,"0","1","18/1/2021 05:44:26","admin",,,,,,"5b435fb056fa42d39c26e3b11829aa4d"
"84d649c70c864a02bb1f818dd8355599",,"业务人员","F_SalesmanName","gridTable","订单信息",,,"191130123935275","1","30/11/2019 12:39:35","admin",,,,,,"F4FCA43A-B563-4149-AB16-486589CFC154"
"85476d5f6a2f4a1780b66d5abf397a9d",,"收款方式","F_ReceivableMode","orderReceivableTable","收款计划",,,"191130124019675","1","30/11/2019 12:40:20","admin",,,,,,"F4FCA43A-B563-4149-AB16-486589CFC154"
"88227a6bebf04bfc9fc5d3278ff69990",,"创建时间","creatorTime",,,,,"20200703100147182","1","8/1/2021 02:17:47","02ed7f16-1337-454d-ac47-3250551a1588",,,,,,"8ee6ec6db2ac4a5e9b010100c7690798"
"88c4a9e534da48c8803f1c93c2dbb206",,"编码","enCode",,,,,"20200703100147158","1","8/1/2021 01:50:05","02ed7f16-1337-454d-ac47-3250551a1588",,,,,,"232d7226f00446d882e1e1bd999f7b2d"
"89247fe44e75460cae052bea643fcec9","-1","企业规模","model",,,,,"0","1","18/1/2021 05:44:26","admin",,,,,,"5b435fb056fa42d39c26e3b11829aa4d"
"8a686e7c424e4e73b88450ff0d620c17",,"最后修改时间","lastmodifytime",,,,,"20200703100147140","1","7/1/2021 05:45:30","00d9428a-25f5-4ceb-ab9b-1a3c71989bb4",,,,,,"85cd7bca426e49ce83a061bf461b1447"
"8c28521f76cb476781b17264a586fd3b","-1","企业地址","address",,,,,"0","1","19/1/2021 10:59:19","admin",,,,,,"12f57de476a34980b80d2a8b21d1f11a"
"8ddc0ef28f09472b8052baeaaae2051d",,"排序","sortCode","gridTable",,,,"200516170103903","1","8/1/2021 09:34:40",,,,,,,"E5AA0952-44FB-4FB9-B888-C6B78EF96836"
"9074724860c64cd38483acd660a569b2",,"流程进度","completion","gridTable",,,,"180628105852617","1","28/6/2018 10:58:53","admin","8/1/2021 10:12:57",,,,,"856131bc6e2b4b16aa79d35ba5234e78"
"9076a8150deb434da0a7c34a2b45989e",,"排序","sortCode","gridTable",,,,"191209113730592","1","9/12/2019 11:37:31","admin","8/1/2021 09:37:58",,,,,"4DDA6A84-A432-421C-9CE9-DB7A56033B02"
"90b9b1f75d8b41caaaba9f755b8ea21c",,"流程状态","enabledMark","gridTable",,,,"200516170103908","1","8/1/2021 09:44:41",,,,,,,"fe0150960dd542ec9328067e4495074b"
"9139b35955b842bb857f2ec26133e974","-1","行业","trade",,,,,"0","1","18/1/2021 05:44:26","admin",,,,,,"5b435fb056fa42d39c26e3b11829aa4d"
"9147d39a2e024b59bac8c271f2575b1f",,"编号","enCode","gridTable",,,,"191130123309084","1","30/11/2019 12:33:10","admin","8/1/2021 09:24:09",,,,,"e705a1d2caf54d5d9a5827db0ceab585"
"91780dfcb7b44af69234b1bbd3ca35f6",,"排序","sortCode","gridTable",,,,"200516170103888","1","8/1/2021 07:30:30",,,,,,,"118f8281f52f4719bacbcf1f86adc2e3"
"918a513e09c146b4bece9a58d7be4227",,"创建时间","creatorTime","gridTable",,,,"200516170103901","1","8/1/2021 09:32:44",,,,,,,"564f7317aadb4a608bb45393f5498876"
"93bb45a30f17413fbb782a58a498df1a","-1","出生年月","timefield103",,,,,"0","1","23/3/2021 07:47:01","admin",,,,,,"c7ded4ca6cf9402f97386051eaedd254"
"93defebcb0f74b4399e84c64e3c162cf",,"流程标题/流程编码","fullName","gridTable",,,,"200516170103909","1","8/1/2021 09:47:29",,"11/1/2021 03:29:44","00d9428a-25f5-4ceb-ab9b-1a3c71989bb4",,,,"72d38eb93b4b453b93baedcdd16e7a17"
"965b274a938d46608e3a38582dd08dd9",,"区域编码","enCode","gridTable",,,,"200516170103870","1","8/1/2021 06:01:14",,,,,,,"7147a8c641534b3db0bad7c6852017f4"
"974aae0ab6504f1ea903881f027769d6",,"岗位编号","enCode","gridTable",,,,"191130120916488","1","30/11/2019 12:09:17","admin","8/1/2021 09:33:27",,,,,"E5AA0952-44FB-4FB9-B888-C6B78EF96836"
"98285b83a6664ff88ee04407d519d935",,"修改时间","lastModifyTime","gridTable",,,,"200516170103874","1","8/1/2021 06:06:34",,,,,,,"ef96d397af964fb7a4363c516270a4f4"
"987ef776333644acac86230355cf61c0","-1","房间号","room",,,,,"0","1","19/1/2021 10:38:07","admin",,,,,,"0be9192d6244490bb8dee3c7c2237265"
"9961e73f5afc477b9cea2332896ac0af","-1","企业地址（详细地址）","address",,,,,"0","1","18/1/2021 05:44:26","admin",,,,,,"5b435fb056fa42d39c26e3b11829aa4d"
"9a2817f684a54e9680420b897c3c08be",,"收款比率%","F_ReceivableRate","orderReceivableTable","收款计划",,,"191130124019673","1","30/11/2019 12:40:20","admin",,,,,,"F4FCA43A-B563-4149-AB16-486589CFC154"
"9bf1d1740c24417d9b4d49ab374b647b",,"岗位说明","description","gridTable",,,,"191130120916491","1","30/11/2019 12:09:17","admin","8/1/2021 09:34:28",,,,,"E5AA0952-44FB-4FB9-B888-C6B78EF96836"
"9d4ada62886344acab265934e3e52c58",,"紧急程度 / 经办节点","flowUrgent","gridTable",,,,"191207180853076","1","7/12/2019 18:08:54","admin","8/1/2021 10:00:08",,,,,"fb0888d9111a40a0adb44ccdf9dbb5c6"
"9f7d39ebc05045599a64f1872eb8cfcd",,"编码","enCode",,,,,"20200703100147173","1","8/1/2021 02:08:42","02ed7f16-1337-454d-ac47-3250551a1588",,,,,,"aad12c217ea047e0814c631c4784f489"
"a0b5f8381a59403aba69bbb7e11fcedc",,"状态","enabledMark","gridTable",,,,"191209113730593","1","9/12/2019 11:37:31","admin","8/1/2021 09:37:38",,,,,"4DDA6A84-A432-421C-9CE9-DB7A56033B02"
"a330f24f43924bf88960e366af779416",,"编码","enCode",,,,,"20200703100147152","1","8/1/2021 01:07:44","02ed7f16-1337-454d-ac47-3250551a1588",,,,,,"c7159f97177b420d9fc8ec8c74ae541b"
"a3bb837117254d52a7a75fcca4ada1fd","-1","日期选择","datefield115",,,,,"0","1","23/3/2021 08:14:02","admin",,,,,,"919e37b2a46d48d8a54152cd6e50627d"
"a4cff08dd867431a8af1d451049fa2a7",,"执行说明","description","gridTable",,,,"191130112752057","1","30/11/2019 11:27:53","249cf67d-fd9d-42da-8c2f-0481a7113446","8/1/2021 02:27:34","02ed7f16-1337-454d-ac47-3250551a1588",,,,"1e27a0ad83e44c2a83a2a0954eb4f1cb"
"a5c2fb2760124fbe985815772b82d2a5",,"编码","enCode",,,,,"20200703100147136","1","7/1/2021 02:54:35","6b97f5b0-06ba-4f9d-a93d-876abbaaa767",,,,,,"85cd7bca426e49ce83a061bf461b1447"
"a7df7c2f083744b2b3caadc36eaa6cdc",,"状态","state",,,,,"20200703100147142","1","7/1/2021 05:45:48","00d9428a-25f5-4ceb-ab9b-1a3c71989bb4",,,,,,"85cd7bca426e49ce83a061bf461b1447"
"a808468bc23c438c996696a3b9fe35d8",,"执行状态","enabledMark","gridTable",,,,"191130112752058","1","30/11/2019 11:27:53","249cf67d-fd9d-42da-8c2f-0481a7113446","8/1/2021 02:28:03","02ed7f16-1337-454d-ac47-3250551a1588",,,,"1e27a0ad83e44c2a83a2a0954eb4f1cb"
"a84c24f551cd440c83a719f027b0e5e0",,"编码","enCode","gridTable",,,,"200516170103898","1","8/1/2021 09:32:16",,,,,,,"564f7317aadb4a608bb45393f5498876"
"a84e62806269474196cfb878c6afedea",,"创建时间","creatorTime","gridTable",,,,"200516170103887","1","8/1/2021 07:07:13",,,,,,,"118f8281f52f4719bacbcf1f86adc2e3"
"a92e7808129f457dacae4946f434db60",,"创建时间","creatorTime",,,,,"20200703100147168","1","8/1/2021 02:00:58","02ed7f16-1337-454d-ac47-3250551a1588",,,,,,"f32e517a0a9e4cf7b2eb80a589a6da9d"
"a9972bbb57e344c0986a5aae21412943","-1","序号","sortcode",,,,,"0","1","19/1/2021 10:59:19","admin",,,,,,"12f57de476a34980b80d2a8b21d1f11a"
"a9f1046025334429971d32600fa31683",,"流程进度","completion","gridTable",,,,"180628104146593","1","28/6/2018 10:41:47","admin","8/1/2021 09:46:37",,,,,"4d2cb987fd9047d19e010cce01039fea"
"ab34228d9c91412bb7675d8fe408a55e",,"创建人","creatorUser","gridTable",,,,"200516170103886","1","8/1/2021 06:52:03",,,,,,,"118f8281f52f4719bacbcf1f86adc2e3"
"ab8457ded9e94324aa10f9e74a46ba29",,"订单编号","F_OrderCode","gridTable","订单信息",,,"191130123935272","0","30/11/2019 12:39:35","admin","13/1/2021 06:46:52","admin",,,,"F4FCA43A-B563-4149-AB16-486589CFC154"
"aca0eff3ca12408498651511a7d180c9",,"编码","enCode","gridTable",,,,"200516170103878","1","8/1/2021 06:33:50",,,,,,,"c2122f82fc9c40fca0eb0392d7337e6b"
"acea3f3f1c7d48669ef8235ffcbbaab0",,"收款金额","F_ReceivableMoney","orderReceivableTable","收款计划",,,"191130124019674","1","30/11/2019 12:40:20","admin",,,,,,"F4FCA43A-B563-4149-AB16-486589CFC154"
"af579c019c2a4d83af34f30212688432",,"最后修改时间","lastModifyTime",,,,,"20200703100147156","1","8/1/2021 01:08:39","02ed7f16-1337-454d-ac47-3250551a1588",,,,,,"c7159f97177b420d9fc8ec8c74ae541b"
"af8d10e5e7fc4e18b26a7b455b015674",,"紧急程度 / 经办节点","flowUrgent","gridTable",,,,"191207180825422","1","7/12/2019 18:08:25","admin","8/1/2021 09:58:29",,,,,"a8a67a231b924cf88981b61359179d06"
"aff27a3761234b03a0cca78a6d35aee7",,"分类","category","gridTable",,,,"191130123309085","1","30/11/2019 12:33:10","admin","8/1/2021 09:24:16",,,,,"e705a1d2caf54d5d9a5827db0ceab585"
"b07623c198a346dd945e746e657c5c78",,"可见范围","visibleType","gridTable",,,,"180628113241433","1","28/6/2018 11:32:30","admin","8/1/2021 09:43:54",,,,,"fe0150960dd542ec9328067e4495074b"
"b0bde6803bbc49fc82a3ab235430148d",,"所属流程 / 所属分类","flowCategory","gridTable",,,,"180628105756170","1","28/6/2018 10:57:56","admin","8/1/2021 10:11:22",,,,,"856131bc6e2b4b16aa79d35ba5234e78"
"b2f07cdb803045dfaf00f5803abf4af5",,"商品名称","F_GoodsName","orderEntryTable","订单商品",,,"191130123955281","1","30/11/2019 12:39:55","admin",,,,,,"F4FCA43A-B563-4149-AB16-486589CFC154"
"b32065cac6464c6fb67d4c993d437998",,"地图名称","fullName","gridTable",,,,"200516170103884","1","8/1/2021 06:49:11",,,,,,,"118f8281f52f4719bacbcf1f86adc2e3"
"b4c745ea5f8a4e99b544ad4e6ef9ca37",,"紧急程度 / 当前节点","flowUrgent","gridTable",,,,"180628105830650","1","28/6/2018 10:58:31","admin","8/1/2021 10:11:57",,,,,"856131bc6e2b4b16aa79d35ba5234e78"
"b4f76b9096034af480de8dc34ba5051c",,"手机","mobilePhone","gridTable",,,,"191130123408458","1","30/11/2019 12:34:08","admin","8/1/2021 09:26:19",,,,,"b3e60c5216c44c3bad8e148b11ef75e2"
"b53b9d3fe99c4ad9a76b4aa640da52f1",,"IP","loginIPAddress","gridTable",,,,"171019111211747","1","19/10/2017 11:12:12",,"8/1/2021 09:41:46",,,,,"A62AB009-57F1-4FF5-9198-B31F17E88231"
"b655a640d2934c12b9bcb395bd077b86",,"创建时间","creatorTime","gridTable",,,,"191112151449062","1","12/11/2019 15:14:50","admin","8/1/2021 06:05:56",,,,,"ef96d397af964fb7a4363c516270a4f4"
"b743ff5830a8499fa9949c0ecb8c8c33",,"区域名称","fullName","gridTable",,,,"200516170103869","1","8/1/2021 06:01:00",,,,,,,"7147a8c641534b3db0bad7c6852017f4"
"b7f4664b11054a989ceb7a153278b79e",,"描述","introduction","gridTable_video","视频",,,"191130123135860","1","30/11/2019 12:31:36","admin","8/1/2021 09:22:07",,,,,"aa12ebbd21d644b0bc8e77cf5abaed27"
"ba07738bbf2c491fbb95827a812048d0","-1","客户类型","type",,,,,"0","1","19/1/2021 10:59:19","admin",,,,,,"12f57de476a34980b80d2a8b21d1f11a"
"bbe95313cd0e475aa208a5cb72c7505b","-1","组件","checkboxfield106",,,,,"0","1","23/3/2021 08:14:02","admin",,,,,,"919e37b2a46d48d8a54152cd6e50627d"
"bc27bb91c5b04c3a8e40fcd32f31f9f8",,"端口","port","gridTable",,,,"191112151449061","1","12/11/2019 15:14:50","admin","8/1/2021 06:05:42",,,,,"ef96d397af964fb7a4363c516270a4f4"
"bcf9ff53739a4af4a0911676d7dc785a",,"备注","description","gridTable",,,,"191130123309088","1","30/11/2019 12:33:10","admin","8/1/2021 09:24:36",,,,,"e705a1d2caf54d5d9a5827db0ceab585"
"befe042c1ade4ea8884d33b851b184e8","-1","公司名称","companyname",,,,,"0","1","19/1/2021 10:38:07","admin",,,,,,"0be9192d6244490bb8dee3c7c2237265"
"bff66ed12a9e461f8fd129e8ca5d9494",,"部门经理","manager","gridTable",,,,"200516170103899","1","8/1/2021 09:32:26",,,,,,,"564f7317aadb4a608bb45393f5498876"
"c0c43d5c8aaf416abc77582ef83587d7",,"发起人员 / 发起时间","startTime","gridTable",,,,"191207180752233","1","7/12/2019 18:07:52","admin","8/1/2021 09:47:46",,,,,"72d38eb93b4b453b93baedcdd16e7a17"
"c135304c4d664129b43923779e596f48",,"被委托人","toUserName","gridTable",,,,"180628110226153","1","28/6/2018 11:02:26","admin","8/1/2021 10:01:54",,,,,"55c06bb3b2124b0c83d17c5ef82450f5"
"c1e2bd9ddf8b4f6088c0217514a19d65",,"最后修改人","lastmodifyuser",,,,,"20200703100147169","1","8/1/2021 02:01:12","02ed7f16-1337-454d-ac47-3250551a1588",,,,,,"f32e517a0a9e4cf7b2eb80a589a6da9d"
"c2b77c69f0ef44dd96334c3d6aac6eac",,"创建用户","userName",,,,,"20200703100147198","1","8/1/2021 03:04:08","02ed7f16-1337-454d-ac47-3250551a1588",,,,,,"0BF2E270-E214-4D3B-9F7C-D5B000068202"
"c30988f98414446c84dbe729347c95f8",,"创建人","creatorUser",,,,,"20200703100147145","1","7/1/2021 05:46:48","00d9428a-25f5-4ceb-ab9b-1a3c71989bb4",,,,,,"f6b7ce17cef147b0bb97abdc6c95e12a"
"c336fd4f1b48433cbd724f6c845f8d95","-1","客户等级","grade",,,,,"0","1","18/1/2021 05:44:26","admin",,,,,,"5b435fb056fa42d39c26e3b11829aa4d"
"c392c97772eb4e919798e739d5322df1",,"当前流水号","outputNumber","gridTable",,,,"180420114505283","1","20/4/2018 11:45:16","admin","8/1/2021 06:03:41",,,,,"d1d4cce0e6bd4346a4de288d8ea560b1"
"c445bf8caf8f4c10879822cf66a4989a",,"创建人","creatorUser",,,,,"20200703100147181","1","8/1/2021 02:17:29","02ed7f16-1337-454d-ac47-3250551a1588",,,,,,"8ee6ec6db2ac4a5e9b010100c7690798"
"c78655f897464c049b4682fef4767196",,"消息范围","toUser","gridTable",,,,"191130123605221","1","30/11/2019 12:36:05","admin","8/1/2021 09:28:05",,,,,"529cd6e285de49fea7ee291d98b0ab9f"
"ca4e91f4826642ac88f7ece899578449",,"说明","description",,,,,"20200703100147163","1","8/1/2021 01:54:41","02ed7f16-1337-454d-ac47-3250551a1588",,,,,,"232d7226f00446d882e1e1bd999f7b2d"
"cb3e49abb40b4eabbf6fe9ae10c267e3",,"创建人","creatorUser",,,,,"20200703100147159","1","8/1/2021 01:50:19","02ed7f16-1337-454d-ac47-3250551a1588",,,,,,"232d7226f00446d882e1e1bd999f7b2d"
"cb408dfe8eb947d89241f305b25f5b89","-1","联系方式","phone",,,,,"0","1","19/1/2021 10:38:07","admin",,,,,,"0be9192d6244490bb8dee3c7c2237265"
"ccbc39fc8b524819a12d7d667b014759",,"说明","description",,,,,"20200703100147171","1","8/1/2021 02:01:35","02ed7f16-1337-454d-ac47-3250551a1588",,,,,,"f32e517a0a9e4cf7b2eb80a589a6da9d"
"ccd3e33535204ea69cc5cc0430ae1d39",,"排序","sortCode","gridTable",,,,"200516170103867","1","8/1/2021 02:27:53","02ed7f16-1337-454d-ac47-3250551a1588",,,,,,"1e27a0ad83e44c2a83a2a0954eb4f1cb"
"ccea5247945e46f8957b4e3a7aa94274",,"创建时间","creatorTime","gridTable",,,,"191130121252631","1","30/11/2019 12:12:53","admin","8/1/2021 09:39:53",,,,,"07029F61-993A-4A46-BF56-20DE382F4F66"
"ce01f584dcb64383b1d0c36fa1d7a948",,"流程名称","fullName","gridTable",,,,"180628113201597","1","28/6/2018 11:32:02","admin","8/1/2021 09:43:01",,,,,"fe0150960dd542ec9328067e4495074b"
"ce2be413d75c46f19449432494e6e800",,"所属部门","department","gridTable",,,,"191130120916489","1","30/11/2019 12:09:17","admin","8/1/2021 09:34:01",,,,,"E5AA0952-44FB-4FB9-B888-C6B78EF96836"
"ceda604470a3488da8acbe50c378c6cd",,"说明","description",,,,,"20200703100147178","1","8/1/2021 02:09:43","02ed7f16-1337-454d-ac47-3250551a1588",,,,,,"aad12c217ea047e0814c631c4784f489"
"cf145642d424418687a958b3a3732d29",,"流程标题 / 流程编号","fullName","gridTable",,,,"191207180825419","1","7/12/2019 18:08:25","admin","11/1/2021 03:30:02","00d9428a-25f5-4ceb-ab9b-1a3c71989bb4",,,,"a8a67a231b924cf88981b61359179d06"
"cf1a089777664cf286bb62b55a02157f","-1","单价金额","numinputfield103",,,,,"0","1","23/3/2021 08:14:02","admin",,,,,,"919e37b2a46d48d8a54152cd6e50627d"
"cf1af6969c4648f087088026745e96f6",,"登录用户","userName",,,,,"20200703100147187","1","8/1/2021 02:52:08","02ed7f16-1337-454d-ac47-3250551a1588",,,,,,"0BF2E270-E214-4D3B-9F7C-D5B000068202"
"d120e00e2c6c489e9fd46c0cfe59e7c5",,"流程类型","type","gridTable",,,,"180628113230263","1","28/6/2018 11:32:21","admin","8/1/2021 09:43:40",,,,,"fe0150960dd542ec9328067e4495074b"
"d2096086dc424373bf25dcfaef8ae1b5",,"所属流程 / 所属分类","flowCategory","gridTable",,,,"191207180752232","1","7/12/2019 18:07:52","admin","8/1/2021 09:47:36",,,,,"72d38eb93b4b453b93baedcdd16e7a17"
"d2297bf3cc1349018472ecf6ed8776ea",,"所属流程 / 所属分类","flowCategory","gridTable",,,,"180628104045147","1","28/6/2018 10:40:45","admin","8/1/2021 09:45:49",,,,,"4d2cb987fd9047d19e010cce01039fea"
"d62c6229f57f47fcb6b44eb26fe71e9e",,"说明","description",,,,,"20200703100147185","1","8/1/2021 02:18:28","02ed7f16-1337-454d-ac47-3250551a1588",,,,,,"8ee6ec6db2ac4a5e9b010100c7690798"
"d74ff2ec140e44e98677878f1cdc8ab0",,"创建人","creatorUser",,,,,"20200703100147174","1","8/1/2021 02:08:54","02ed7f16-1337-454d-ac47-3250551a1588",,,,,,"aad12c217ea047e0814c631c4784f489"
"d75ae852fb4746629fb7226f41fce43d",,"最后执行时间","lastRunTime","gridTable",,,,"191130112752055","1","30/11/2019 11:27:53","249cf67d-fd9d-42da-8c2f-0481a7113446","8/1/2021 02:27:11","02ed7f16-1337-454d-ac47-3250551a1588",,,,"1e27a0ad83e44c2a83a2a0954eb4f1cb"
"d7da87b37bcb47318f4e9c42a2f10a33",,"城市","city","gridTable",,,,"191130122513220","1","30/11/2019 12:25:13","admin",,,,,,"e6b50a35425d449e947c9040ce053e69"
"d8ea5104f0574552819609eb4a2ffb54",,"作者","author","gridTable_news","图文",,,"191130123203330","1","30/11/2019 12:32:03","admin","8/1/2021 09:22:17",,,,,"aa12ebbd21d644b0bc8e77cf5abaed27"
"dc9677b3ab02476a88e685bfbd91dbc6",,"创建人","creatorUser",,,,,"20200703100147137","1","7/1/2021 05:38:21","00d9428a-25f5-4ceb-ab9b-1a3c71989bb4","7/1/2021 05:42:18","00d9428a-25f5-4ceb-ab9b-1a3c71989bb4",,,,"85cd7bca426e49ce83a061bf461b1447"
"dcdb56175c5d48ba91b2c362ef540560","-1","楼宇号","building",,,,,"0","1","19/1/2021 10:38:07","admin",,,,,,"0be9192d6244490bb8dee3c7c2237265"
"dd8445929a0c4104b732aec01decdbda",,"创建时间","creatorTime","gridTable",,,,"191112151449066","1","28/6/2018 11:32:41","admin","8/1/2021 09:44:15",,,,,"fe0150960dd542ec9328067e4495074b"
"ddad675081f34110ba3132f7a5d3c2ed",,"岗位","position","gridTable",,,,"191209113730590","1","9/12/2019 11:37:31","admin","8/1/2021 09:36:59",,,,,"4DDA6A84-A432-421C-9CE9-DB7A56033B02"
"df10cce783b743749db303d752c941b0",,"过期","overdueTime","gridTable",,,,"191130124512703","1","30/11/2019 12:45:13","admin",,,,,,"3c0370e4f96f4e6282ed691744235d37"
"df12d645b850423db04fabad22232e79",,"创建时间","creatorTime","gridTable",,,,"200516170103895","1","8/1/2021 09:30:57",,,,,,,"380C9373-8BB8-4A86-822C-5C09031800C9"
"dfc3029af8fe4f09b5ffec7577d42bcb",,"请求类型","requestMethod",,,,,"20200703100147195","1","8/1/2021 02:54:10","02ed7f16-1337-454d-ac47-3250551a1588",,,,,,"0BF2E270-E214-4D3B-9F7C-D5B000068202"
"e089d3b68a00474f81a1fdab711e3b59",,"发起人员 / 发起时间","startTime","gridTable",,,,"180628105816807","1","28/6/2018 10:58:17","admin","8/1/2021 10:11:35",,,,,"856131bc6e2b4b16aa79d35ba5234e78"
"e0ed7b8667164e64b07a445627cb1db2",,"报表名称","fullName",,,,,"20200703100147151","1","8/1/2021 01:07:10","02ed7f16-1337-454d-ac47-3250551a1588",,,,,,"c7159f97177b420d9fc8ec8c74ae541b"
"e13dd431a3754c33ae1ec5157e3806df",,"流程标题 / 流程编号","fullName","gridTable",,,,"191207180853073","1","7/12/2019 18:08:54","admin","11/1/2021 03:30:29","00d9428a-25f5-4ceb-ab9b-1a3c71989bb4",,,,"fb0888d9111a40a0adb44ccdf9dbb5c6"
"e1cc7cf590aa47029a3c61a8ea2a1f9b",,"数量","F_Qty","orderEntryTable","订单商品",,,"191130123955284","1","30/11/2019 12:39:55","admin",,,,,,"F4FCA43A-B563-4149-AB16-486589CFC154"
"e209b85614194068a3fad3deec44b564",,"流程分类","flowCategory","gridTable",,,,"180628110235677","1","28/6/2018 11:02:36","admin","8/1/2021 10:02:23",,,,,"55c06bb3b2124b0c83d17c5ef82450f5"
"e2ae20e9da3147af9f6d9b861d07d184",,"付款金额","F_ReceivableMoney","gridTable","订单信息",,,"191130123935276","1","30/11/2019 12:39:35","admin",,,,,,"F4FCA43A-B563-4149-AB16-486589CFC154"
"e3060f50c7714b738fe79a922bc02210",,"性别","gender","gridTable",,,,"191209113730588","1","9/12/2019 11:37:31","admin","8/1/2021 09:36:33",,,,,"4DDA6A84-A432-421C-9CE9-DB7A56033B02"
"e514c4aa36614b9693817fe38b3697cc",,"委托说明","description","gridTable",,,,"180628110342503","1","28/6/2018 11:03:51","admin","8/1/2021 10:04:08",,,,,"55c06bb3b2124b0c83d17c5ef82450f5"
"e71c7d94d9d24acfac6cf3d410501d56",,"最后修改时间","lastmodifytime",,,,,"20200703100147177","1","8/1/2021 02:09:32","02ed7f16-1337-454d-ac47-3250551a1588",,,,,,"aad12c217ea047e0814c631c4784f489"
"e77e8e143eee447ab1ba67d76c686955",,"接口名称","fullName","gridTable",,,,"200516170103877","1","8/1/2021 06:33:37",,,,,,,"c2122f82fc9c40fca0eb0392d7337e6b"
"e7a8a85d58aa4880b80023b9f1420ace",,"总数","sum","gridTable","表结构",,,"191130114905156","1","30/11/2019 11:49:05","249cf67d-fd9d-42da-8c2f-0481a7113446","8/1/2021 06:17:32",,,,,"c50f18d0568244a5b85878050bbc5a40"
"ea4111ba30bf448b811f24d84caa8c22",,"登录时间","creatorTime",,,,,"20200703100147186","1","8/1/2021 02:51:53","02ed7f16-1337-454d-ac47-3250551a1588",,,,,,"0BF2E270-E214-4D3B-9F7C-D5B000068202"
"eacd66b9e3044c93bc228e3c7f1b1d31","-1","客户全称","customername",,,,,"0","1","19/1/2021 10:59:19","admin",,,,,,"12f57de476a34980b80d2a8b21d1f11a"
"eb16103b4f4248ab91c997b13574d5de",,"发送用户","sendUser","gridTable",,,,"191130122704335","1","30/11/2019 12:27:04","admin","8/1/2021 08:53:00",,,,,"e2790019271d4913b3c077447487be16"
"eb30fe851cac487189bf22f5a210aa14","-1","姓名","cominputfield101",,,,,"0","1","23/3/2021 07:47:01","admin",,,,,,"c7ded4ca6cf9402f97386051eaedd254"
"ec794f2ad1e24329b31fa4433ec5ec52",,"最后修改人","lastmodifyuser",,,,,"20200703100147147","1","7/1/2021 05:47:03","00d9428a-25f5-4ceb-ab9b-1a3c71989bb4",,,,,,"f6b7ce17cef147b0bb97abdc6c95e12a"
"ed8e56ffc6cf499eb8a814614dc283d7",,"排序","sortCode","gridTable",,,,"200516170103876","1","8/1/2021 06:07:07",,,,,,,"ef96d397af964fb7a4363c516270a4f4"
"ed951599dbc64d22b6811de1f4081b7b",,"规格型号","F_Specifications","orderEntryTable","订单商品",,,"191130123955282","1","30/11/2019 12:39:55","admin",,,,,,"F4FCA43A-B563-4149-AB16-486589CFC154"
"edc1eb926d6848bfa6d8357dc37f1a92",,"创建时间","creatorTime","gridTable",,,,"200516170103904","1","8/1/2021 09:35:20",,,,,,,"E5AA0952-44FB-4FB9-B888-C6B78EF96836"
"ee049169952b4cf08bf854ff0bf17218",,"名称","fullName",,,,,"20200703100147143","1","7/1/2021 05:46:34","00d9428a-25f5-4ceb-ab9b-1a3c71989bb4","12/1/2021 12:29:07","admin",,,,"f6b7ce17cef147b0bb97abdc6c95e12a"
"eef3df1af43640f48b9580203768aa35",,"最后修改人","lastmodifyuser",,,,,"20200703100147139","1","7/1/2021 05:45:18","00d9428a-25f5-4ceb-ab9b-1a3c71989bb4",,,,,,"85cd7bca426e49ce83a061bf461b1447"
"ef25fea372cd4764af5fb35cbbca2401",,"描述","description","gridTable",,,,"191130121252630","1","30/11/2019 12:12:53","admin","8/1/2021 09:39:42",,,,,"07029F61-993A-4A46-BF56-20DE382F4F66"
"ef5d6befe8df4608a645b0dcad1ca075",,"部门","department","gridTable",,,,"191209113730591","1","9/12/2019 11:37:31","admin","8/1/2021 09:37:18",,,,,"4DDA6A84-A432-421C-9CE9-DB7A56033B02"
"eff97a96869f446cb3a09500e268bf20",,"消息类别","msgType","gridTable",,,,"191130122704334","1","30/11/2019 12:27:04","admin","8/1/2021 08:52:50",,,,,"e2790019271d4913b3c077447487be16"
"f05e308a34064aadbe0e8ea4d5f6cd27",,"最后修改人","lastmodifyuser",,,,,"20200703100147176","1","8/1/2021 02:09:21","02ed7f16-1337-454d-ac47-3250551a1588",,,,,,"aad12c217ea047e0814c631c4784f489"
"f088bff73c2d48cfbb6ad5c06a98f70f",,"上传时间","uploadDate","gridTable_photo","图片",,,"191130123014901","1","30/11/2019 12:30:15","admin","8/1/2021 09:17:43",,,,,"aa12ebbd21d644b0bc8e77cf5abaed27"
"f1ad0b5d441d480ba7ff641f73ec0fff",,"名称","name","gridTable",,,,"191130124512702","1","30/11/2019 12:45:13","admin",,,,,,"3c0370e4f96f4e6282ed691744235d37"
"f2af5abd3c5e4ab2b9a30dfea6475098",,"账户","account","gridTable",,,,"191130123408455","1","30/11/2019 12:34:08","admin","8/1/2021 09:25:01",,,,,"b3e60c5216c44c3bad8e148b11ef75e2"
"f4385abbb2e04ef2a514b87fa8934336",,"名称","fullName",,,,,"20200703100147179","1","8/1/2021 02:17:05","02ed7f16-1337-454d-ac47-3250551a1588",,,,,,"8ee6ec6db2ac4a5e9b010100c7690798"
"f43e0f2984674fa3a5393abcb48078b0",,"编码","enCode","gridTable",,,,"191130121252628","1","30/11/2019 12:12:53","admin","8/1/2021 09:39:10",,,,,"07029F61-993A-4A46-BF56-20DE382F4F66"
"f56abcf4f95e41cfb6b672550cd3b643",,"当前状态","status","gridTable",,,,"180628110351197","1","28/6/2018 11:03:43","admin","8/1/2021 10:03:42",,,,,"55c06bb3b2124b0c83d17c5ef82450f5"
"f5b8838cb48d40f4a56cd4740e28ffdf",,"文件名","fileName","gridTable",,,,"180203143551900","1","3/2/2018 14:35:52","admin","8/1/2021 06:31:15",,,,,"9A638D07-82BC-42CC-B6FB-DEE937CC6FE1"
"f5ffff4ab3a647b89e824548f4ec3777","-1","入库时间","datefield110",,,,,"0","1","23/3/2021 08:14:02","admin",,,,,,"919e37b2a46d48d8a54152cd6e50627d"
"f60c0c7c7ff54a31aad97808d41d2101",,"消息状态","enabledMark","gridTable",,,,"191130123605220","1","30/11/2019 12:36:05","admin","8/1/2021 09:27:54",,,,,"529cd6e285de49fea7ee291d98b0ab9f"
"f6824e79e0f54270b94c1e5a73ea86ae","-1","对接人","userid",,,,,"0","1","19/1/2021 10:38:07","admin",,,,,,"0be9192d6244490bb8dee3c7c2237265"
"fc7b8419c9a8499890d57adc00a77cc8",,"折扣%","F_Discount","orderEntryTable","订单商品",,,"191130123955287","1","30/11/2019 12:39:55","admin",,,,,,"F4FCA43A-B563-4149-AB16-486589CFC154"
"fc808bcb574748668db24512a79cc33e",,"主机地址","host","gridTable",,,,"191112151449060","1","12/11/2019 15:14:50","admin","8/1/2021 06:05:34",,,,,"ef96d397af964fb7a4363c516270a4f4"
"fcdd600a0b5f4e51b0a7deb64566239a",,"创建人","creatorUser",,,,,"20200703100147153","1","8/1/2021 01:08:01","02ed7f16-1337-454d-ac47-3250551a1588",,,,,,"c7159f97177b420d9fc8ec8c74ae541b"
"fd0d5027380f4bb8abe5fee595ce1ce0",,"收款日期","F_ReceivableDate","orderReceivableTable","收款计划",,,"191130124019672","1","30/11/2019 12:40:20","admin",,,,,,"F4FCA43A-B563-4149-AB16-486589CFC154"
"fdece32457b0475d97a56aa5b3a0a4d9",,"发起人员 / 发起时间","startTime","gridTable",,,,"191207180825421","1","7/12/2019 18:08:25","admin","8/1/2021 09:58:22",,,,,"a8a67a231b924cf88981b61359179d06"
"fe50ed9a872047668f0b3e55a092640a",,"开始时间","startTime","gridTable",,,,"180628110324037","1","28/6/2018 11:03:24","admin","8/1/2021 10:03:09",,,,,"55c06bb3b2124b0c83d17c5ef82450f5"
"fe6259dae26d4a24a5169f2806014298",,"请求时间","creatorTime",,,,,"20200703100147190","1","8/1/2021 02:53:02","02ed7f16-1337-454d-ac47-3250551a1588",,,,,,"0BF2E270-E214-4D3B-9F7C-D5B000068202"
"ff6f65a8b0b14b3fa0deff12b35e9abd","-1","门店名称","radiofield105",,,,,"0","1","23/3/2021 08:14:02","admin",,,,,,"919e37b2a46d48d8a54152cd6e50627d"
