"F_Id","F_TaskId","F_RunTime","F_RunResult","F_Description"
"0258300572fd4af686d8e1e70bc29710","c7e5a6313ae347848817e1759b839592","4/9/2020 09:12:03","0",
"08c6433e9d2a40cb92509a86f9e3f169","c7e5a6313ae347848817e1759b839592","4/9/2020 09:12:07","0",
"0b20bf1721654de7b9dde02470a2217b","c7e5a6313ae347848817e1759b839592","4/9/2020 09:12:00","0",
"0dabecb7ada446f795ebc10727c2520d","c7e5a6313ae347848817e1759b839592","4/9/2020 09:11:55","0",
"1289660641fa4edb8ffef81e87f4a2d6","c7e5a6313ae347848817e1759b839592","4/9/2020 09:11:42","0",
"1b13621da53a45b9b9e706458eb62d0a","6621562566e643ccb30169bbb5d9f9c0","4/9/2020 09:03:58","0","存储过程调用成功"
"1c4d3de7ac654fd49fde9aa07bfbd56a","c7e5a6313ae347848817e1759b839592","4/9/2020 09:11:46","0",
"1e46616d0172463f8c43cde49112ff5c","c7e5a6313ae347848817e1759b839592","4/9/2020 09:11:57","0",
"244636e799204c25aeafbd7996d6c752","c7e5a6313ae347848817e1759b839592","4/9/2020 09:11:43","0",
"25b6d2a3c75f48b9a8c77568ae0c3104","77729d8c332a4a0e996d735b13959773","7/9/2020 08:53:54","1","无接口"
"2a91d364515c4f4f873c5c050b22e375","c7e5a6313ae347848817e1759b839592","4/9/2020 09:11:52","0",
"2fdf53b01aba440eb271d896859a1e45","6c22db9a53314fb884f30568c6e2dba2","19/6/2020 14:22:17","0",
"4e333fb3f3ad4900b74fded1af088f9a","c7e5a6313ae347848817e1759b839592","4/9/2020 09:12:01","0",
"537b0475232848d09efdc16751be7054","86b6b9564a5543c192ecae2d6c48aeb1","3/9/2020 09:17:53","0",
"5dd7dccc793a4cef855f6789197a74d2","c7e5a6313ae347848817e1759b839592","4/9/2020 09:11:53","0",
"659e0b3981414ad7a5e98b3b26c1883b","6621562566e643ccb30169bbb5d9f9c0","4/9/2020 09:47:46","0","存储过程调用成功"
"65d02c5dbc684a23bb4943da22e658e3","c7e5a6313ae347848817e1759b839592","4/9/2020 09:11:45","0",
"662f920dcf524c73ad99c0c4b546ae98","c7e5a6313ae347848817e1759b839592","4/9/2020 09:12:02","0",
"6ab138dd795448b9a31fa9eb4f75d975","031c022337764729850074f2c45e61fc","11/9/2020 09:32:26","1","无接口"
"6d169a85662a410a85b0f8a350d64fe6","c7e5a6313ae347848817e1759b839592","4/9/2020 09:11:50","0",
"7a49e9b9b6d647c49728118568c642ad","c7e5a6313ae347848817e1759b839592","4/9/2020 09:12:04","0",
"7f9db82ee87d4fb4a4ea9ac94e4cf6b9","c7e5a6313ae347848817e1759b839592","4/9/2020 09:11:59","0",
"82c0e2be67cc4eafaa87307c8d9338ff","5b8a60b2d3fa4245babfc55eb99d7508","15/7/2020 13:58:51","1","无接口"
"8d8be53c738648478fed963953c5db15","c7e5a6313ae347848817e1759b839592","4/9/2020 09:11:47","0",
"9c133804cd044859a7c7e7e0e33658d8","c7e5a6313ae347848817e1759b839592","4/9/2020 09:11:58","0",
"a0c2505b2e0d4a039f719b7e357f4f67","c7e5a6313ae347848817e1759b839592","4/9/2020 09:10:52","0",
"a441c01eef5941c9a636b6390eaaadbf","c7e5a6313ae347848817e1759b839592","3/9/2020 09:10:39","1","无接口"
"a6ba3061bdca4630b3731a88ec6d2c7b","c7e5a6313ae347848817e1759b839592","4/9/2020 09:11:51","0",
"b176ea3d1b55423c83e0f454e32c57a5","6621562566e643ccb30169bbb5d9f9c0","7/9/2020 08:57:48","0","存储过程调用成功"
"b98d1877311441509146d3d62bd67998","c7e5a6313ae347848817e1759b839592","4/9/2020 09:12:06","0",
"bdb3d65a4a2845c880eb416765488086","031c022337764729850074f2c45e61fc","11/9/2020 09:32:06","1","无接口"
"bec218794fe34ac58d7a38ca98677b6f","c7e5a6313ae347848817e1759b839592","4/9/2020 09:11:54","0",
"cc27c2900fae403298c1c7139ef7c7b3","3a9954eafe234ffe953f8103bff402ee","7/9/2020 09:00:06","1","无接口"
"cf8ce04a6d3e4bacb441b6b6b309c4ae","86b6b9564a5543c192ecae2d6c48aeb1","7/9/2020 08:59:39","1","无接口"
"d059aebe87374562b9812c9f3cc236f3","c7e5a6313ae347848817e1759b839592","4/9/2020 09:11:49","0",
"d6e5cb37f6684b809715aaa6e37eadbd","c7e5a6313ae347848817e1759b839592","4/9/2020 09:12:08","0",
"da2b8ce50fec4d8fad7ceafe10ddc336","c7e5a6313ae347848817e1759b839592","4/9/2020 09:11:41","0",
"df3282050e6b4b11a8a5792f334c68aa","86b6b9564a5543c192ecae2d6c48aeb1","7/9/2020 08:59:02","1","无接口"
"dfe75c8c58e0433bbac84590d6fe128b","c7e5a6313ae347848817e1759b839592","4/9/2020 09:11:48","0",
"e5103a6b50d5414eadc395cdd6a02298","c7e5a6313ae347848817e1759b839592","4/9/2020 09:11:56","0",
"ebbb1b2af6dc44529e5063096e2f39a3","c7e5a6313ae347848817e1759b839592","4/9/2020 09:12:05","0",
"edd07aa95ec94f2db6e8baae4daa78ec","ed373ab1f4fb4189bd0aec26a82c34fb","18/9/2020 17:41:03","1","无接口"
"f29b9e5827fb4709bc363328dc59b3bc","c7e5a6313ae347848817e1759b839592","4/9/2020 09:11:44","0",
"f909c4e256f2421c803d919ca80f5967","9b79076423be4d41ae0f55676d33545e","11/9/2020 09:32:39","1","无接口"
"f9378c823101487aad7dab98f008b584","6621562566e643ccb30169bbb5d9f9c0","7/9/2020 08:51:31","0","存储过程调用成功"
"fbb79575d22c4a4aa5cea25a2a4a4523","6621562566e643ccb30169bbb5d9f9c0","3/9/2020 09:28:37","0","存储过程调用成功"
