"F_Id","F_ObjectType","F_ObjectId","F_NodeCode","F_NodeName","F_TaskNodeId","F_TaskId","F_CreatorTime"
"00e8bf6aaf44434397013cef198d262c","4","b973a1bb-4e2e-411e-94ea-77c83f0127d3","Ub2","审批人","0d5688060a294bbfba7ef46bce511fea","a7e733bbde014b3390174de2e9ae6d3d","10/10/2020 08:00:45"
"0109ce950088407fab0287f741a407ec","4","b973a1bb-4e2e-411e-94ea-77c83f0127d3","Ub2","审批人","de1a60c66cf740dea1a8ea5d465fc863","c9cb1c2cba8045ea87dbded4b753a0c1","29/9/2020 06:57:13"
"0205a023d56f4e048ffd5aab9fdd1348","5","6D4BC762-1F21-4697-95F6-D5B4D11C3E40","Ub2","审批人","0d5688060a294bbfba7ef46bce511fea","a7e733bbde014b3390174de2e9ae6d3d","10/10/2020 08:00:45"
"03c7f2b1b5634026a2a630d35d5aed90","5","66261240f8b74a1e87356bcb82e5211a","kb2","审批人","d0bd641d09d4441d885b192ce01fb219","4e8819220f8b4762bfd733624bf5698e","10/10/2020 09:45:16"
"04df33f795d94e668b637a8fd4802a84","5","7ba47271655442a0bca14438f2fd7108","kb2","审批人","d0bd641d09d4441d885b192ce01fb219","4e8819220f8b4762bfd733624bf5698e","10/10/2020 09:45:16"
"05d4d0e9911a40489013dc7c70d0c7f4","5","7dac4ac51a674d8ca51bca857b8d1465","kb2","审批人","b0b4628436e543339de5ffdae7c1ea60","733433c007b14b52b06605a66c62a28f","29/9/2020 07:20:01"
"0a99d2450e804a08a2a59fb6d07c6638","5","71d112bc38f444749360344bf6f020f7","Xb2","主管审批","ae6bece0d3c74f729e41764e4339f3cc","17df3ba1d331472ca30dde642b924ac2","29/9/2020 01:54:58"
"0aad85aed8b644c99fcd0a2d7c8133bf","5","B650DD80-8C7C-4AFA-AF1C-B9C92CC5CFAC","Ub2","审批人","de1a60c66cf740dea1a8ea5d465fc863","c9cb1c2cba8045ea87dbded4b753a0c1","29/9/2020 06:57:13"
"0fbb321c12164b6a94ad3b04ff05316e","5","B650DD80-8C7C-4AFA-AF1C-B9C92CC5CFAC","Ub2","审批人","dd119db25ac44383929b9946be2e22af","c1986704d28e4d64beefd912323291a6","27/9/2020 02:22:42"
"104d422015684208b1038d22b4fbf6f7","5","66261240f8b74a1e87356bcb82e5211a","kb2","审批人","b0b4628436e543339de5ffdae7c1ea60","733433c007b14b52b06605a66c62a28f","29/9/2020 07:20:01"
"111a521b410948d2842300606f38395e","5","6D4BC762-1F21-4697-95F6-D5B4D11C3E40","Ub2","审批人","5601594f90754690a6121c86550b29cb","d75b9630183841cba7301bd002eb570a","27/9/2020 02:27:44"
"11f313f6db1241708bd8d4c59ff4430c","5","0E773C1A-2E4E-4001-A51E-0E3DC93901A4","Ub2","审批人","23058f14aa68471585b94f497af1dd5a","5d9e95ead802463887560a0c9810e65e","29/9/2020 02:13:55"
"12bb0ebf1b3746f5af3efc8a063883ab","5","6D4BC762-1F21-4697-95F6-D5B4D11C3E40","Ub2","审批人","bffdf890e5904ffdb8b4c7fa4f69a591","3e2a38728ee04964a7d7d66fe822826b","18/9/2020 09:05:21"
"1957f8746bb24c749bfd5018bb996f23","5","0E773C1A-2E4E-4001-A51E-0E3DC93901A4","Ub2","审批人","bffdf890e5904ffdb8b4c7fa4f69a591","3e2a38728ee04964a7d7d66fe822826b","18/9/2020 09:05:21"
"1ef9e1a1dc2743fdbaafab94585bc080","5","6D4BC762-1F21-4697-95F6-D5B4D11C3E40","Ub2","审批人","dd119db25ac44383929b9946be2e22af","c1986704d28e4d64beefd912323291a6","27/9/2020 02:22:42"
"20bd53c010834b28a36c5988a59aefc8","5","6D4BC762-1F21-4697-95F6-D5B4D11C3E40","Ub2","审批人","23058f14aa68471585b94f497af1dd5a","5d9e95ead802463887560a0c9810e65e","29/9/2020 02:13:55"
"23c5d05292874099bd8fe75796c32be1","4","b973a1bb-4e2e-411e-94ea-77c83f0127d3","Ub2","审批人","5601594f90754690a6121c86550b29cb","d75b9630183841cba7301bd002eb570a","27/9/2020 02:27:44"
"24c9c1d6cf1045d082ad3b58f229cd6d","4","f465cea3563e47899e649dfb315b70e8","Kb2","主管审批","be0b6d2391b4454f82c085315c5371fc","555768e1ecda4c0d964066bf9a6ff572","9/10/2020 02:49:40"
"263f0dbbe0864ecd92d2a6fac7a2e3af","5","2F82A84B-9F22-4E14-8B10-BC502F2BCD26","Ub2","审批人","5601594f90754690a6121c86550b29cb","d75b9630183841cba7301bd002eb570a","27/9/2020 02:27:44"
"27c4487684d44231b58cf64de9ce82f1","5","2F82A84B-9F22-4E14-8B10-BC502F2BCD26","Ub2","审批人","bffdf890e5904ffdb8b4c7fa4f69a591","3e2a38728ee04964a7d7d66fe822826b","18/9/2020 09:05:21"
"29904ffcaa6c4fcd8529e5980bb49e80","5","B650DD80-8C7C-4AFA-AF1C-B9C92CC5CFAC","Ub2","审批人","5601594f90754690a6121c86550b29cb","d75b9630183841cba7301bd002eb570a","27/9/2020 02:27:44"
"29b377930c9e4e7188569925a49e8d29","5","1d16ecdac2c445b58f3c73bd457fd537","kb2","审批人","d0bd641d09d4441d885b192ce01fb219","4e8819220f8b4762bfd733624bf5698e","10/10/2020 09:45:16"
"2ae47d0d3c894901995d2395e71a985b","5","71d112bc38f444749360344bf6f020f7","kb2","审批人","d0bd641d09d4441d885b192ce01fb219","4e8819220f8b4762bfd733624bf5698e","10/10/2020 09:45:16"
"2edc41d9e33343de80be9559221d7992","4","67e573e0-bb73-49e0-823b-d8297b0da3f8","Kb2","主管审批","c443a970038a423c83a44d8ce3ba9723","10950ad33f5c42d0a786b6e717f9f2be","30/9/2020 08:07:46"
"3193f2a4007d4c9094aa811e091a1ac9","5","6dc6f061ab974a3993a34f5b81e44cf0","kb2","审批人","b0b4628436e543339de5ffdae7c1ea60","733433c007b14b52b06605a66c62a28f","29/9/2020 07:20:43"
"319b50180ba448a5a7b250fbf8f4604e","5","6dc6f061ab974a3993a34f5b81e44cf0","kb2","审批人","b0b4628436e543339de5ffdae7c1ea60","733433c007b14b52b06605a66c62a28f","29/9/2020 07:20:01"
"32c1f7a868df48c98fb1267744d8dce3","4","43a38a12-a051-4006-be67-9547ee10eabc","Kb2","主管审批","0b502428ea7044c8992e72aa967b39e4","01298ced00a344ffb92b0edf4045a883","10/10/2020 00:59:21"
"32e2a65dd8b04ebbb82d1d7d86ad8fac","5","6a582f8ceb3a40a194a876605a42c4b0","Xb2","主管审批","ae6bece0d3c74f729e41764e4339f3cc","17df3ba1d331472ca30dde642b924ac2","29/9/2020 01:54:58"
"33ca97dac0844138a7d665fa74fdf2c5","5","1d16ecdac2c445b58f3c73bd457fd537","kb2","审批人","b0b4628436e543339de5ffdae7c1ea60","733433c007b14b52b06605a66c62a28f","29/9/2020 07:20:43"
"34085e13af2f4665b2e3f46f9d773eea","5","473b7a3ece5b402a8968328bc499754e","kb2","审批人","d0bd641d09d4441d885b192ce01fb219","4e8819220f8b4762bfd733624bf5698e","10/10/2020 09:45:16"
"35639701944146cf952110401d8aa555","5","66261240f8b74a1e87356bcb82e5211a","Wb2","主管审批","18d6c2288c3740108104fc4cc81234e4","9c5db9e7fd3c44cc82fbdca1dc8fe464","29/9/2020 01:55:37"
"3aec7fc0cce84a538e2822f77f1f02a3","5","2F82A84B-9F22-4E14-8B10-BC502F2BCD26","Ub2","审批人","dd119db25ac44383929b9946be2e22af","c1986704d28e4d64beefd912323291a6","27/9/2020 02:22:42"
"3eb3f8fb996241a8b95e1c66f8b0aa5a","4","f465cea3563e47899e649dfb315b70e8","Kb2","主管审批","c443a970038a423c83a44d8ce3ba9723","10950ad33f5c42d0a786b6e717f9f2be","30/9/2020 08:07:46"
"3f0a663b967b4342b17bc64b9c421bf8","5","1d16ecdac2c445b58f3c73bd457fd537","Wb2","主管审批","18d6c2288c3740108104fc4cc81234e4","9c5db9e7fd3c44cc82fbdca1dc8fe464","29/9/2020 01:55:37"
"3f3ad2aad76b4bc483b1ab9600f0bb0c","5","2F82A84B-9F22-4E14-8B10-BC502F2BCD26","Ub2","审批人","23058f14aa68471585b94f497af1dd5a","5d9e95ead802463887560a0c9810e65e","29/9/2020 02:13:55"
"40139f55364a4425af8487aa3d84dc4e","4","f465cea3563e47899e649dfb315b70e8","Kb2","主管审批","4f8054653ab74c95ae93fdc247c389a4","748ad5a0baa64f2eab3fb446b41528c4","10/10/2020 02:04:29"
"41359860e46d4c1d9558f6d887f022e6","4","f465cea3563e47899e649dfb315b70e8","Kb2","主管审批","0b502428ea7044c8992e72aa967b39e4","01298ced00a344ffb92b0edf4045a883","10/10/2020 00:59:21"
"43857b3088a74fc8bf8db198e5b50017","5","ce977e001cec40c69160268b7f436cc8","kb2","审批人","d0bd641d09d4441d885b192ce01fb219","4e8819220f8b4762bfd733624bf5698e","10/10/2020 09:45:16"
"44635e221f3f4370a49aa3562c1594fd","5","0E773C1A-2E4E-4001-A51E-0E3DC93901A4","Ub2","审批人","dd119db25ac44383929b9946be2e22af","c1986704d28e4d64beefd912323291a6","27/9/2020 02:22:42"
"45da3d6fecaa4e358a619b5f304329ea","5","473b7a3ece5b402a8968328bc499754e","kb2","审批人","b0b4628436e543339de5ffdae7c1ea60","733433c007b14b52b06605a66c62a28f","29/9/2020 07:20:01"
"47094ac601944d529f90520a638aa30d","4","43a38a12-a051-4006-be67-9547ee10eabc","Kb2","主管审批","be0b6d2391b4454f82c085315c5371fc","555768e1ecda4c0d964066bf9a6ff572","9/10/2020 02:49:40"
"47dc949f812f4a8e89d9395908e220f8","5","ce977e001cec40c69160268b7f436cc8","Kb2","主管审批","be0b6d2391b4454f82c085315c5371fc","555768e1ecda4c0d964066bf9a6ff572","9/10/2020 02:49:40"
"5054599fd54249d08864ba9d2f8a5bea","4","43a38a12-a051-4006-be67-9547ee10eabc","Kb2","主管审批","63c107c5fa4b40f9aab159fd5f288456","0070d6b242ff48e497cbe337bf1da9ad","30/9/2020 08:47:23"
"51d54279671d4dd6b7b6da68a2eeeb6c","4","ec63d618f8b643428b27f18336f73f4b","Ob2","主管审批","c2bd29ed5ca84625b948b78df925679c","306270d97f50461caaba2c23327d3fde","18/9/2020 08:41:53"
"52651b219e7446e4bf8b52c9e718340a","4","1adea3ff-8a25-420b-a628-c5cb78fd51c0","Kb2","主管审批","04af6eb60daa4084a1d3f2a0decb4dd8","748ad5a0baa64f2eab3fb446b41528c4","10/10/2020 01:52:01"
"5377e49c25984e16a73044bc5b7b1d9d","4","67e573e0-bb73-49e0-823b-d8297b0da3f8","Kb2","主管审批","63c107c5fa4b40f9aab159fd5f288456","0070d6b242ff48e497cbe337bf1da9ad","30/9/2020 08:47:23"
"562071aeb2d946e8b5ef34b3df63cc4e","4","2049f1bf-bd8d-43ca-bb3c-2d2833a16535","bb2","审批人","543e925afeb9494b9a77a7dd92117219","807c7b83be114ad5bc0b60edb67152b8","14/10/2020 07:26:54"
"56ef9fd355774796a5b68c8388958ef2","5","0E773C1A-2E4E-4001-A51E-0E3DC93901A4","Ub2","审批人","de1a60c66cf740dea1a8ea5d465fc863","c9cb1c2cba8045ea87dbded4b753a0c1","29/9/2020 06:57:13"
"578d0f0736174e588588600e43e7f1a4","4","f465cea3563e47899e649dfb315b70e8","Kb2","主管审批","63c107c5fa4b40f9aab159fd5f288456","0070d6b242ff48e497cbe337bf1da9ad","30/9/2020 08:47:23"
"5b268cf3840c4df9bd4f2c37cc39a364","4","ec63d618f8b643428b27f18336f73f4b","Ob2","主管审批","513a47cd77d3488490715ee8ec250830","843ecf6a1e134753a6cea666b1bbb69b","29/9/2020 03:16:27"
"5c79f6884f6c4889b5d98ace94ae0081","4","1c637b38-7c7e-4733-9069-5a8f4585f6f9","Kb2","主管审批","04af6eb60daa4084a1d3f2a0decb4dd8","748ad5a0baa64f2eab3fb446b41528c4","10/10/2020 01:52:01"
"5f0a2d1858784b6eb2517753db7b08d8","5","2F82A84B-9F22-4E14-8B10-BC502F2BCD26","Ub2","审批人","b513756b13d44f319d5722cfeac81b44","334c9775ed2542e68b6e728c3c350a2c","27/9/2020 02:39:58"
"5f6897101211493ba61749e5b498474f","4","b973a1bb-4e2e-411e-94ea-77c83f0127d3","Ub2","审批人","7c1744fe347b474d979546baa098e198","ab67329172da42fc8e4e1ddacad00ceb","27/9/2020 02:26:49"
"60e5727519114227ab51d109e73fb409","4","1c637b38-7c7e-4733-9069-5a8f4585f6f9","Kb2","主管审批","4f8054653ab74c95ae93fdc247c389a4","748ad5a0baa64f2eab3fb446b41528c4","10/10/2020 02:04:29"
"65f068736a234fe99533ae4489d66650","5","7dac4ac51a674d8ca51bca857b8d1465","kb2","审批人","d0bd641d09d4441d885b192ce01fb219","4e8819220f8b4762bfd733624bf5698e","10/10/2020 09:45:16"
"69c6930ebb9d47d59753dafa3dcac7f5","4","43a38a12-a051-4006-be67-9547ee10eabc","Mb2","主管审批","07a8b0a43c3f4d008ce478b2edb53325","09618aaaeec14b008af666ed63893c24","29/9/2020 02:22:28"
"6c782afbfd2448c280a6031db81620b9","5","ce977e001cec40c69160268b7f436cc8","Kb2","主管审批","4f8054653ab74c95ae93fdc247c389a4","748ad5a0baa64f2eab3fb446b41528c4","10/10/2020 02:04:29"
"6cd17ffbc2174631ab272b14fe2885f3","5","B650DD80-8C7C-4AFA-AF1C-B9C92CC5CFAC","Ub2","审批人","d9de0e3761354ca9af26551b17c0ed08","ab67329172da42fc8e4e1ddacad00ceb","29/9/2020 01:31:19"
"6d14cd45425f46b8b50323aa431d29f7","5","B650DD80-8C7C-4AFA-AF1C-B9C92CC5CFAC","Xb2","主管审批","ae6bece0d3c74f729e41764e4339f3cc","17df3ba1d331472ca30dde642b924ac2","29/9/2020 01:54:58"
"6f1a4138ba054b16a63ba8e76f1ec8ec","4","67e573e0-bb73-49e0-823b-d8297b0da3f8","Kb2","主管审批","be0b6d2391b4454f82c085315c5371fc","555768e1ecda4c0d964066bf9a6ff572","9/10/2020 02:49:40"
"72afd073b5bd4506b37b9be5e995db6f","5","0E773C1A-2E4E-4001-A51E-0E3DC93901A4","Xb2","主管审批","ae6bece0d3c74f729e41764e4339f3cc","17df3ba1d331472ca30dde642b924ac2","29/9/2020 01:54:58"
"74c008f63673418999a60997ffd5a7cc","4","1adea3ff-8a25-420b-a628-c5cb78fd51c0","Kb2","主管审批","0b502428ea7044c8992e72aa967b39e4","01298ced00a344ffb92b0edf4045a883","10/10/2020 00:59:21"
"79ad7f84baeb4e0dbb5af4648a67d338","5","B650DD80-8C7C-4AFA-AF1C-B9C92CC5CFAC","Ub2","审批人","0d5688060a294bbfba7ef46bce511fea","a7e733bbde014b3390174de2e9ae6d3d","10/10/2020 08:00:45"
"7a03856a605b48eca409703f15dabe5f","5","0E773C1A-2E4E-4001-A51E-0E3DC93901A4","Ub2","审批人","5601594f90754690a6121c86550b29cb","d75b9630183841cba7301bd002eb570a","27/9/2020 02:27:44"
"7bc3f67483cf45babc75f00ed1d2f8d1","4","2049f1bf-bd8d-43ca-bb3c-2d2833a16535","bb2","审批人","2e4aea5c09a140ada5f67f79b7076acc","807c7b83be114ad5bc0b60edb67152b8","14/10/2020 07:18:21"
"7c2a88ad0ea841338edfeb09e69b4969","5","0E773C1A-2E4E-4001-A51E-0E3DC93901A4","Ub2","审批人","d9de0e3761354ca9af26551b17c0ed08","ab67329172da42fc8e4e1ddacad00ceb","29/9/2020 01:31:19"
"806c28a252b942528ba9722651ef3eac","4","1adea3ff-8a25-420b-a628-c5cb78fd51c0","Kb2","主管审批","be0b6d2391b4454f82c085315c5371fc","555768e1ecda4c0d964066bf9a6ff572","9/10/2020 02:49:40"
"8085112aa0b74c01b15bd33cc947d620","5","eda6b6a8cfbc465e97c0987ad0558d06","kb2","审批人","b0b4628436e543339de5ffdae7c1ea60","733433c007b14b52b06605a66c62a28f","29/9/2020 07:20:01"
"80f64d514b8f4960889bee7490225d08","5","798d1099ddc24ceb87b9d3dc844d262b","Xb2","主管审批","ae6bece0d3c74f729e41764e4339f3cc","17df3ba1d331472ca30dde642b924ac2","29/9/2020 01:54:58"
"816b39d0649249f88e027637e0ff8e0f","5","B650DD80-8C7C-4AFA-AF1C-B9C92CC5CFAC","Ub2","审批人","23058f14aa68471585b94f497af1dd5a","5d9e95ead802463887560a0c9810e65e","29/9/2020 02:13:55"
"83bfd1490b2949bc913da1012f021fc9","4","1c637b38-7c7e-4733-9069-5a8f4585f6f9","Kb2","主管审批","63c107c5fa4b40f9aab159fd5f288456","0070d6b242ff48e497cbe337bf1da9ad","30/9/2020 08:47:23"
"848f35afb0c54acdb0724cab4c9c56cc","5","6D4BC762-1F21-4697-95F6-D5B4D11C3E40","Ub2","审批人","b513756b13d44f319d5722cfeac81b44","334c9775ed2542e68b6e728c3c350a2c","27/9/2020 02:39:58"
"862169009a2c4d7cb9e901d9b6d8d705","5","6D4BC762-1F21-4697-95F6-D5B4D11C3E40","Xb2","主管审批","ae6bece0d3c74f729e41764e4339f3cc","17df3ba1d331472ca30dde642b924ac2","29/9/2020 01:54:58"
"8d13535a29dd45c1b72648f4777a5008","5","66261240f8b74a1e87356bcb82e5211a","kb2","审批人","b0b4628436e543339de5ffdae7c1ea60","733433c007b14b52b06605a66c62a28f","29/9/2020 07:20:43"
"8fa3a02e63a0459aaecf263d93be23a0","5","0E773C1A-2E4E-4001-A51E-0E3DC93901A4","Ub2","审批人","7c1744fe347b474d979546baa098e198","ab67329172da42fc8e4e1ddacad00ceb","27/9/2020 02:26:49"
"8fc910ce314b42bcb035696f0158f8b7","5","eda6b6a8cfbc465e97c0987ad0558d06","kb2","审批人","d0bd641d09d4441d885b192ce01fb219","4e8819220f8b4762bfd733624bf5698e","10/10/2020 09:45:16"
"9011d291b0f44961874200fa353e7982","5","473b7a3ece5b402a8968328bc499754e","kb2","审批人","b0b4628436e543339de5ffdae7c1ea60","733433c007b14b52b06605a66c62a28f","29/9/2020 07:20:43"
"94d888e8891f40a6b8365e9acdd853ba","5","2F82A84B-9F22-4E14-8B10-BC502F2BCD26","Ub2","审批人","d9de0e3761354ca9af26551b17c0ed08","ab67329172da42fc8e4e1ddacad00ceb","29/9/2020 01:31:19"
"98010eaabd9d44aa975cd14cc1428032","4","b973a1bb-4e2e-411e-94ea-77c83f0127d3","Ub2","审批人","d9de0e3761354ca9af26551b17c0ed08","ab67329172da42fc8e4e1ddacad00ceb","29/9/2020 01:31:19"
"992b85c929d34efd9a19918f1f474b5a","5","71d112bc38f444749360344bf6f020f7","kb2","审批人","b0b4628436e543339de5ffdae7c1ea60","733433c007b14b52b06605a66c62a28f","29/9/2020 07:20:43"
"9a7a74b51cba472293fe4218429f4c3f","4","2049f1bf-bd8d-43ca-bb3c-2d2833a16535","bb2","审批人","bffc99c51c1f4d3caa70fbd7ab183561","f1179eb113874a7aa8b2936720123883","14/10/2020 06:57:56"
"9ae8abefa6354da8a673b8c9f2c7db7a","4","b973a1bb-4e2e-411e-94ea-77c83f0127d3","Ub2","审批人","2c3146a80d8a43c59ae3264e9ec54073","c9cb1c2cba8045ea87dbded4b753a0c1","29/9/2020 06:53:22"
"9caeb5b3bb7e4f4c8f67773f5adb0a9b","5","2F82A84B-9F22-4E14-8B10-BC502F2BCD26","Ub2","审批人","7c1744fe347b474d979546baa098e198","ab67329172da42fc8e4e1ddacad00ceb","27/9/2020 02:26:49"
"9d49c9b81bc0405ebf09f02d56b885f4","5","0E773C1A-2E4E-4001-A51E-0E3DC93901A4","Ub2","审批人","2c3146a80d8a43c59ae3264e9ec54073","c9cb1c2cba8045ea87dbded4b753a0c1","29/9/2020 06:53:22"
"9e71eadf80834da09f6694581c46b8b9","5","B650DD80-8C7C-4AFA-AF1C-B9C92CC5CFAC","Ub2","审批人","b513756b13d44f319d5722cfeac81b44","334c9775ed2542e68b6e728c3c350a2c","27/9/2020 02:39:58"
"a26e891caac94b0399627eb6c9b82613","4","1adea3ff-8a25-420b-a628-c5cb78fd51c0","Kb2","主管审批","63c107c5fa4b40f9aab159fd5f288456","0070d6b242ff48e497cbe337bf1da9ad","30/9/2020 08:47:23"
"a2dd15f378734e95b5fa9de8dcc8e4e9","5","0E773C1A-2E4E-4001-A51E-0E3DC93901A4","Ub2","审批人","0d5688060a294bbfba7ef46bce511fea","a7e733bbde014b3390174de2e9ae6d3d","10/10/2020 08:00:45"
"a36790b6b2cf403298140d20f2535676","4","43a38a12-a051-4006-be67-9547ee10eabc","Kb2","主管审批","04af6eb60daa4084a1d3f2a0decb4dd8","748ad5a0baa64f2eab3fb446b41528c4","10/10/2020 01:52:01"
"a7977012db8340458aa74812a6d587d9","5","7dac4ac51a674d8ca51bca857b8d1465","kb2","审批人","b0b4628436e543339de5ffdae7c1ea60","733433c007b14b52b06605a66c62a28f","29/9/2020 07:20:43"
"a8c37fe7bb634464b690b0d1b4108805","4","ec63d618f8b643428b27f18336f73f4b","Ob2","主管审批","fb949eaacea64240a947de1f4e3b1f7a","b994dd2f867a4bef86b65d778d686b2e","15/10/2020 02:32:30"
"a9013132ffea4c0488095f81263f696e","4","f465cea3563e47899e649dfb315b70e8","Kb2","主管审批","04af6eb60daa4084a1d3f2a0decb4dd8","748ad5a0baa64f2eab3fb446b41528c4","10/10/2020 01:52:01"
"ab245e7483a24d4281a698a7d79f3565","5","2F82A84B-9F22-4E14-8B10-BC502F2BCD26","Xb2","主管审批","ae6bece0d3c74f729e41764e4339f3cc","17df3ba1d331472ca30dde642b924ac2","29/9/2020 01:54:58"
"ac590c0b29454bc9920997f36bbb2881","4","43a38a12-a051-4006-be67-9547ee10eabc","Kb2","主管审批","c443a970038a423c83a44d8ce3ba9723","10950ad33f5c42d0a786b6e717f9f2be","30/9/2020 08:07:46"
"ace4c9e8e7704a94bb8d4c3d2559f44f","5","ce977e001cec40c69160268b7f436cc8","Kb2","主管审批","c443a970038a423c83a44d8ce3ba9723","10950ad33f5c42d0a786b6e717f9f2be","30/9/2020 08:07:46"
"b01a93b25b734f65818f403381f47b43","4","1c637b38-7c7e-4733-9069-5a8f4585f6f9","Kb2","主管审批","c443a970038a423c83a44d8ce3ba9723","10950ad33f5c42d0a786b6e717f9f2be","30/9/2020 08:07:46"
"b060c77a3fda4c4ba576f2389b6a1ef5","5","0E773C1A-2E4E-4001-A51E-0E3DC93901A4","Ub2","审批人","b513756b13d44f319d5722cfeac81b44","334c9775ed2542e68b6e728c3c350a2c","27/9/2020 02:39:58"
"b7056d3a3a24464e955245956738f57f","5","B650DD80-8C7C-4AFA-AF1C-B9C92CC5CFAC","Ub2","审批人","7c1744fe347b474d979546baa098e198","ab67329172da42fc8e4e1ddacad00ceb","27/9/2020 02:26:49"
"b8e4530a718448658bdf2f7f1dae4b76","5","ce977e001cec40c69160268b7f436cc8","kb2","审批人","b0b4628436e543339de5ffdae7c1ea60","733433c007b14b52b06605a66c62a28f","29/9/2020 07:20:01"
"ba0b40d5b9be43adb253b2ac76d43d35","4","67e573e0-bb73-49e0-823b-d8297b0da3f8","Kb2","主管审批","0b502428ea7044c8992e72aa967b39e4","01298ced00a344ffb92b0edf4045a883","10/10/2020 00:59:21"
"bb5dc27c9f43470a8e6a6717a08a936d","5","2F82A84B-9F22-4E14-8B10-BC502F2BCD26","Ub2","审批人","0d5688060a294bbfba7ef46bce511fea","a7e733bbde014b3390174de2e9ae6d3d","10/10/2020 08:00:45"
"c2aae0cb81454b66aa9c4412aeb6f336","5","ce977e001cec40c69160268b7f436cc8","kb2","审批人","b0b4628436e543339de5ffdae7c1ea60","733433c007b14b52b06605a66c62a28f","29/9/2020 07:20:43"
"c684febacc6948f083b41c59b913100d","5","B650DD80-8C7C-4AFA-AF1C-B9C92CC5CFAC","Ub2","审批人","2c3146a80d8a43c59ae3264e9ec54073","c9cb1c2cba8045ea87dbded4b753a0c1","29/9/2020 06:53:22"
"c707a8b30f7240db811b95dc78974edd","5","ce977e001cec40c69160268b7f436cc8","Kb2","主管审批","63c107c5fa4b40f9aab159fd5f288456","0070d6b242ff48e497cbe337bf1da9ad","30/9/2020 08:47:23"
"c753a992233e4081a4ba08a2b39708e5","5","2F82A84B-9F22-4E14-8B10-BC502F2BCD26","Ub2","审批人","de1a60c66cf740dea1a8ea5d465fc863","c9cb1c2cba8045ea87dbded4b753a0c1","29/9/2020 06:57:13"
"c77a1870440846468886992c3472a43a","4","1adea3ff-8a25-420b-a628-c5cb78fd51c0","Kb2","主管审批","4f8054653ab74c95ae93fdc247c389a4","748ad5a0baa64f2eab3fb446b41528c4","10/10/2020 02:04:29"
"c80b749aa8e94efca4329be7d530b5f0","5","71d112bc38f444749360344bf6f020f7","kb2","审批人","b0b4628436e543339de5ffdae7c1ea60","733433c007b14b52b06605a66c62a28f","29/9/2020 07:20:01"
"ca7e052e61804109ab436858eec86cf8","5","6D4BC762-1F21-4697-95F6-D5B4D11C3E40","Ub2","审批人","d9de0e3761354ca9af26551b17c0ed08","ab67329172da42fc8e4e1ddacad00ceb","29/9/2020 01:31:19"
"cc38fd760f5b4f22a63e01ac2f42ea6e","5","ce977e001cec40c69160268b7f436cc8","Kb2","主管审批","0b502428ea7044c8992e72aa967b39e4","01298ced00a344ffb92b0edf4045a883","10/10/2020 00:59:21"
"d116252dee9848709e1ba0b26df0e81c","4","1c637b38-7c7e-4733-9069-5a8f4585f6f9","Kb2","主管审批","be0b6d2391b4454f82c085315c5371fc","555768e1ecda4c0d964066bf9a6ff572","9/10/2020 02:49:40"
"d195c8eb5edd4e418bbe56c6266255b3","4","67e573e0-bb73-49e0-823b-d8297b0da3f8","Kb2","主管审批","04af6eb60daa4084a1d3f2a0decb4dd8","748ad5a0baa64f2eab3fb446b41528c4","10/10/2020 01:52:01"
"d604c754fd474a65bed7a52f58d486cf","5","ce977e001cec40c69160268b7f436cc8","Kb2","主管审批","04af6eb60daa4084a1d3f2a0decb4dd8","748ad5a0baa64f2eab3fb446b41528c4","10/10/2020 01:52:01"
"d8b08a15da3b419688eee5da41d7e77c","5","a9ef4d299f3045e4bba57510b508fdee","Xb2","主管审批","ae6bece0d3c74f729e41764e4339f3cc","17df3ba1d331472ca30dde642b924ac2","29/9/2020 01:54:58"
"e4a9dc7487154deb835777cf94782f94","4","1adea3ff-8a25-420b-a628-c5cb78fd51c0","Kb2","主管审批","c443a970038a423c83a44d8ce3ba9723","10950ad33f5c42d0a786b6e717f9f2be","30/9/2020 08:07:46"
"e5e3e5b859464973900518b94080c845","5","6D4BC762-1F21-4697-95F6-D5B4D11C3E40","Ub2","审批人","7c1744fe347b474d979546baa098e198","ab67329172da42fc8e4e1ddacad00ceb","27/9/2020 02:26:49"
"e6eaecbe17d341edb1d1f0449841cf54","4","b973a1bb-4e2e-411e-94ea-77c83f0127d3","Ub2","审批人","23058f14aa68471585b94f497af1dd5a","5d9e95ead802463887560a0c9810e65e","29/9/2020 02:13:55"
"e9819f1d1fa74de8ae6d0b0662c1652e","4","1c637b38-7c7e-4733-9069-5a8f4585f6f9","Kb2","主管审批","0b502428ea7044c8992e72aa967b39e4","01298ced00a344ffb92b0edf4045a883","10/10/2020 00:59:21"
"e9ab525fb0b04175aec97e0321836557","4","67e573e0-bb73-49e0-823b-d8297b0da3f8","Kb2","主管审批","4f8054653ab74c95ae93fdc247c389a4","748ad5a0baa64f2eab3fb446b41528c4","10/10/2020 02:04:29"
"eb1eda87f8d6449f80c9ad2438a701a8","5","1d16ecdac2c445b58f3c73bd457fd537","kb2","审批人","b0b4628436e543339de5ffdae7c1ea60","733433c007b14b52b06605a66c62a28f","29/9/2020 07:20:01"
"ecf4f49478a440c189dc62c2db6795e0","5","7ba47271655442a0bca14438f2fd7108","kb2","审批人","b0b4628436e543339de5ffdae7c1ea60","733433c007b14b52b06605a66c62a28f","29/9/2020 07:20:43"
"f013c7bf31a64744a9ee8b4af40e78d0","4","b973a1bb-4e2e-411e-94ea-77c83f0127d3","Ub2","审批人","b513756b13d44f319d5722cfeac81b44","334c9775ed2542e68b6e728c3c350a2c","27/9/2020 02:39:58"
"f022bb3ea55c4318a2f77c8e2b631c8e","5","2F82A84B-9F22-4E14-8B10-BC502F2BCD26","Ub2","审批人","2c3146a80d8a43c59ae3264e9ec54073","c9cb1c2cba8045ea87dbded4b753a0c1","29/9/2020 06:53:22"
"f0c724d848ec4d35916f1359f7feb436","5","B650DD80-8C7C-4AFA-AF1C-B9C92CC5CFAC","Ub2","审批人","bffdf890e5904ffdb8b4c7fa4f69a591","3e2a38728ee04964a7d7d66fe822826b","18/9/2020 09:05:21"
"f17c07402b604a7696c3d49b84e84b1a","4","43a38a12-a051-4006-be67-9547ee10eabc","Kb2","主管审批","4f8054653ab74c95ae93fdc247c389a4","748ad5a0baa64f2eab3fb446b41528c4","10/10/2020 02:04:29"
"f4584168f25d4bf989daceba57e8c1ee","5","6D4BC762-1F21-4697-95F6-D5B4D11C3E40","Ub2","审批人","2c3146a80d8a43c59ae3264e9ec54073","c9cb1c2cba8045ea87dbded4b753a0c1","29/9/2020 06:53:22"
"f46728fae4f84ea5b1022497dc28b2c4","5","7ba47271655442a0bca14438f2fd7108","Wb2","主管审批","18d6c2288c3740108104fc4cc81234e4","9c5db9e7fd3c44cc82fbdca1dc8fe464","29/9/2020 01:55:37"
"f49d4b37fe4644a9808cf794052bf075","5","eda6b6a8cfbc465e97c0987ad0558d06","kb2","审批人","b0b4628436e543339de5ffdae7c1ea60","733433c007b14b52b06605a66c62a28f","29/9/2020 07:20:43"
"f826fbfbaefc4ae18b024b6842a8ddd4","5","7ba47271655442a0bca14438f2fd7108","kb2","审批人","b0b4628436e543339de5ffdae7c1ea60","733433c007b14b52b06605a66c62a28f","29/9/2020 07:20:01"
"f9fb1aacea9043978e8bb53cb90920ad","5","6dc6f061ab974a3993a34f5b81e44cf0","kb2","审批人","d0bd641d09d4441d885b192ce01fb219","4e8819220f8b4762bfd733624bf5698e","10/10/2020 09:45:16"
"fca5f1f625d944c99bf0e0345c9f1a9e","4","43a38a12-a051-4006-be67-9547ee10eabc","Mb2","主管审批","ad6395d4b39441538b207871d2e6662a","d6fe472640454d7f93862ee5d2c99cde","30/9/2020 06:54:18"
"fd2f2fd7a8be42ea9ee32bd4d00cfc0f","5","473b7a3ece5b402a8968328bc499754e","Wb2","主管审批","18d6c2288c3740108104fc4cc81234e4","9c5db9e7fd3c44cc82fbdca1dc8fe464","29/9/2020 01:55:37"
"ff4af3a91be34c5793ac615090f53460","5","6D4BC762-1F21-4697-95F6-D5B4D11C3E40","Ub2","审批人","de1a60c66cf740dea1a8ea5d465fc863","c9cb1c2cba8045ea87dbded4b753a0c1","29/9/2020 06:57:13"
