"F_Id","F_NodeCode","F_NodeName","F_HandleStatus","F_HandleId","F_HandleTime","F_HandleOpinion","F_TaskOperatorId","F_TaskNodeId","F_TaskId"
"020b0a1dfb1840d4aa63cda3a2044838",,"开始","2","admin","27/9/2020 02:17:52",,,,"7bed3546f71b46b69a3962c7f41dd846"
"04125d95d5504d4886dc9f23c7cf6f1e",,"开始","2","bd2e16c2680e410bb735a85027575e4f","29/9/2020 03:16:52",,,,"481ce1cc344f41cdb5a267f021185a4c"
"05190cc8dca244bc81fb70e3c1536028","Kb2","主管审批","0","0602f0ce-e33e-43e1-83e5-402a8d05bfb5","10/10/2020 02:00:05",".33333","6ac0fa72bd0e467789135f3080148be4","04af6eb60daa4084a1d3f2a0decb4dd8","748ad5a0baa64f2eab3fb446b41528c4"
"052eed8345e14815b475389c31a21075",,"开始","2","admin","23/9/2020 03:35:01",,,,"dc91f0822b144c32bdf098f0160b55dd"
"0737338d11a64c9cb76800f95b47d424",,"开始","2","bd2e16c2680e410bb735a85027575e4f","29/9/2020 03:03:51",,,,"e8f17348171d419690e4cdf192319502"
"087aa85e23af4a53873714aff51ac1dd",,"开始","2","ea3b9f9e61584acf95d4142ad16f7883","29/9/2020 07:20:01",,,,"733433c007b14b52b06605a66c62a28f"
"087b0861882d473bacd9ec6192d23a3e",,"开始","2","bd2e16c2680e410bb735a85027575e4f","29/9/2020 02:23:25",,,,"b81394a5b7584033b568e7b46529cd56"
"089b68c892324735842751605aa22d17","Ub2","审批人","1","1d230af0-7054-43e0-bcd0-60144d3ed1d1","29/9/2020 06:54:02",,"3790bf956fdf4871a2914e1d7b9a3558","2c3146a80d8a43c59ae3264e9ec54073","c9cb1c2cba8045ea87dbded4b753a0c1"
"0adb294f635b438b9bb8687ea0a945cb",,"开始","2","bd2e16c2680e410bb735a85027575e4f","29/9/2020 01:55:37",,,,"9c5db9e7fd3c44cc82fbdca1dc8fe464"
"0bf05ffad99441d89cd08421dfb117f9",,"开始","2","admin","9/10/2020 03:05:23",,,,"8395b1f5d24b4e7ab425ba7ae2adf85a"
"0cfc8040e5fe49b8bf28a72ff6e35537",,"开始","2","admin","29/9/2020 01:31:19",,,,"ab67329172da42fc8e4e1ddacad00ceb"
"0d3e97cac97342d08a5e4afc5ab7fc43","Kb2","主管审批","1","1c637b38-7c7e-4733-9069-5a8f4585f6f9","10/10/2020 01:46:12","阿萨德","e971352ec10d4586abee00142a957704","0b502428ea7044c8992e72aa967b39e4","01298ced00a344ffb92b0edf4045a883"
"0d6fe62bd5734da3b76727be8f73db5a",,"开始","2","bd2e16c2680e410bb735a85027575e4f","29/9/2020 03:08:27",,,,"d64fd9021d1d4ed9b4a606f34a2373de"
"0d79bf50e0714769945606bba5467596","Kb2","审批人","1","admin","14/10/2020 07:34:55","是","a65bb8493d46485798d1be99a7fb36c8","08f350a4362c44fe9bad447a474f5c94","029813f3105a444b95fde64f9994c431"
"0da5008423514ae681491f3ba70a8a83",,"开始","2","5903e7f2-eea9-4097-bbeb-dd0199b16643","24/9/2020 11:01:55",,,,"dced47785bb4410f88619910058bc560"
"13b7b65082124167866704118d2c568d",,"开始","2","admin","14/10/2020 06:45:27",,,,"2a6b71798ff74e5a96d227aa399a8673"
"13deb06e81d24509b4370d5fabe2491e","Sb2","人事审批","1","2b26acf3-91a4-42be-8f20-913b6f920c3a","15/10/2020 02:35:03",,"9f956cb53201483e99f4b072d48cb922","7bad67a7c097435ca203f715e74eca31","b994dd2f867a4bef86b65d778d686b2e"
"141506c7a82f476ba218af17dbbb1785","Zb2","审批人","1","67e573e0-bb73-49e0-823b-d8297b0da3f8","29/9/2020 01:31:50","爽肤水","5b170a8d5749456695311fadf76dbcae","624bd955a97349f9877407f2b09fde9a","c1986704d28e4d64beefd912323291a6"
"162711f5e93447e68083c22c34b2c7c9","Kb2","主管审批","1","67e573e0-bb73-49e0-823b-d8297b0da3f8","29/9/2020 01:33:32","多少岁","955fa968cd054ac1947b6b9a33f09175","5455f4ad12f44611a484dc6f4672a769","de068d67992e4c509d8676130660da10"
"17776a098731429081d5193a2ebcdccc",,"开始","2","bd2e16c2680e410bb735a85027575e4f","29/9/2020 01:55:58",,,,"b81394a5b7584033b568e7b46529cd56"
"1ae49ce9af32460ea7f3956832870f93","Ub2","审批人","1","admin","29/9/2020 01:25:50","地方","aab171bd5b34495a84d84d59297b7f87","7c1744fe347b474d979546baa098e198","ab67329172da42fc8e4e1ddacad00ceb"
"1c6e6f5ab62843fcb4d3148ff8545a9b",,"开始","2","bd2e16c2680e410bb735a85027575e4f","29/9/2020 03:16:27",,,,"843ecf6a1e134753a6cea666b1bbb69b"
"1e424f7e258c49da91f2e1dc4daae576",,"开始","2","bd2e16c2680e410bb735a85027575e4f","29/9/2020 03:03:13",,,,"59c38c97a1d64bd68284e47a66e99bf0"
"1e531d0478c24ab7b09846f113317326",,"开始","2","bd2e16c2680e410bb735a85027575e4f","29/9/2020 03:14:54",,,,"c5f77786e8724df6a0899af4666f94e2"
"1f0539d1e9f44599a0e83cb929e7a205","bb2","审批人","0","721acd3b-b621-47bd-a41b-ae5a393e999f","14/10/2020 06:59:05","地方","0d845c6033084b41ba89777f51a30554","bffc99c51c1f4d3caa70fbd7ab183561","f1179eb113874a7aa8b2936720123883"
"1f99efd7f26d4b10b2ebea45faf27539",,"开始","3","admin","23/9/2020 03:34:49","暗色穿v",,,"dc91f0822b144c32bdf098f0160b55dd"
"2137b395e92548fb8386648a66fd3fb6","Kb2","审批人","1","048657c1-ecb1-4e5d-aced-6126ceae779e","15/10/2020 11:29:38",,"a57859a1c9034ee08eed7ffb1879bcfd","59f4e57e155d4fa29837b2ac1a2aecd5","e552efa9e8d74cf698936451d70cdd65"
"21d88e543fa14b3abc7d293002d99720","bb2","审批人","1","721acd3b-b621-47bd-a41b-ae5a393e999f","14/10/2020 07:18:54",,"aaf54f43dce54ec2a6b998c743e405b7","2e4aea5c09a140ada5f67f79b7076acc","807c7b83be114ad5bc0b60edb67152b8"
"22796a1f405f4600b96ec3f1ba6fac94","db2","主管审批","1","bd2e16c2680e410bb735a85027575e4f","29/9/2020 05:59:36","的复合肥","263204d2620d4d56a2b4b6e812629f1c","416bbae0e89b435ba337f30ac2e7aa30","b81394a5b7584033b568e7b46529cd56"
"254b5fe8f9664b37aaacab75c10c7382",,"开始","2","bd2e16c2680e410bb735a85027575e4f","29/9/2020 03:19:11",,,,"0ae810da9fb34fbabe4bfc8b4429b123"
"25d00c4e91674cce8082c14baa14e0bf",,"开始","2","admin","22/9/2020 05:56:18",,,,"dc91f0822b144c32bdf098f0160b55dd"
"29f565ea7c4b4e5d93e8c698e1c053bb",,"开始","2","bd2e16c2680e410bb735a85027575e4f","29/9/2020 03:16:35",,,,"b88fb1f8c2904c35b04d2b8871fe51f8"
"2af5767f9b5041b48af1e014f801dea2","Kb2","审批人","1","admin","14/10/2020 07:39:33","232","5e94bc284c4f4b3b9c4cd19132c02cff","48aaf1bbe16c432d8e21eaadb53ee077","31a6b59ed8944a61b0213200565421b5"
"2cf9a4b332924e9f9b58533f4a224ad6",,"开始","2","bd2e16c2680e410bb735a85027575e4f","29/9/2020 03:16:03",,,,"9019848260fc454fa1aca6a7fd6fd9cf"
"2cfacc07707341f18ad8c760939300b9","Qb2","主管审批","0","1d230af0-7054-43e0-bcd0-60144d3ed1d1","29/9/2020 06:00:36","惹人厌","839ead342ed049f4af2ad971af822f54","1a95a83102d44bf3aeee60213fc58f64","6047a2bd68c14c778cbc49814a43bef2"
"2efe8f59503c45ec9f1641444ea8e317",,"开始","2","admin","18/9/2020 09:31:53",,,,"75000ae0555447d68dedc6ef9758a2cb"
"2f1b9601ad0a49d8b12ae702f955b636",,"开始","2","bd2e16c2680e410bb735a85027575e4f","29/9/2020 03:18:39",,,,"e8b752815512405394c9735f4fa0ca98"
"305d74474a8e4c8b8ff96d996fe18d5b",,"开始","2","22736bf4-f2d5-4081-9fb4-ca43d6235f56","10/10/2020 08:08:36",,,,"679a4ebe643f4c4db4cc4845f292a2c0"
"30908431c52d443b98eb867cec9d164d",,"开始","2","admin","14/10/2020 07:10:47",,,,"2ded3c617a0d46fd85afd13c1ad249d6"
"30d907dccf204ea38fe408e9e04d614c",,"开始","3","admin","30/9/2020 08:07:42","33434",,,"10950ad33f5c42d0a786b6e717f9f2be"
"322ba691e0d64501ac8a789684588c9e",,"开始","2","admin","18/9/2020 08:41:53",,,,"306270d97f50461caaba2c23327d3fde"
"33766c063f3b4d209b06fc6205bc6202",,"开始","2","03d159a3-0f88-424c-a24f-02f63855fe4f","15/10/2020 11:28:31",,,,"e552efa9e8d74cf698936451d70cdd65"
"33cbd7e550ed47fcbe34dfc3b451a473",,"开始","2","bd2e16c2680e410bb735a85027575e4f","29/9/2020 01:56:41",,,,"f6f146199f69431090e37a92aef3c78f"
"3507d205277b4e6498ca500cbe64ed3b","Kb2","主管审批","1","1c637b38-7c7e-4733-9069-5a8f4585f6f9","30/9/2020 06:13:21","的","e0324894594c4af2b646cf8762010651","7b067c125ca3476ca9bf866e8aae9e36","5d82568eddc6423684257ecbf46386a9"
"3a033dc16da54a7fbcb3e717ee062899","Kb2","主管审批","1","67e573e0-bb73-49e0-823b-d8297b0da3f8","30/9/2020 06:14:24","的","9021f3bba1494be389125ccb9843d31d","7b067c125ca3476ca9bf866e8aae9e36","5d82568eddc6423684257ecbf46386a9"
"3a798096046d4e02a9d876301c42400f",,"开始","2","admin","14/10/2020 07:26:15",,,,"807c7b83be114ad5bc0b60edb67152b8"
"3daa8e6704934e8680e386cbceee4148","Ob2","主管审批","1","0602f0ce-e33e-43e1-83e5-402a8d05bfb5","30/9/2020 07:32:21","地方","0b6be62bf84f4f2a88342afb0f365a96","c16dadaf2676477094e07b264abf8422","38191b32b4194071b74f29c3a11d03a1"
"3ee647eac43e4e609857d11a83411830","Yb2","审批人","1","7e2d74f1-277a-4a51-9311-8d02d579f251","29/9/2020 06:54:57",,"46ffad958c794d1881feabb409992ff8","fb66f6fa136c40e6b2a71f1597748b8f","c9cb1c2cba8045ea87dbded4b753a0c1"
"4099b8659d2741a28966e400e0491077","Ob2","主管审批","1","admin","15/10/2020 02:33:48",,"31e3dd7f0ae947bb809d2e63cf3726c2","fb949eaacea64240a947de1f4e3b1f7a","b994dd2f867a4bef86b65d778d686b2e"
"446abe5ca6e6428b8961e4ffe9a0b847",,"开始","2","admin","14/10/2020 07:40:37",,,,"32555004ae7c4c55aa49db58df543266"
"45703d0a7bd9434694d9cbc50ab3f747","db2","主管审批","0","bd2e16c2680e410bb735a85027575e4f","29/9/2020 02:23:01","的","86b5a051cf9f4faf91a7c90c44497909","9a0ac2f3767146d4aa56fe3bf3e30580","b81394a5b7584033b568e7b46529cd56"
"465fc10ec61d45b2bd7ac8d539ecfbb0",,"开始","2","admin","18/9/2020 09:05:21",,,,"3e2a38728ee04964a7d7d66fe822826b"
"485b57bbb220440a931a75254db2aa40",,"开始","2","admin","14/10/2020 06:34:50",,,,"162272b5afba4286bc563846aa6383b3"
"4a7cff296b524f0493c22bec1dc92e63",,"开始","2","bd2e16c2680e410bb735a85027575e4f","29/9/2020 03:18:53",,,,"6047a2bd68c14c778cbc49814a43bef2"
"4b9946568a2b407e85a5a310db943569","Kb2","主管审批","1","67e573e0-bb73-49e0-823b-d8297b0da3f8","10/10/2020 01:58:26","是","6ac0fa72bd0e467789135f3080148be4","04af6eb60daa4084a1d3f2a0decb4dd8","748ad5a0baa64f2eab3fb446b41528c4"
"4b9acd7990a8495f9ad20e160a725f65",,"开始","2","admin","18/9/2020 09:28:53",,,,"a14841d6691f45049057568ea0c19e39"
"4cd14ddb0e114025a645a1b15da305dd","bb2","审批人","0","721acd3b-b621-47bd-a41b-ae5a393e999f","14/10/2020 07:28:05","安抚","d9098e54d6594bdb95ccbaac8e576689","543e925afeb9494b9a77a7dd92117219","807c7b83be114ad5bc0b60edb67152b8"
"4d8f46ba2d0e4e65a609ba5fa5ffa3d4",,"开始","2","admin","9/10/2020 02:49:40",,,,"555768e1ecda4c0d964066bf9a6ff572"
"4de9f80b1118424698158dc82ec62fa5","Kb2","主管审批","1","67e573e0-bb73-49e0-823b-d8297b0da3f8","30/9/2020 08:34:43","第三方","b660959983d34c18bf0b5621f1072ee9","c443a970038a423c83a44d8ce3ba9723","10950ad33f5c42d0a786b6e717f9f2be"
"4e2919a21c204c719791dcdd41c03a29",,"开始","2","admin","14/10/2020 06:01:08",,,,"8ea14497b0dd455f8e07b68935253ef8"
"4eff93dffd604947ba23299dbd04b5b8","Kb2","主管审批","1","cb222cae-d8dd-4577-9c6f-4eeabeccb66a","10/10/2020 01:20:42","胜多负少","9fc440358ac0452e91090cc5f1a67ec0","0b502428ea7044c8992e72aa967b39e4","01298ced00a344ffb92b0edf4045a883"
"50e59992d6dd48e3afde5308596fb996",,"开始","2","bd2e16c2680e410bb735a85027575e4f","29/9/2020 03:17:00",,,,"e58ab9cb0d46457a9dd463c20b4c433a"
"515fa335b54a4e098e85ed4d77007675",,"开始","2","bd2e16c2680e410bb735a85027575e4f","29/9/2020 03:18:46",,,,"f2d40ae579fd42508ffcbccea06be072"
"51a2176de56e4a12b2064eadc6486720","db2","主管审批","0","admin","19/9/2020 03:55:21","11","e8f08787983e4f9eb743ba8e7eb4317c","ecfc996d0bfe4fb8a9fd7e067d00f69c","75000ae0555447d68dedc6ef9758a2cb"
"526d653bf1c1412b8d5865e164d7051e",,"开始","2","9624fa22-ac3a-4184-af0b-b2c720df9d60","27/9/2020 02:39:58",,,,"334c9775ed2542e68b6e728c3c350a2c"
"549b380840814d84b0cc02e9064f5b0a","hb2","审批人","0","67e573e0-bb73-49e0-823b-d8297b0da3f8","14/10/2020 07:19:54","发顺丰","7f074f5f09924019b1363d674629b6c0","24473ec525754a4bac73678776795ee6","807c7b83be114ad5bc0b60edb67152b8"
"5795310f6b0049ad956d0e1e39cb1dff",,"开始","2","42b5fa61-f20d-4cdb-815c-077f9d6d51f7","23/9/2020 09:29:20",,,,"e6a4b2e2322d459a8bf764d5c981f55d"
"5b7102c1baae420ebcfe109f356ee26a",,"开始","2","bd2e16c2680e410bb735a85027575e4f","29/9/2020 03:18:30",,,,"2f9471178fb14a40bd06f3d56df9573d"
"5bd1a673a07c42a39c79352c8e292b1e","Kb2","主管审批","1","43a38a12-a051-4006-be67-9547ee10eabc","30/9/2020 08:08:15","3434","b660959983d34c18bf0b5621f1072ee9","c443a970038a423c83a44d8ce3ba9723","10950ad33f5c42d0a786b6e717f9f2be"
"5de29d2d46534ab9af9adb429b13a6aa",,"开始","2","admin","9/10/2020 02:57:34",,,,"55bb082b3ee54a3f9c05cb8c1e51abe7"
"5e0e78550873445cbacc0ddf8f48f832","Kb2","主管审批","1","7e2d74f1-277a-4a51-9311-8d02d579f251","30/9/2020 06:12:21","的","b4ec115a2d2c46868c3f1e1dae55d0e2","7b067c125ca3476ca9bf866e8aae9e36","5d82568eddc6423684257ecbf46386a9"
"61f32104647c42ed9b68f7782131c337",,"开始","2","admin","27/9/2020 02:22:42",,,,"c1986704d28e4d64beefd912323291a6"
"621736b5738c4b259626d4e735e79021","Xb2","审批人","1","7e2d74f1-277a-4a51-9311-8d02d579f251","14/10/2020 07:11:15","地方","5090185e3dc64f88bf7ff5960775c09f","94d9ea663dcd4f69a2d7cc5e269719b1","2ded3c617a0d46fd85afd13c1ad249d6"
"648d12ef85994afe8bfe517bffb0024d",,"开始","2","bd2e16c2680e410bb735a85027575e4f","29/9/2020 03:03:23",,,,"0c63c788a12e4b88ab9a29f4213b45ca"
"64ee5196fa644639a381fce6d4469a8d","hb2","审批人","1","67e573e0-bb73-49e0-823b-d8297b0da3f8","14/10/2020 07:14:14","都是发v ","48eb1898d6814c04b085b9b8ed446e68","18a58a9445054eea93fd3696d3e32ea3","2ded3c617a0d46fd85afd13c1ad249d6"
"65d7ed1c053e42b9985f80a147991087","Kb2","审批人","1","7e2d74f1-277a-4a51-9311-8d02d579f251","14/10/2020 07:41:03"," 是多少","3e83e1ef58e44ecfb41e30798cc5a748","30783b2b6b14443bad03b03afceac3f6","32555004ae7c4c55aa49db58df543266"
"65fc7f4e9e144946bf6ba0bd02891511","Ob2","主管审批","0","43a38a12-a051-4006-be67-9547ee10eabc","30/9/2020 07:35:21","地方","0d8b9be0f6c3429a8f023b5c42e5e7d4","604b8aaf0eaa4ea8b3205eacbb5e67c3","e8185b21c91b4be483cd1d08a6cdd87a"
"66a6f762b25943c7a025d3112edf4a78",,"开始","2","bd2e16c2680e410bb735a85027575e4f","29/9/2020 06:57:13",,,,"c9cb1c2cba8045ea87dbded4b753a0c1"
"67d7495fe72542c6b1a4ad20dc098606",,"开始","2","admin","14/10/2020 07:35:38",,,,"31a6b59ed8944a61b0213200565421b5"
"6a8d7fb907ad4370a24ffbb9a56366af",,"开始","2","bd2e16c2680e410bb735a85027575e4f","29/9/2020 01:57:07",,,,"356b6563e15f4f8e9f6ba9929a988fd0"
"6b7414ecc4c1463384f94df009e4ecaf",,"开始","2","admin","14/10/2020 07:29:19",,,,"2656aa0e01184ddeba15163958adba3d"
"6c163f36c1b745bd810f217edada79f8",,"开始","3","admin","22/9/2020 05:56:05","问",,,"dc91f0822b144c32bdf098f0160b55dd"
"6e0eb39c8653474cbb63eab399e90af8","Kb2","主管审批","1","721acd3b-b621-47bd-a41b-ae5a393e999f","10/10/2020 01:12:12","删除","71384ce631b54623817188170fbb088c","0b502428ea7044c8992e72aa967b39e4","01298ced00a344ffb92b0edf4045a883"
"6e44ddcbd9fd4e5581d041891a5da144",,"开始","2","admin","10/10/2020 01:52:01",,,,"748ad5a0baa64f2eab3fb446b41528c4"
"6ea2522b54f04550a28fd6eff6989e05","3c2","主管审批","0","admin","23/9/2020 03:36:15","ad","0d1c0f718425442395c44c65670f11c8","67f6e0dfe34b45ed9f461487bf871fea","dc91f0822b144c32bdf098f0160b55dd"
"6f1e7b0012ad43a1b2b5db51549b97dc",,"开始","2","admin","14/10/2020 06:56:06",,,,"a2f3562c9de7400fb951243781656ed2"
"706dea8e173a4dbf813e13ccdb6a9587","Ob2","主管审批","0","cb222cae-d8dd-4577-9c6f-4eeabeccb66a","30/9/2020 07:34:24","地方","e37ae5ce01024a8da0aea3257ffed642","9f4b3484c50044de966ed17758cca2d6","e8185b21c91b4be483cd1d08a6cdd87a"
"719904dd3b204b0b8fa89667c9412436","Kb2","主管审批","1","43a38a12-a051-4006-be67-9547ee10eabc","30/9/2020 06:13:46","的的","f38fe892332d43fe8d9eb696e1802fce","7b067c125ca3476ca9bf866e8aae9e36","5d82568eddc6423684257ecbf46386a9"
"71f0fa014b744eda92f71a3093a9cd75",,"开始","2","03d159a3-0f88-424c-a24f-02f63855fe4f","14/10/2020 05:50:48",,,,"f1e5a94bedff4eacb2bae47a61c8a845"
"720ad97f485341dca2f2f5b40780bc97",,"开始","2","bd2e16c2680e410bb735a85027575e4f","29/9/2020 03:15:19",,,,"4bc99dc11a7f49c690d031f9358864cb"
"7639b862e7034a959677c018e4a183ae",,"开始","3","03d159a3-0f88-424c-a24f-02f63855fe4f","14/10/2020 05:51:54","1",,,"f1e5a94bedff4eacb2bae47a61c8a845"
"76a0e17b1fb24e0b843101461c568bea","Yb2","审批人","1","2049f1bf-bd8d-43ca-bb3c-2d2833a16535","29/9/2020 06:55:36",,"52dba93e7e9f4b1d9635f0b19bbd6542","fb66f6fa136c40e6b2a71f1597748b8f","c9cb1c2cba8045ea87dbded4b753a0c1"
"7a5b0fbf97ce4209910c5464923b13e5",,"开始","2","admin","14/10/2020 06:46:59",,,,"2656aa0e01184ddeba15163958adba3d"
"7ae740e199d04853a558127c661585cd",,"开始","2","admin","30/9/2020 07:34:41",,,,"e8185b21c91b4be483cd1d08a6cdd87a"
"7c3b532513754e2a933b50ef72c218e5",,"开始","2","bd2e16c2680e410bb735a85027575e4f","29/9/2020 02:13:56",,,,"5d9e95ead802463887560a0c9810e65e"
"7c63d6c77aa6494b95eb1a5158e38af4",,"开始","2","ea3b9f9e61584acf95d4142ad16f7883","29/9/2020 08:14:18",,,,"91cefc2b8eb14e369dbb5ca17a492d96"
"7ddb6af2697541008707db739a3a330c",,"开始","2","bd2e16c2680e410bb735a85027575e4f","29/9/2020 01:57:40",,,,"99bfea1fb25e4066997f62fc018b9189"
"7eb30956da604c48a152b1ec05b5e958","Zb2","审批人","0","67e573e0-bb73-49e0-823b-d8297b0da3f8","29/9/2020 01:30:52","得分的","00c4da9b95b7441ab832789ddaf5c46a","9eaa4dd7642645528ac590e7255db587","ab67329172da42fc8e4e1ddacad00ceb"
"7fc0923a97aa4d6dbe4d1de723f8c28c",,"开始","2","bd2e16c2680e410bb735a85027575e4f","29/9/2020 03:17:49",,,,"4d318a61badf4019b6192c2e975a3d12"
"7fd4892eda4e4097a58cbeb76eb95cd3",,"开始","2","bd2e16c2680e410bb735a85027575e4f","29/9/2020 03:19:02",,,,"308c97d907d54a17bbd0464790565e5a"
"804f56cd050645f88b55f008cb543cd8","Xb2","审批人","1","7e2d74f1-277a-4a51-9311-8d02d579f251","15/10/2020 01:25:45","第三方的","bb225495a5d74c93b69faa10747582e4","300ecca3ce734ed283a6f22b3afcaf5f","2656aa0e01184ddeba15163958adba3d"
"810af0f8c0a94dc4ae8415fe543a8476",,"开始","3","03d159a3-0f88-424c-a24f-02f63855fe4f","14/10/2020 04:49:33","8",,,"478d2fee980a464d8065523afd86d5a4"
"8188f6fb4b7d4cf5b11dd44ba7c95059","Kb2","主管审批","1","43a38a12-a051-4006-be67-9547ee10eabc","10/10/2020 01:46:50","双方都","0550b6de74674b668580fe4e19f81da0","0b502428ea7044c8992e72aa967b39e4","01298ced00a344ffb92b0edf4045a883"
"81c74612d00340c39a207d66fd3b16e5","cb2","审批人","3","dacf5db5-2cca-4fe9-aa62-11ee82f846cf","15/10/2020 01:27:15","的",,,"2656aa0e01184ddeba15163958adba3d"
"8236027935194642a5c7f0c2eb4b8015",,"开始","2","admin","10/10/2020 02:04:29",,,,"748ad5a0baa64f2eab3fb446b41528c4"
"82e5be7d55c04bb396e5e57d815b351d","Sb2","主管审批","1","2049f1bf-bd8d-43ca-bb3c-2d2833a16535","29/9/2020 08:17:25","是的","306d8f8e8bf8488484ffe4ddbd15876e","648addc72a7d4c07b8cb69705ec2b645","91cefc2b8eb14e369dbb5ca17a492d96"
"84162cd26d334e2988cdf008c93fbd23","bb2","审批人","0","2049f1bf-bd8d-43ca-bb3c-2d2833a16535","29/9/2020 06:55:58","分隔符","bc01b78e2d294c2f9243db6444931d87","59ab30c443e84c99be31bd8f0141393d","c9cb1c2cba8045ea87dbded4b753a0c1"
"8424f0044dd14045aa1f6ccef8d3b542",,"开始","2","admin","10/10/2020 09:45:16",,,,"4e8819220f8b4762bfd733624bf5698e"
"87d346a0a49b47e7afb550c519658e2f",,"开始","2","admin","10/10/2020 00:59:21",,,,"01298ced00a344ffb92b0edf4045a883"
"892c006fe8484f59bb0f1993b5d39704","Ub2","审批人","1","admin","29/9/2020 07:15:22","发大幅度","cc4f380a0180444097e1d961a493a631","d9de0e3761354ca9af26551b17c0ed08","ab67329172da42fc8e4e1ddacad00ceb"
"897261281e54410ebb99e3f5fafecc0d",,"开始","2","admin","30/9/2020 06:17:07",,,,"9465c33478f547bea3b757cf8dccfc86"
"8a7411e44d3847d19d0a689c619b3a54",,"开始","3","bd2e16c2680e410bb735a85027575e4f","29/9/2020 02:56:40","得分",,,"c5f77786e8724df6a0899af4666f94e2"
"8ceca9d4800a4379bdcfe5311c2cc0e9",,"开始","2","admin","27/9/2020 03:22:45",,,,"9eccd997462b4bed93a6923cd43c6315"
"8e0b08b63da84b77a0fab9113929a87f",,"开始","2","03d159a3-0f88-424c-a24f-02f63855fe4f","14/10/2020 04:45:26",,,,"478d2fee980a464d8065523afd86d5a4"
"8e95b36958514a4da5c7161ff888dd77",,"开始","2","admin","30/9/2020 07:31:25",,,,"38191b32b4194071b74f29c3a11d03a1"
"8f08a4f04b0a49578e03227e24169b5b",,"开始","2","bd2e16c2680e410bb735a85027575e4f","29/9/2020 03:14:45",,,,"a31e881f1db145dcb2d920da0c99be05"
"8f893fcc7a6b4e33affee14e45ea3d3e","Zb2","审批人","0","1c637b38-7c7e-4733-9069-5a8f4585f6f9","29/9/2020 07:20:51","水电费","fa7c2e66b9434736a2c9d7b24ffaa76b","ab14042b120f443490a84ee3c27f1b92","ab67329172da42fc8e4e1ddacad00ceb"
"8fef29b07249422f9da66f58f85068bc","cb2","审批人","1","dacf5db5-2cca-4fe9-aa62-11ee82f846cf","14/10/2020 07:12:24","地方","65f496e64bd8453f9b687f2a964f99c6","28ce4337138040659ab12063664ed7d7","2ded3c617a0d46fd85afd13c1ad249d6"
"922e799da0e3469ab710495c03469777",,"开始","2","admin","30/9/2020 06:37:08",,,,"a77609ed3ee54dcdbb28d3309fd52096"
"924c615ed5c74ed482f26b13e705d3d5",,"开始","2","admin","23/3/2021 09:31:20",,,,"c16067f3eb564a519797fb65b9907bfb"
"940bbfe87e5448b5a9365b0f2b21d5ad",,"开始","2","admin","14/10/2020 07:31:45",,,,"029813f3105a444b95fde64f9994c431"
"950e55d755734c5f94d44af5263940c9","Kb2","主管审批","1","0602f0ce-e33e-43e1-83e5-402a8d05bfb5","10/10/2020 02:04:51","多岁的方式","719b4f5e1b7349ac86b9b702064e77fa","4f8054653ab74c95ae93fdc247c389a4","748ad5a0baa64f2eab3fb446b41528c4"
"96aec081191e41b88f964e79217e05fc",,"开始","2","admin","14/10/2020 06:53:59",,,,"f1179eb113874a7aa8b2936720123883"
"9726d7f2c8184fb99e4bbbb1a92ea3e3",,"开始","2","admin","25/9/2020 08:29:13",,,,"77b4c47c08d6446aab7abd7923950205"
"977c05bdf6314a07a68b378bfb003ac2",,"开始","2","admin","18/9/2020 09:06:34",,,,"c0daa6d711c34bb286e0f742a5160e87"
"9847bc64997743a7a695e5f78b77eab9",,"开始","2","dacf5db5-2cca-4fe9-aa62-11ee82f846cf","15/10/2020 01:30:26",,,,"086b8d9b303249ff90e9b5a70b5a3715"
"9bda106d77f54318a385351428a31f20","Kb2","主管审批","1","ea3b9f9e61584acf95d4142ad16f7883","10/10/2020 01:21:06","地方","9fc440358ac0452e91090cc5f1a67ec0","0b502428ea7044c8992e72aa967b39e4","01298ced00a344ffb92b0edf4045a883"
"9be5903a77aa4999b0480e8cd395cf94",,"开始","2","bd2e16c2680e410bb735a85027575e4f","29/9/2020 03:03:30",,,,"7b44b918349547828880af33fa664beb"
"9d2c9938a3e54d508ca371b248adad2e",,"开始","2","admin","30/9/2020 07:32:43",,,,"e8185b21c91b4be483cd1d08a6cdd87a"
"9e2d58b812574efdabaa02a11e866421","kb2","审批人","1","1c637b38-7c7e-4733-9069-5a8f4585f6f9","29/9/2020 07:20:43","是多少","4958c37e19d9487fadc19781c34ed9b6","b0b4628436e543339de5ffdae7c1ea60","733433c007b14b52b06605a66c62a28f"
"9ea20facfc344ebb9629c831d4c46cb7",,"开始","2","bd2e16c2680e410bb735a85027575e4f","29/9/2020 03:17:17",,,,"e0752acf99104481b197b2f40179ddd8"
"9ee44e5be67442ae8882cf298b6c4c51","Kb2","主管审批","1","67e573e0-bb73-49e0-823b-d8297b0da3f8","30/9/2020 07:37:13","地方","664622cba3064cd79474a1dd66f80a96","f4de4b31833048009f2fcbf4634d54ec","10950ad33f5c42d0a786b6e717f9f2be"
"a039199bd8d24abfac34bb648df62dab",,"开始","2","bd2e16c2680e410bb735a85027575e4f","29/9/2020 02:22:28",,,,"09618aaaeec14b008af666ed63893c24"
"a20dddc7b59741e8ba6b246a8ed4da86","5c2","主管审批","1","1d230af0-7054-43e0-bcd0-60144d3ed1d1","29/9/2020 06:00:14","恢复","6a39c09907cf4f7a882722938a5753c0","40dd9e57add14dca8f2ac2709345adf0","4bc99dc11a7f49c690d031f9358864cb"
"a2387fe830d949fba823e7441a68ed9e","Kb2","主管审批","1","0602f0ce-e33e-43e1-83e5-402a8d05bfb5","10/10/2020 01:04:37","的","71384ce631b54623817188170fbb088c","0b502428ea7044c8992e72aa967b39e4","01298ced00a344ffb92b0edf4045a883"
"a28f2e9c62fb4ce5b8f3fcff32f0ad3d","Ob2","主管审批","1","cb222cae-d8dd-4577-9c6f-4eeabeccb66a","30/9/2020 06:56:34","的","db25e54b87054d3482ea4fa81341097a","9170b1f564a149d5ba35c79cc57ffd8c","81e3457104694b669bdb2e084b3e9704"
"a62aee09509c4a2b87ad7f3a83330fd8","Kb2","主管审批","1","7e2d74f1-277a-4a51-9311-8d02d579f251","29/9/2020 05:49:12","发顺丰","9bfd0c642d5a434d91195df52fbab771","08f3d309c02d4fada17e79ca0a511d79","356b6563e15f4f8e9f6ba9929a988fd0"
"a9b2c14ea6db4d97b1f8acadabe96262",,"开始","2","admin","30/9/2020 06:54:18",,,,"d6fe472640454d7f93862ee5d2c99cde"
"a9ee8273fd94451d8f3226c6fb129c03",,"开始","2","bd2e16c2680e410bb735a85027575e4f","29/9/2020 03:15:43",,,,"18c5c7963e5540dbb49f92aa7667eff0"
"aac460cd0ee14f6fa277c920a3c4e169",,"开始","3","admin","25/9/2020 08:33:06","sss",,,"77b4c47c08d6446aab7abd7923950205"
"ab34c9ebf6af4232bfa7f00717e52fe7","Xb2","审批人","1","7e2d74f1-277a-4a51-9311-8d02d579f251","14/10/2020 07:26:54","三十多岁","1a40aa57ffd64e0aa7a2a1d690fe94e6","7c801654e3254b77a4f02c2d7a1afba2","807c7b83be114ad5bc0b60edb67152b8"
"acb0969f9bd34859abe21ac49f723a93","Kb2","审批人","1","639528cd-4299-48ae-854a-2b7a33384f96","15/10/2020 11:31:35",,"342207ab468040d88ff28b14be9fee06","59f4e57e155d4fa29837b2ac1a2aecd5","e552efa9e8d74cf698936451d70cdd65"
"aebb2a35b7be432fa8355e0f08d9cbaa",,"开始","2","bd2e16c2680e410bb735a85027575e4f","29/9/2020 06:53:22",,,,"c9cb1c2cba8045ea87dbded4b753a0c1"
"af72e3477dc14593964dda875a9a80d2",,"开始","2","bd2e16c2680e410bb735a85027575e4f","29/9/2020 03:17:08",,,,"14496a51187b4cbea75cab5406c45fd4"
"af82b524c533448d9823d94c1a2b3b63",,"开始","2","admin","30/9/2020 07:35:33",,,,"e8185b21c91b4be483cd1d08a6cdd87a"
"b01fc49a4b4344cdb239a49ea4ca58e9","hb2","主管审批","1","43a38a12-a051-4006-be67-9547ee10eabc","9/10/2020 03:06:03","的的","584debced06c4ce09bb4eb5862dbd444","a53396210bbe4151bcea84ce978eccd0","8395b1f5d24b4e7ab425ba7ae2adf85a"
"b0b520ca574a48f08b24c048a4f6a6f8",,"开始","2","bd2e16c2680e410bb735a85027575e4f","29/9/2020 02:56:33",,,,"c5f77786e8724df6a0899af4666f94e2"
"b0ea85bc085b446c9d02341507eb16b0",,"开始","2","admin","30/9/2020 06:03:47",,,,"5d82568eddc6423684257ecbf46386a9"
"b2acebd9a1a8480091304c8cd027bbe2","cb2","审批人","0","dacf5db5-2cca-4fe9-aa62-11ee82f846cf","15/10/2020 01:28:47","2323","861680e43cc24cd5834218479f8063dd","bdc2f4acac0547b1ad4f974c72f88aa3","2656aa0e01184ddeba15163958adba3d"
"b2c676be76e7497ebfff8b167fdd5132",,"开始","2","9624fa22-ac3a-4184-af0b-b2c720df9d60","27/9/2020 02:27:44",,,,"d75b9630183841cba7301bd002eb570a"
"b3ef15f460044c75b82650650768453a",,"开始","2","admin","25/9/2020 08:36:30",,,,"de068d67992e4c509d8676130660da10"
"b408dcd60f8842bea7cdefe9cb6536c4",,"开始","4","admin","21/9/2020 08:14:04","二",,,"75000ae0555447d68dedc6ef9758a2cb"
"b5a0cea525d64b9d8ce6e80ebdcb89e9",,"开始","2","admin","30/9/2020 08:07:46",,,,"10950ad33f5c42d0a786b6e717f9f2be"
"b613a189542f45deb8fc3e4b6f181d69",,"开始","2","bd2e16c2680e410bb735a85027575e4f","29/9/2020 03:15:27",,,,"570c141ece4546cfae5f87ba63cfc6b6"
"bb9a19ebc8024a1aa0e261d00344e34f","Ub2","审批人","1","admin","29/9/2020 01:31:39","的地方","392c311d87054714a021782bc6c1d331","dd119db25ac44383929b9946be2e22af","c1986704d28e4d64beefd912323291a6"
"bc1786ac26d844f89928965512ca769f","Kb2","主管审批","1","a241fbb08a494e0492ddacd9ff42be7f","10/10/2020 01:19:53","是多少","9fc440358ac0452e91090cc5f1a67ec0","0b502428ea7044c8992e72aa967b39e4","01298ced00a344ffb92b0edf4045a883"
"bf2606429bb74622b530cd40af22aa16","Bc2","主管审批","1","048657c1-ecb1-4e5d-aced-6126ceae779e","15/10/2020 11:19:40",,"415c67d550bc45baa55a32fc42231ddf","a5143ca2316a4c67ad75cd8adb188740","6cae7f9a626b4512b5b8fb2b98feb63a"
"c06b58b2bf694e1fb4e9e42d0d18003b",,"开始","2","admin","23/9/2020 03:56:12",,,,"09877984e3d242c381591cd926d3caf4"
"c1070d74f9af41e0b8e5765511426694",,"开始","2","admin","14/10/2020 07:36:18",,,,"31a6b59ed8944a61b0213200565421b5"
"c1f279afffb74c0c91bf87fe3b56a4e8","Ob2","主管审批","1","0602f0ce-e33e-43e1-83e5-402a8d05bfb5","30/9/2020 07:36:26","的发","4f84cbe9f75e41038dc4679c8d70cd62","c796a00be1da4961a2779eb52e1afc39","e8185b21c91b4be483cd1d08a6cdd87a"
"c2af0809c92640fab9dbe43a28911d82",,"开始","2","admin","30/9/2020 07:36:39",,,,"10950ad33f5c42d0a786b6e717f9f2be"
"c424eb5512534ac798274d905988a61e",,"开始","2","admin","22/9/2020 05:55:16",,,,"dc91f0822b144c32bdf098f0160b55dd"
"c4c3830b25364501a84d5cfff5c5f531","Xb2","审批人","1","7e2d74f1-277a-4a51-9311-8d02d579f251","14/10/2020 06:57:56","的","a71ea4334f5c4b2486bef7afda7e6294","4f29ffea84c04f8caf9afb7bf2c10cc2","f1179eb113874a7aa8b2936720123883"
"c5102bdd6c2f43f7bd61c083ac997ee2",,"开始","2","admin","15/10/2020 02:32:30",,,,"b994dd2f867a4bef86b65d778d686b2e"
"c570a89fe0174d34b74c91d66d602a68",,"开始","3","03d159a3-0f88-424c-a24f-02f63855fe4f","15/10/2020 11:28:18","啊啊",,,"e552efa9e8d74cf698936451d70cdd65"
"c5d0d3846ecc4f418ee5c85ed69439ab",,"开始","2","admin","23/3/2021 09:26:05",,,,"a893eeb0aefe40d5bda50f6174630db0"
"c5dd361d707746cdbf69bc9d5e4c7193",,"开始","2","bd2e16c2680e410bb735a85027575e4f","29/9/2020 03:02:02",,,,"13f1d204de62486cada87bdc52c66368"
"c5e652fbfbeb4126ab2a236d78908330","3c2","主管审批","1","cb222cae-d8dd-4577-9c6f-4eeabeccb66a","15/10/2020 02:41:02",,"04469143487f476282aad6392e1a30f1","4a0d67d04f924bd7846c4c9da13a6b4b","a36f540ba55c4a4ea2c87ffecb66b246"
"c69db378a1d24edba1d31ac8cd875fa9",,"开始","2","bd2e16c2680e410bb735a85027575e4f","29/9/2020 03:15:11",,,,"49bd801c232e470cb915dd0be974008e"
"c6b5c69b72f94b818472bb4adbd4d017","Kb2","主管审批","0","16aa09b1-e264-45b7-9085-5cdadad05f65","10/10/2020 02:05:42","是","719b4f5e1b7349ac86b9b702064e77fa","4f8054653ab74c95ae93fdc247c389a4","748ad5a0baa64f2eab3fb446b41528c4"
"c87a22c471dd4bb281669af7d664618f","hb2","审批人","1","43a38a12-a051-4006-be67-9547ee10eabc","14/10/2020 07:13:28","手动挡","2c3f3338fe58412bb5a9891faf663aa4","18a58a9445054eea93fd3696d3e32ea3","2ded3c617a0d46fd85afd13c1ad249d6"
"c95ba42279f64fb79df9b4e6eab9c7c9",,"开始","2","bd2e16c2680e410bb735a85027575e4f","29/9/2020 03:17:34",,,,"c6f7ea222c774202b5a5a1af7d3957dc"
"cae5c777ea2b47018dc278264d8f36ec","db2","主管审批","1","admin","18/9/2020 09:15:27","11","b5ce921b6bb8492a84d7a038533f71a5","990f045b53ab479181423665cd480a66","c0daa6d711c34bb286e0f742a5160e87"
"cd537af5b6514091a3c8f0e5983f0bf9","Ub2","审批人","1","admin","27/9/2020 02:24:57","问问",,,"c1986704d28e4d64beefd912323291a6"
"ce247daf86e94fbb88a45f47255288c5",,"开始","2","admin","14/10/2020 07:30:53",,,,"029813f3105a444b95fde64f9994c431"
"ce2b9a8ead094ed989a9721be34a0e9e","Kb2","审批人","1","43a38a12-a051-4006-be67-9547ee10eabc","14/10/2020 07:41:32","的","4b0de7f7079c4ce5a764af187834249a","30783b2b6b14443bad03b03afceac3f6","32555004ae7c4c55aa49db58df543266"
"d0b5134a831f4eaf88f59af2112e6458",,"开始","2","admin","14/10/2020 07:17:45",,,,"807c7b83be114ad5bc0b60edb67152b8"
"d0ea616d0b2d4f3e8f9db24c2fd38029",,"开始","2","admin","30/9/2020 06:55:50",,,,"81e3457104694b669bdb2e084b3e9704"
"d13aa7561f8042aea71a32246e058937",,"开始","2","admin","18/9/2020 09:18:31",,,,"94de527626994e83a82c9806c5cded37"
"d2888e2da9a648c596f1b766fe102824","Kb2","主管审批","1","7e2d74f1-277a-4a51-9311-8d02d579f251","10/10/2020 01:12:45","是是是","71384ce631b54623817188170fbb088c","0b502428ea7044c8992e72aa967b39e4","01298ced00a344ffb92b0edf4045a883"
"d3f168263cdf45f9bbb4fd48166a70ca",,"开始","2","admin","15/10/2020 02:38:32",,,,"a36f540ba55c4a4ea2c87ffecb66b246"
"d5b95211ab4241c8a722f0d0ad9d1f1b","Kb2","主管审批","1","16aa09b1-e264-45b7-9085-5cdadad05f65","10/10/2020 01:11:29","是多少","71384ce631b54623817188170fbb088c","0b502428ea7044c8992e72aa967b39e4","01298ced00a344ffb92b0edf4045a883"
"d7a9a7e5bce94272930dfdfc270e7d20","Xb2","审批人","1","7e2d74f1-277a-4a51-9311-8d02d579f251","14/10/2020 07:18:21",,"4f00b649ea894d1695c45c6821d09bc9","2880fdbf96934b2fa6be6d76817a40b8","807c7b83be114ad5bc0b60edb67152b8"
"d7e92770c199445794c23a44040b0a3e",,"开始","2","bd2e16c2680e410bb735a85027575e4f","29/9/2020 03:15:36",,,,"f5501f7f321145fa8d9e8e172b8436ac"
"d944401db5bc4bd2b4ef1f93b9add29e","Ub2","审批人","3","admin","27/9/2020 03:26:02","问问",,,"c1986704d28e4d64beefd912323291a6"
"dae8d68ad6814434b2f45a6439e2a01e","Kb2","主管审批","1","ea3b9f9e61584acf95d4142ad16f7883","30/9/2020 06:12:50","的","f7f41bed50cd43768e276e6670896b27","7b067c125ca3476ca9bf866e8aae9e36","5d82568eddc6423684257ecbf46386a9"
"db8d88e479334fb4a9b47c506c44c705","Sb2","主管审批","1","7e2d74f1-277a-4a51-9311-8d02d579f251","29/9/2020 08:07:49","的","8ba70b6492e14727bbe62b34fdd4ebe4","1048866d3e89467da148636976677216","e8b752815512405394c9735f4fa0ca98"
"db8f31654dfd493baf449b1589e8320b",,"开始","2","bd2e16c2680e410bb735a85027575e4f","29/9/2020 03:14:38",,,,"a4a1b06b137a4c568c1381bd4bacc5bc"
"e3d69c46ddb64f2c8ce5595e61333b50",,"开始","2","admin","12/10/2020 10:01:45",,,,"3cd1c966a4f9422bad61f03ebe407009"
"e4086af9916f401485da039669e1a779",,"开始","2","admin","23/3/2021 09:25:25",,,,"7b055d9c2c14487db37d56352027fb85"
"e421b18476d54547badb81f36299af7c",,"开始","2","bd2e16c2680e410bb735a85027575e4f","29/9/2020 03:18:12",,,,"9b10fa17f6724d0fad4648a852d7f858"
"e9ca8db178c3463989a7e3b082794b95","Wb2","主管审批","1","admin","23/3/2021 09:26:18","333","922901f489864875ad325ca12b097e2d","6043c06ca4d343d0bf328511308aa6a3","7b055d9c2c14487db37d56352027fb85"
"eb5582721d7a43cb8f5d10069a3e89d9",,"开始","2","admin","10/10/2020 08:00:45",,,,"a7e733bbde014b3390174de2e9ae6d3d"
"eb86c3e95d184d4897fbbe5e0fde0f32","Kb2","主管审批","1","67e573e0-bb73-49e0-823b-d8297b0da3f8","10/10/2020 01:49:07","11","9c319424d3e54988a3528e5aae31f148","0b502428ea7044c8992e72aa967b39e4","01298ced00a344ffb92b0edf4045a883"
"eb9d9921b29945c88251cb82cafe0aa5",,"开始","3","admin","14/10/2020 06:47:12","地方",,,"2656aa0e01184ddeba15163958adba3d"
"eba419ae9e0545cfa104ec139f87395c",,"开始","2","bd2e16c2680e410bb735a85027575e4f","29/9/2020 03:15:50",,,,"199a9cdad4e24b4f91b7d955b93ad850"
"ebdbe63613764059853a607a569c4276",,"开始","2","22736bf4-f2d5-4081-9fb4-ca43d6235f56","10/10/2020 08:45:50",,,,"cdeeb70c59904cc990cc17f9b25c5b3a"
"ed3f75bb40d84641b7d750d076187cdb",,"审批节点","4","admin","23/3/2021 09:31:54","测试",,,"a893eeb0aefe40d5bda50f6174630db0"
"ed92a64095d844a3b704b352f2e849fa",,"开始","2","admin","14/10/2020 07:29:06",,,,"16724ab4b7b145ee92cb2083fbbf952e"
"ee3116d7cb374a6caff14e605963327a",,"开始","2","bd2e16c2680e410bb735a85027575e4f","29/9/2020 01:54:58",,,,"17df3ba1d331472ca30dde642b924ac2"
"eeefbb5aadeb45da9e227000a4e56967","Sb2","主管审批","1","7e2d74f1-277a-4a51-9311-8d02d579f251","29/9/2020 08:15:04","爽肤水","306d8f8e8bf8488484ffe4ddbd15876e","648addc72a7d4c07b8cb69705ec2b645","91cefc2b8eb14e369dbb5ca17a492d96"
"ef42aa661b1a49a7bb360ac751409a7b",,"开始","2","bd2e16c2680e410bb735a85027575e4f","29/9/2020 03:15:57",,,,"713909cafd8744c8be1de96dcd4aecee"
"ef52ee36741645738561ebfeb58dad79",,"开始","2","admin","27/9/2020 02:26:49",,,,"ab67329172da42fc8e4e1ddacad00ceb"
"f0241c1c4dc042fc92599cb67360710c",,"开始","2","639528cd-4299-48ae-854a-2b7a33384f96","15/10/2020 11:15:32",,,,"6cae7f9a626b4512b5b8fb2b98feb63a"
"f0824db32533485d981b75866719203c",,"开始","2","bd2e16c2680e410bb735a85027575e4f","29/9/2020 03:16:13",,,,"d76bc07939b14deb9a69ee8997d52bbd"
"f12b6aee653a4c5bbd364d16cfc74630",,"开始","2","03d159a3-0f88-424c-a24f-02f63855fe4f","15/10/2020 11:27:41",,,,"e552efa9e8d74cf698936451d70cdd65"
"f14d6619509e46f5a527079af04f461c","ib2","审批人","1","1c637b38-7c7e-4733-9069-5a8f4585f6f9","14/10/2020 07:13:04","是","9e4054caff27425d8be8c94c23ecfeb4","6884531c775140109bdd681ebf47406e","2ded3c617a0d46fd85afd13c1ad249d6"
"f2674e1d64ca474c9551f831305f92f2",,"开始","2","bd2e16c2680e410bb735a85027575e4f","29/9/2020 03:17:26",,,,"5cc32510aec84d6b89cbf3f94eaa9bf4"
"f2e0518c27cf48c89557fa049e336e96",,"开始","2","admin","30/9/2020 08:47:23",,,,"0070d6b242ff48e497cbe337bf1da9ad"
"f60cb25c35b3465688bdaff54329afff","Kb2","审批人","0","admin","14/10/2020 07:31:15","是","600cb81e36534edbbc358d9fb2ac94eb","c015b2fc89044bb18f8075f7f46f8dd8","029813f3105a444b95fde64f9994c431"
"fa346b03b2e74582a408f180be00e639",,"开始","2","bd2e16c2680e410bb735a85027575e4f","29/9/2020 03:17:57",,,,"c32aa6bd54ae4603bcb45de83d8d46c2"
"fb7a1308da8043a697e2a9caef8f6a56",,"开始","2","0fb772a4-9229-417d-bd25-f112ab12b754","9/10/2020 02:36:23",,,,"a3b659e5982f4879a633609a29788446"
"fd9755ef6970483ba05feaa86e343eee",,"开始","2","22736bf4-f2d5-4081-9fb4-ca43d6235f56","10/10/2020 09:00:29",,,,"5a9650ae93dc481e80de56362c0d50a5"
"fd9beda3be6949629600070861fa0501","cb2","审批人","0","dacf5db5-2cca-4fe9-aa62-11ee82f846cf","15/10/2020 01:27:01","的",,,"2656aa0e01184ddeba15163958adba3d"
"fdffaa2b35d94c6ba67e77f34ccd318c",,"开始","2","admin","9/10/2020 02:55:37",,,,"06f80e9053194326a66b822519acedf9"
"ff36ef1f41cd41808c7f7d14aea14c91","Kb2","审批人","0","admin","14/10/2020 07:35:56","的","eb8127393de14589b09ac3465f5d8c1e","e4bfe55f21344a3f94683f1cb8241e3b","31a6b59ed8944a61b0213200565421b5"
