"F_Id","F_FlowId","F_OperatorType","F_OperatorId","F_SortCode","F_CreatorTime","F_CreatorUserId"
"031eb21a895547438763e480925ced52","d840980b2b12427aaad5e89ef82267df","user","249cf67d-fd9d-42da-8c2f-0481a7113446","1","19/8/2020 09:32:37","180bd170-36eb-4743-a07e-8e0cafab2f8a"
"08f26e8aacc7470aa569fad2f410538b","d840980b2b12427aaad5e89ef82267df","position","3D6482B5-4613-49CC-A632-E09608BE4C5D","14","19/8/2020 09:32:38","180bd170-36eb-4743-a07e-8e0cafab2f8a"
"167f405c3dc74158a74fabe452d8d829","d840980b2b12427aaad5e89ef82267df","user","9624fa22-ac3a-4184-af0b-b2c720df9d60","4","19/8/2020 09:32:37","180bd170-36eb-4743-a07e-8e0cafab2f8a"
"1e3fea9a52a841f89b799ddc7728c874","d840980b2b12427aaad5e89ef82267df","position","C8E3B718-2802-443D-BC75-1B1FD26E535A","13","19/8/2020 09:32:38","180bd170-36eb-4743-a07e-8e0cafab2f8a"
"32b973aba491448aae9a4f642228552e","b0da88e71a424fcba72c27a0236b0eb3","user","03d159a3-0f88-424c-a24f-02f63855fe4f","0","19/8/2020 09:31:49","180bd170-36eb-4743-a07e-8e0cafab2f8a"
"3a0626b3600243509e95d5c3b8a7c49e","d840980b2b12427aaad5e89ef82267df","position","2F82A84B-9F22-4E14-8B10-BC502F2BCD26","7","19/8/2020 09:32:37","180bd170-36eb-4743-a07e-8e0cafab2f8a"
"54747f3ea49741b5868d45b6cfb06f00","d840980b2b12427aaad5e89ef82267df","user","a133c2e4-212d-414e-b9d1-5ca443b1e95d","5","19/8/2020 09:32:37","180bd170-36eb-4743-a07e-8e0cafab2f8a"
"63b498810f1e45a2b52c00e9e0f8c48e","d840980b2b12427aaad5e89ef82267df","user","6b97f5b0-06ba-4f9d-a93d-876abbaaa767","3","19/8/2020 09:32:37","180bd170-36eb-4743-a07e-8e0cafab2f8a"
"6f198eda26924ef988da631ddffd847d","d840980b2b12427aaad5e89ef82267df","position","0E773C1A-2E4E-4001-A51E-0E3DC93901A4","8","19/8/2020 09:32:38","180bd170-36eb-4743-a07e-8e0cafab2f8a"
"8153769f88d745928c476ff30e8e4f21","d840980b2b12427aaad5e89ef82267df","user","3977de33-668c-4585-b09b-239aacfb4ebe","2","19/8/2020 09:32:37","180bd170-36eb-4743-a07e-8e0cafab2f8a"
"846f3454a20745f2bdd2d27fc701087b","d840980b2b12427aaad5e89ef82267df","position","5D972528-3525-4234-858C-D8C3383DFFB8","12","19/8/2020 09:32:38","180bd170-36eb-4743-a07e-8e0cafab2f8a"
"8a3dcecb8f914076808bdc0c34d6b57c","d840980b2b12427aaad5e89ef82267df","position","B650DD80-8C7C-4AFA-AF1C-B9C92CC5CFAC","10","19/8/2020 09:32:38","180bd170-36eb-4743-a07e-8e0cafab2f8a"
"a2f069618c7740efa2b01b4f641cc974","d840980b2b12427aaad5e89ef82267df","position","95fdb23d407344a6ad5bc3ae71f479b9","11","19/8/2020 09:32:38","180bd170-36eb-4743-a07e-8e0cafab2f8a"
"ae03245dd5554d05ab33b96f9cab5e95","d840980b2b12427aaad5e89ef82267df","position","6D4BC762-1F21-4697-95F6-D5B4D11C3E40","9","19/8/2020 09:32:38","180bd170-36eb-4743-a07e-8e0cafab2f8a"
"b291397d6f2e42349d4e5116d54f34f4","d840980b2b12427aaad5e89ef82267df","user","03d159a3-0f88-424c-a24f-02f63855fe4f","0","19/8/2020 09:32:37","180bd170-36eb-4743-a07e-8e0cafab2f8a"
"daa56c28e4234a2cb41a65f89301d612","d840980b2b12427aaad5e89ef82267df","position","96D926F0-1747-4A07-8660-76D75A3DCE18","15","19/8/2020 09:32:38","180bd170-36eb-4743-a07e-8e0cafab2f8a"
"decd176cb1054bc3adb1cd38fa5a22b5","d840980b2b12427aaad5e89ef82267df","user","ec63d618f8b643428b27f18336f73f4b","6","19/8/2020 09:32:37","180bd170-36eb-4743-a07e-8e0cafab2f8a"
