"F_Id","F_HandleType","F_HandleId","F_HandleStatus","F_HandleTime","F_NodeCode","F_NodeName","F_Completion","F_Description","F_CreatorTime","F_TaskNodeId","F_TaskId","F_Type","F_State"
"00c4da9b95b7441ab832789ddaf5c46a","4","1c637b38-7c7e-4733-9069-5a8f4585f6f9","0","29/9/2020 01:30:52","Zb2","审批人","1",,"29/9/2020 01:25:50","9eaa4dd7642645528ac590e7255db587","ab67329172da42fc8e4e1ddacad00ceb","6","-1"
"00c8fe51e23045fa8e921ffa9516d2c3","4","2ab1ce27-0903-4e09-8a40-a1b0f1e8066c",,,"Sb2","主管审批","0",,"29/9/2020 03:18:39","1048866d3e89467da148636976677216","e8b752815512405394c9735f4fa0ca98","8",
"01e8641b20c148dab832fcbf444bba2f","4","67e573e0-bb73-49e0-823b-d8297b0da3f8","1","10/10/2020 01:58:26","Kb2","主管审批","1",,"10/10/2020 01:52:01","04af6eb60daa4084a1d3f2a0decb4dd8","748ad5a0baa64f2eab3fb446b41528c4","8","-1"
"025d3563cbae4a15a2991dff1a75d87d","4","9624fa22-ac3a-4184-af0b-b2c720df9d60",,,"kb2","多人审批","0",,"29/9/2020 01:57:40","e61e5c3fcdae4548862836a30d93a54e","99bfea1fb25e4066997f62fc018b9189","8",
"02d80dc755d44817a206b62237f0c3f0","2","17BEBDCB-248D-4668-B6CD-BF22A446BBD4",,,"Xb2","审批人","0",,"15/10/2020 01:27:01","300ecca3ce734ed283a6f22b3afcaf5f","2656aa0e01184ddeba15163958adba3d","2","0"
"03155b2660874fca8ee50e0470b3d293","4","cb222cae-d8dd-4577-9c6f-4eeabeccb66a",,,"Kb2","主管审批","1",,"10/10/2020 01:52:01","04af6eb60daa4084a1d3f2a0decb4dd8","748ad5a0baa64f2eab3fb446b41528c4","8","-1"
"036a5bc7bd134521b61af839a7477913","4","0602f0ce-e33e-43e1-83e5-402a8d05bfb5",,,"Kb2","主管审批","0",,"30/9/2020 06:03:47","7b067c125ca3476ca9bf866e8aae9e36","5d82568eddc6423684257ecbf46386a9","8",
"04469143487f476282aad6392e1a30f1","1","admin","1","15/10/2020 02:41:02","3c2","主管审批","1",,"15/10/2020 02:38:32","4a0d67d04f924bd7846c4c9da13a6b4b","a36f540ba55c4a4ea2c87ffecb66b246","1","0"
"049ad33421b048fbacb81572e79d9830","4","a241fbb08a494e0492ddacd9ff42be7f",,,"Kb2","主管审批","0",,"30/9/2020 08:07:46","c443a970038a423c83a44d8ce3ba9723","10950ad33f5c42d0a786b6e717f9f2be","8",
"049d3e8ac9da458ba63b25a497bf87dd","4","d3fe7934a6cf4a7d92137862aa8c94ab",,,"Ob2","主管审批","1",,"30/9/2020 06:55:50","9170b1f564a149d5ba35c79cc57ffd8c","81e3457104694b669bdb2e084b3e9704","6",
"04c0806156a241868cea2511da67d68f","4","ea3b9f9e61584acf95d4142ad16f7883",,,"Zb2","审批人","1",,"29/9/2020 07:15:22","ab14042b120f443490a84ee3c27f1b92","ab67329172da42fc8e4e1ddacad00ceb","6","-1"
"04ffbe15b929461790e44f90cc5be5ec","4","03d159a3-0f88-424c-a24f-02f63855fe4f",,,"kb2","多人审批","0",,"29/9/2020 03:15:11","8760b9b9d58044a59fc142fc987c85a6","49bd801c232e470cb915dd0be974008e","8","0"
"051ccf7503fc4d97adafd7f26232d131","4","9624fa22-ac3a-4184-af0b-b2c720df9d60",,,"kb2","多人审批","0",,"29/9/2020 03:15:11","8760b9b9d58044a59fc142fc987c85a6","49bd801c232e470cb915dd0be974008e","8",
"0550b6de74674b668580fe4e19f81da0","4","43a38a12-a051-4006-be67-9547ee10eabc","1","10/10/2020 01:46:50","Kb2","主管审批","1",,"10/10/2020 00:59:21","0b502428ea7044c8992e72aa967b39e4","01298ced00a344ffb92b0edf4045a883","8","0"
"0580ad4ab1f148e3944bec64d3832af2","4","1c637b38-7c7e-4733-9069-5a8f4585f6f9",,,"Kb2","主管审批","1",,"25/9/2020 08:36:30","5455f4ad12f44611a484dc6f4672a769","de068d67992e4c509d8676130660da10","6",
"0597728790ed4387849efdb4b8bb8594","4","cb222cae-d8dd-4577-9c6f-4eeabeccb66a",,,"Kb2","主管审批","0",,"9/10/2020 02:49:40","be0b6d2391b4454f82c085315c5371fc","555768e1ecda4c0d964066bf9a6ff572","8","0"
"06c36fd3038d45fe9de8efd3e3033456","4","67e573e0-bb73-49e0-823b-d8297b0da3f8",,,"Sb2","主管审批","0",,"29/9/2020 03:18:39","1048866d3e89467da148636976677216","e8b752815512405394c9735f4fa0ca98","8",
"06ec25ee2e854994b51b83dcb452d2e3","4","1c637b38-7c7e-4733-9069-5a8f4585f6f9",,,"Ob2","主管审批","0",,"9/10/2020 02:55:36","4a7f439cf4d245c494b62bd3885c4110","06f80e9053194326a66b822519acedf9","6","0"
"07435893e69a43b08014123520a24df6","4","ea3b9f9e61584acf95d4142ad16f7883",,,"Kb2","主管审批","0",,"30/9/2020 08:07:46","c443a970038a423c83a44d8ce3ba9723","10950ad33f5c42d0a786b6e717f9f2be","8","0"
"07649336bc694b0a9f413b744b46bdae","4","16aa09b1-e264-45b7-9085-5cdadad05f65",,,"Ob2","主管审批","1",,"30/9/2020 07:31:25","c16dadaf2676477094e07b264abf8422","38191b32b4194071b74f29c3a11d03a1","6",
"077f56d19bda4692b44732cc645250f7","4","ea3b9f9e61584acf95d4142ad16f7883",,,"Kb2","主管审批","1",,"10/10/2020 01:52:01","04af6eb60daa4084a1d3f2a0decb4dd8","748ad5a0baa64f2eab3fb446b41528c4","8","-1"
"08b2e7a8c38d4e9f967fc5277d6c5575","4","00b0d34d-a5d6-43f7-a7d4-c8d5fbca8f8f",,,"Ob2","主管审批","1",,"30/9/2020 06:55:50","9170b1f564a149d5ba35c79cc57ffd8c","81e3457104694b669bdb2e084b3e9704","6",
"0924487cec0a49f4bbd89059fbe407b7","4","43a38a12-a051-4006-be67-9547ee10eabc",,,"Zb2","审批人","1",,"29/9/2020 07:15:22","ab14042b120f443490a84ee3c27f1b92","ab67329172da42fc8e4e1ddacad00ceb","6","-1"
"099b614b98004fdfa677e51a74f432ab","4","2049f1bf-bd8d-43ca-bb3c-2d2833a16535",,,"Mb2","主管审批","0",,"30/9/2020 06:54:18","ad6395d4b39441538b207871d2e6662a","d6fe472640454d7f93862ee5d2c99cde","8",
"0a7034e2bb7d4f62ba688c78b3104658","4","16aa09b1-e264-45b7-9085-5cdadad05f65",,,"Kb2","主管审批","0",,"30/9/2020 06:37:08","d39feaab30c14bb59a37fa7cfe93cf05","a77609ed3ee54dcdbb28d3309fd52096","8",
"0b00c343e0d245ea8d1a9836ac42a4ee","7","8a079ce3faaa425e9fb20fe17674bd2c",,,"Kb2","审批人","0",,"23/9/2020 03:56:12","1f9dbbd22ee34dbf814bbe9e4cf77d3e","09877984e3d242c381591cd926d3caf4","7","0"
"0b6be62bf84f4f2a88342afb0f365a96","4","1c637b38-7c7e-4733-9069-5a8f4585f6f9","1","30/9/2020 07:32:21","Ob2","主管审批","1",,"30/9/2020 07:31:25","c16dadaf2676477094e07b264abf8422","38191b32b4194071b74f29c3a11d03a1","6","0"
"0b8fddd26f6042938972e5f82ad5939d","4","43a38a12-a051-4006-be67-9547ee10eabc",,,"Kb2","主管审批","1",,"10/10/2020 01:52:01","04af6eb60daa4084a1d3f2a0decb4dd8","748ad5a0baa64f2eab3fb446b41528c4","8","-1"
"0bf7c410a7b948ae8af150dc5a66eecd","4","2b26acf3-91a4-42be-8f20-913b6f920c3a",,,"Sb2","人事审批","1",,"15/10/2020 02:33:48","7bad67a7c097435ca203f715e74eca31","b994dd2f867a4bef86b65d778d686b2e","6","0"
"0d1c0f718425442395c44c65670f11c8","1","admin","0","23/9/2020 03:36:15","3c2","主管审批","1",,"23/9/2020 03:35:01","67f6e0dfe34b45ed9f461487bf871fea","dc91f0822b144c32bdf098f0160b55dd","1","-1"
"0d7cd9299a214eb0971539666d535796","2","7e2d74f1-277a-4a51-9311-8d02d579f251",,,"Mb2","审批人","0",,"10/10/2020 08:08:36","c190fad3433a4a58be56427c8a4e9739","679a4ebe643f4c4db4cc4845f292a2c0","2","0"
"0d845c6033084b41ba89777f51a30554","4","721acd3b-b621-47bd-a41b-ae5a393e999f","0","14/10/2020 06:59:05","bb2","审批人","1",,"14/10/2020 06:57:56","bffc99c51c1f4d3caa70fbd7ab183561","f1179eb113874a7aa8b2936720123883","6","0"
"0d8b9be0f6c3429a8f023b5c42e5e7d4","4","1c637b38-7c7e-4733-9069-5a8f4585f6f9","0","30/9/2020 07:35:21","Ob2","主管审批","1",,"30/9/2020 07:34:41","604b8aaf0eaa4ea8b3205eacbb5e67c3","e8185b21c91b4be483cd1d08a6cdd87a","6","-1"
"0e0ec6a2aa294ae5881df57c8698c968","4","721acd3b-b621-47bd-a41b-ae5a393e999f",,,"Ob2","主管审批","0",,"9/10/2020 02:55:36","4a7f439cf4d245c494b62bd3885c4110","06f80e9053194326a66b822519acedf9","6","0"
"0ec12df28ad5464fa720bd24f59f4095","4","94bf04d0c93e4df5817d101823798458",,,"Mb2","主管审批","0",,"29/9/2020 02:22:28","07a8b0a43c3f4d008ce478b2edb53325","09618aaaeec14b008af666ed63893c24","8",
"0fb734a8285a43ee91ab00d2e481afca","1","1d230af0-7054-43e0-bcd0-60144d3ed1d1",,,"Bc2","主管审批","0",,"29/9/2020 03:17:26","daf0b6a69ee64b539b4cd39036acdd89","5cc32510aec84d6b89cbf3f94eaa9bf4","1","0"
"0fd8d06b2aff4b5d8c271cba06a86ede","4","7e2d74f1-277a-4a51-9311-8d02d579f251","1","29/9/2020 08:15:04","Sb2","主管审批","1",,"29/9/2020 08:14:18","648addc72a7d4c07b8cb69705ec2b645","91cefc2b8eb14e369dbb5ca17a492d96","8","0"
"0fdf59e0983441fb9f3a4ebce25a4050","4","1c637b38-7c7e-4733-9069-5a8f4585f6f9",,,"Kb2","主管审批","0",,"9/10/2020 02:49:40","be0b6d2391b4454f82c085315c5371fc","555768e1ecda4c0d964066bf9a6ff572","8","0"
"0fe8d2227cdb4ceaaeae47073ff160ca","1","1d230af0-7054-43e0-bcd0-60144d3ed1d1",,,"Ob2","主管审批","0",,"29/9/2020 03:16:27","513a47cd77d3488490715ee8ec250830","843ecf6a1e134753a6cea666b1bbb69b","1","0"
"124e67606db0444a88e0a20499da746f","4","a241fbb08a494e0492ddacd9ff42be7f",,,"Ob2","主管审批","0",,"9/10/2020 02:55:36","4a7f439cf4d245c494b62bd3885c4110","06f80e9053194326a66b822519acedf9","6","0"
"13619ea83e724f6d84b725db52b54761","4","43a38a12-a051-4006-be67-9547ee10eabc",,,"Kb2","主管审批","1",,"10/10/2020 02:04:29","4f8054653ab74c95ae93fdc247c389a4","748ad5a0baa64f2eab3fb446b41528c4","8","-1"
"154dde50f4ff46499483c2b347a6f215","4","cb222cae-d8dd-4577-9c6f-4eeabeccb66a",,,"Kb2","主管审批","0",,"30/9/2020 08:07:46","c443a970038a423c83a44d8ce3ba9723","10950ad33f5c42d0a786b6e717f9f2be","8",
"15f3d22557f04a80a884aa0fce2be6fb","4","1a559dca-8b91-49d1-b08c-ffaaa5656f8e",,,"kb2","多人审批","0",,"29/9/2020 01:57:40","e61e5c3fcdae4548862836a30d93a54e","99bfea1fb25e4066997f62fc018b9189","8",
"16055bdd2e4046bb94f0b7679dbd4cc8","4","7e2d74f1-277a-4a51-9311-8d02d579f251",,,"Kb2","主管审批","0",,"9/10/2020 02:49:40","be0b6d2391b4454f82c085315c5371fc","555768e1ecda4c0d964066bf9a6ff572","8","0"
"169ee1491e4348acb09cab63ca31c567","4","0602f0ce-e33e-43e1-83e5-402a8d05bfb5","1","10/10/2020 01:04:37","Kb2","主管审批","1",,"10/10/2020 00:59:21","0b502428ea7044c8992e72aa967b39e4","01298ced00a344ffb92b0edf4045a883","8","0"
"184763165da14485a898f2d5a03c54f1","2",,,,"Qb2","审批人","0",,"29/9/2020 03:17:49","2c36385ad67f48e88854e3ddf63dc430","4d318a61badf4019b6192c2e975a3d12","2","0"
"19a84c7ee0f74ec1961409d1515fc768","2","17BEBDCB-248D-4668-B6CD-BF22A446BBD4",,,"Xb2","审批人","0",,"14/10/2020 07:28:05","7c801654e3254b77a4f02c2d7a1afba2","807c7b83be114ad5bc0b60edb67152b8","2","0"
"19b0a2c781df4d2d947e688989c28305","4","22736bf4-f2d5-4081-9fb4-ca43d6235f56",,,"Qb2","审批人","0",,"10/10/2020 08:45:50","626617e7cf61403fb2c3da0eb8e998c9","cdeeb70c59904cc990cc17f9b25c5b3a","6","0"
"1a09171cf1bf40969f49b608fce16562","1","1d230af0-7054-43e0-bcd0-60144d3ed1d1",,,"Fc2","主管审批","0",,"29/9/2020 03:17:08","719632e3b1144058854df400c2b88304","14496a51187b4cbea75cab5406c45fd4","1","0"
"1a34c60d9bd840b29211461d4064f966","4","b973a1bb-4e2e-411e-94ea-77c83f0127d3",,,"Kb2","主管审批","1",,"25/9/2020 08:36:30","5455f4ad12f44611a484dc6f4672a769","de068d67992e4c509d8676130660da10","6",
"1a40aa57ffd64e0aa7a2a1d690fe94e6","2","7e2d74f1-277a-4a51-9311-8d02d579f251","1","14/10/2020 07:26:54","Xb2","审批人","1",,"14/10/2020 07:26:15","7c801654e3254b77a4f02c2d7a1afba2","807c7b83be114ad5bc0b60edb67152b8","2","0"
"1cf2a1370a5349829556cbf67a0640f9","4","0db19241-2688-40e1-a873-4d30de4aea30",,,"Mb2","主管审批","0",,"30/9/2020 06:54:18","ad6395d4b39441538b207871d2e6662a","d6fe472640454d7f93862ee5d2c99cde","8",
"1df58bce28a44a008f2b7c4c28ce43c0","4","3da3017f-46a9-4bdc-ab00-8b155735679c",,,"Sb2","主管审批","0",,"29/9/2020 03:18:39","1048866d3e89467da148636976677216","e8b752815512405394c9735f4fa0ca98","8",
"1ecd3527e388480a9c6c1b579a767c36","4","8a079ce3faaa425e9fb20fe17674bd2c",,,"Mb2","主管审批","0",,"30/9/2020 06:54:18","ad6395d4b39441538b207871d2e6662a","d6fe472640454d7f93862ee5d2c99cde","8",
"1f86120e87df49a887056e44aa36671a","4","cb222cae-d8dd-4577-9c6f-4eeabeccb66a",,,"Kb2","主管审批","1",,"10/10/2020 02:04:29","4f8054653ab74c95ae93fdc247c389a4","748ad5a0baa64f2eab3fb446b41528c4","8","-1"
"1f8d7783434b4932918a9c4ca344481a","4","1c637b38-7c7e-4733-9069-5a8f4585f6f9",,,"Kb2","主管审批","1",,"10/10/2020 01:52:01","04af6eb60daa4084a1d3f2a0decb4dd8","748ad5a0baa64f2eab3fb446b41528c4","8","-1"
"237acc81952e4e659d81959aaf6ed404","4","67e573e0-bb73-49e0-823b-d8297b0da3f8",,,"Ob2","主管审批","1",,"30/9/2020 07:32:43","9f4b3484c50044de966ed17758cca2d6","e8185b21c91b4be483cd1d08a6cdd87a","6","-1"
"258d89053c60406ab60f8df07dd50fac","4","16aa09b1-e264-45b7-9085-5cdadad05f65",,,"Ob2","主管审批","0",,"9/10/2020 02:55:36","4a7f439cf4d245c494b62bd3885c4110","06f80e9053194326a66b822519acedf9","6","0"
"263204d2620d4d56a2b4b6e812629f1c","3","bd2e16c2680e410bb735a85027575e4f","1","29/9/2020 05:59:36","db2","主管审批","1",,"29/9/2020 02:23:25","416bbae0e89b435ba337f30ac2e7aa30","b81394a5b7584033b568e7b46529cd56","3","0"
"269b664388384bcf9d39423bed6b3a21","4","7e2d74f1-277a-4a51-9311-8d02d579f251",,,"Kb2","主管审批","0",,"30/9/2020 06:37:08","d39feaab30c14bb59a37fa7cfe93cf05","a77609ed3ee54dcdbb28d3309fd52096","8","0"
"2997521ca4354806866e2e41c2f892fa","7","7e2d74f1-277a-4a51-9311-8d02d579f251",,,"kb2","审批人","0",,"29/9/2020 07:20:43","b0b4628436e543339de5ffdae7c1ea60","733433c007b14b52b06605a66c62a28f","7","0"
"2b48a5b416e444bfb47dea0c6a6e32aa","4","0fb772a4-9229-417d-bd25-f112ab12b754",,,"Mb2","审批人","0",,"9/10/2020 02:36:23","61e899a2316044f3ba753d0783a71fb4","a3b659e5982f4879a633609a29788446","6","0"
"2bd6c6376bf34ca083a4da52a426567c","4","0602f0ce-e33e-43e1-83e5-402a8d05bfb5","1","10/10/2020 02:04:51","Kb2","主管审批","1",,"10/10/2020 02:04:29","4f8054653ab74c95ae93fdc247c389a4","748ad5a0baa64f2eab3fb446b41528c4","8","-1"
"2c3f3338fe58412bb5a9891faf663aa4","4","43a38a12-a051-4006-be67-9547ee10eabc","1","14/10/2020 07:13:28","hb2","审批人","1",,"14/10/2020 07:13:04","18a58a9445054eea93fd3696d3e32ea3","2ded3c617a0d46fd85afd13c1ad249d6","8","0"
"2d95beee55e345d6b59600732915b72b","4","0602f0ce-e33e-43e1-83e5-402a8d05bfb5",,,"Ob2","主管审批","1",,"30/9/2020 07:32:43","9f4b3484c50044de966ed17758cca2d6","e8185b21c91b4be483cd1d08a6cdd87a","6","-1"
"2f3641cbf265403cb48a3278cac5ffa9","4","43a38a12-a051-4006-be67-9547ee10eabc",,,"Ob2","主管审批","1",,"30/9/2020 07:35:33","c796a00be1da4961a2779eb52e1afc39","e8185b21c91b4be483cd1d08a6cdd87a","6","0"
"2f706e05bbf94a6aab93fbd60459fedd","4","43a38a12-a051-4006-be67-9547ee10eabc",,,"Ob2","主管审批","1",,"30/9/2020 07:34:41","604b8aaf0eaa4ea8b3205eacbb5e67c3","e8185b21c91b4be483cd1d08a6cdd87a","6","-1"
"2fa91137f6244a6796e497d5eacb59ad","4","94bf04d0c93e4df5817d101823798458",,,"Mb2","主管审批","0",,"30/9/2020 06:54:18","ad6395d4b39441538b207871d2e6662a","d6fe472640454d7f93862ee5d2c99cde","8",
"306d8f8e8bf8488484ffe4ddbd15876e","4","2049f1bf-bd8d-43ca-bb3c-2d2833a16535","1","29/9/2020 08:17:25","Sb2","主管审批","1",,"29/9/2020 08:14:18","648addc72a7d4c07b8cb69705ec2b645","91cefc2b8eb14e369dbb5ca17a492d96","8","0"
"3162b2665a67497eb5bbf13ba91debfb","1","1d230af0-7054-43e0-bcd0-60144d3ed1d1",,,"qb2","主管审批","0",,"29/9/2020 03:14:38","3739adfc617d442ebc883f64cfec9855","a4a1b06b137a4c568c1381bd4bacc5bc","1","0"
"31e3dd7f0ae947bb809d2e63cf3726c2","1","admin","1","15/10/2020 02:33:48","Ob2","主管审批","1",,"15/10/2020 02:32:30","fb949eaacea64240a947de1f4e3b1f7a","b994dd2f867a4bef86b65d778d686b2e","1","0"
"3233aa88f7fe413a98d585bc7f95fb8c","4","ea3b9f9e61584acf95d4142ad16f7883",,,"Kb2","主管审批","0",,"30/9/2020 06:17:07","e149cf07391843a5ac5a877016e08fa3","9465c33478f547bea3b757cf8dccfc86","8","0"
"325106a937a743fda57b4ce61ed67235","4","cb222cae-d8dd-4577-9c6f-4eeabeccb66a",,,"Ob2","主管审批","1",,"30/9/2020 06:55:50","9170b1f564a149d5ba35c79cc57ffd8c","81e3457104694b669bdb2e084b3e9704","6",
"32db0055c2ba43eabcd9b9489ff1bb25","2","7e2d74f1-277a-4a51-9311-8d02d579f251",,,"Xb2","审批人","0",,"14/10/2020 07:29:06","7f24520e6357481c8c8fa9f091f87735","16724ab4b7b145ee92cb2083fbbf952e","2","0"
"33618c116153433fbb82249b3b25398f","4","7e2d74f1-277a-4a51-9311-8d02d579f251",,,"Kb2","主管审批","1",,"29/9/2020 01:57:07","08f3d309c02d4fada17e79ca0a511d79","356b6563e15f4f8e9f6ba9929a988fd0","6","0"
"337562b34a6640d0bb98959cd459adcf","1","1d230af0-7054-43e0-bcd0-60144d3ed1d1",,,"Kc2","主管审批","0",,"29/9/2020 03:16:35","163d8db0dc874fdb9cdf5622b737709a","b88fb1f8c2904c35b04d2b8871fe51f8","1","0"
"33a48386fd7745b6b266b4b7ca3a032b","1","00b0d34d-a5d6-43f7-a7d4-c8d5fbca8f8f",,,"Sb2","主管审批","0",,"23/9/2020 09:29:20","618a95aa5a3d48c5913758fad7d166cd","e6a4b2e2322d459a8bf764d5c981f55d","1","0"
"342207ab468040d88ff28b14be9fee06","7","639528cd-4299-48ae-854a-2b7a33384f96","1","15/10/2020 11:31:35","Kb2","审批人","1",,"15/10/2020 11:29:38","59f4e57e155d4fa29837b2ac1a2aecd5","e552efa9e8d74cf698936451d70cdd65","7","0"
"34cce1fa19c24f1486e40c290168cf95","4","0602f0ce-e33e-43e1-83e5-402a8d05bfb5",,,"Kb2","主管审批","0",,"30/9/2020 06:37:08","d39feaab30c14bb59a37fa7cfe93cf05","a77609ed3ee54dcdbb28d3309fd52096","8",
"3623b4b5e8b6426788c8e9fb74c7364e","4","3da3017f-46a9-4bdc-ab00-8b155735679c",,,"Sb2","主管审批","0",,"29/9/2020 08:14:18","648addc72a7d4c07b8cb69705ec2b645","91cefc2b8eb14e369dbb5ca17a492d96","8",
"371119b6beff4c4a8da9b12ff9a539b2","4","67e573e0-bb73-49e0-823b-d8297b0da3f8",,,"Ob2","主管审批","1",,"30/9/2020 07:31:25","c16dadaf2676477094e07b264abf8422","38191b32b4194071b74f29c3a11d03a1","6","0"
"3790bf956fdf4871a2914e1d7b9a3558","1","1d230af0-7054-43e0-bcd0-60144d3ed1d1","1","29/9/2020 06:54:02","Ub2","审批人","1",,"29/9/2020 06:53:22","2c3146a80d8a43c59ae3264e9ec54073","c9cb1c2cba8045ea87dbded4b753a0c1","1","-1"
"3889c3cd13994b9a861de37b17fed5eb","1","1d230af0-7054-43e0-bcd0-60144d3ed1d1",,,"Wb2","主管审批","0",,"29/9/2020 01:55:37","18d6c2288c3740108104fc4cc81234e4","9c5db9e7fd3c44cc82fbdca1dc8fe464","1","0"
"38fb0120e2694522b23b1e8f3df31529","1","1d230af0-7054-43e0-bcd0-60144d3ed1d1",,,"0c2","主管审批","0",,"29/9/2020 03:03:13","967b646601d64429b7944b4880910022","59c38c97a1d64bd68284e47a66e99bf0","1","0"
"392c311d87054714a021782bc6c1d331","1","admin","1","29/9/2020 01:31:39","Ub2","审批人","1",,"27/9/2020 02:22:42","dd119db25ac44383929b9946be2e22af","c1986704d28e4d64beefd912323291a6","1","0"
"39caf4c726dd4400902cfd8591b8bb3b","4","67e573e0-bb73-49e0-823b-d8297b0da3f8",,,"Kb2","主管审批","1",,"29/9/2020 01:57:07","08f3d309c02d4fada17e79ca0a511d79","356b6563e15f4f8e9f6ba9929a988fd0","6",
"3b53d1b3657e47658acf0d52d6aafc75","4","a241fbb08a494e0492ddacd9ff42be7f",,,"Kb2","主管审批","0",,"30/9/2020 08:47:23","63c107c5fa4b40f9aab159fd5f288456","0070d6b242ff48e497cbe337bf1da9ad","8",
"3c8744c130aa424ba823d0f29e4db29f","4","ec63d618f8b643428b27f18336f73f4b",,,"Mb2","主管审批","0",,"29/9/2020 02:22:28","07a8b0a43c3f4d008ce478b2edb53325","09618aaaeec14b008af666ed63893c24","8","0"
"3cf6f1d879c64e40b23205aa312cdf55","1","admin",,,"Ub2","审批人","0",,"10/10/2020 08:00:45","0d5688060a294bbfba7ef46bce511fea","a7e733bbde014b3390174de2e9ae6d3d","1","0"
"3d7f4e57cbed47f8ad6a4b039e454ce9","4","0602f0ce-e33e-43e1-83e5-402a8d05bfb5",,,"Mb2","主管审批","0",,"29/9/2020 02:22:28","07a8b0a43c3f4d008ce478b2edb53325","09618aaaeec14b008af666ed63893c24","8",
"3dc40deae2cc4201bee5e0d9d83b8f26","4","1d230af0-7054-43e0-bcd0-60144d3ed1d1",,,"Mb2","主管审批","0",,"29/9/2020 02:22:28","07a8b0a43c3f4d008ce478b2edb53325","09618aaaeec14b008af666ed63893c24","8",
"3e83e1ef58e44ecfb41e30798cc5a748","7","7e2d74f1-277a-4a51-9311-8d02d579f251","1","14/10/2020 07:41:03","Kb2","审批人","1",,"14/10/2020 07:40:37","30783b2b6b14443bad03b03afceac3f6","32555004ae7c4c55aa49db58df543266","7","0"
"415c67d550bc45baa55a32fc42231ddf","1","048657c1-ecb1-4e5d-aced-6126ceae779e","1","15/10/2020 11:19:40","Bc2","主管审批","1",,"15/10/2020 11:15:32","a5143ca2316a4c67ad75cd8adb188740","6cae7f9a626b4512b5b8fb2b98feb63a","1","0"
"41d5b515f66541f6aa77f0b73352eafd","1","1d230af0-7054-43e0-bcd0-60144d3ed1d1",,,"Gc2","主管审批","0",,"29/9/2020 03:16:52","2e306a9718724af6ba94b6349ee97c42","481ce1cc344f41cdb5a267f021185a4c","1","0"
"4286455adb5749a5a7a95d91996c2b7d","4","2ab1ce27-0903-4e09-8a40-a1b0f1e8066c",,,"Sb2","主管审批","0",,"29/9/2020 08:14:18","648addc72a7d4c07b8cb69705ec2b645","91cefc2b8eb14e369dbb5ca17a492d96","8",
"434fccea1911471aadc158e1929f1680","1","1d230af0-7054-43e0-bcd0-60144d3ed1d1",,,"yb2","主管审批","0",,"29/9/2020 03:03:23","ed5f2abc0c6e4f0ea07e4c3604066b7c","0c63c788a12e4b88ab9a29f4213b45ca","1","0"
"4381dc77d70544179d7278743926730a","4","22736bf4-f2d5-4081-9fb4-ca43d6235f56",,,"Qb2","审批人","0",,"10/10/2020 09:00:29","fef8a613238e4e68a20896fc626a6d65","5a9650ae93dc481e80de56362c0d50a5","6","0"
"45163d5ea4534f41b65cfe3563fcff69","4","7e2d74f1-277a-4a51-9311-8d02d579f251",,,"Kb2","主管审批","0",,"30/9/2020 08:47:23","63c107c5fa4b40f9aab159fd5f288456","0070d6b242ff48e497cbe337bf1da9ad","8","0"
"45b6e323ae2d4acebee3032bdab44d9d","4","16aa09b1-e264-45b7-9085-5cdadad05f65",,,"Kb2","主管审批","1",,"10/10/2020 01:52:01","04af6eb60daa4084a1d3f2a0decb4dd8","748ad5a0baa64f2eab3fb446b41528c4","8","-1"
"46c12829ce2b4aee8a8a6c8dc1ae634e","7","27c57c5a-4c50-4572-954b-f9dafbbbca89",,,"Kb2","审批人","0",,"24/9/2020 11:01:55","791257b47676436ab7419f7042c37488","dced47785bb4410f88619910058bc560","7","0"
"46ffad958c794d1881feabb409992ff8","7","7e2d74f1-277a-4a51-9311-8d02d579f251","1","29/9/2020 06:54:57","Yb2","审批人","1",,"29/9/2020 06:54:02","fb66f6fa136c40e6b2a71f1597748b8f","c9cb1c2cba8045ea87dbded4b753a0c1","7","-1"
"47af589bf73a4eaf87fa2bd3881df24c","4","d3fe7934a6cf4a7d92137862aa8c94ab",,,"Mb2","主管审批","0",,"29/9/2020 02:22:28","07a8b0a43c3f4d008ce478b2edb53325","09618aaaeec14b008af666ed63893c24","8",
"48eb1898d6814c04b085b9b8ed446e68","4","67e573e0-bb73-49e0-823b-d8297b0da3f8","1","14/10/2020 07:14:14","hb2","审批人","1",,"14/10/2020 07:13:04","18a58a9445054eea93fd3696d3e32ea3","2ded3c617a0d46fd85afd13c1ad249d6","8","0"
"490ff74ff8b340bf9315bd54b91c476a","1","1d230af0-7054-43e0-bcd0-60144d3ed1d1",,,"0c2","主管审批","0",,"29/9/2020 03:15:57","c1d76e85f9e34cc2bf115fd1c282048d","713909cafd8744c8be1de96dcd4aecee","1","0"
"4958c37e19d9487fadc19781c34ed9b6","7","1c637b38-7c7e-4733-9069-5a8f4585f6f9","1","29/9/2020 07:20:43","kb2","审批人","1",,"29/9/2020 07:20:01","b0b4628436e543339de5ffdae7c1ea60","733433c007b14b52b06605a66c62a28f","7","0"
"49c441b1c2834245aa61a8ab5013349f","4","0602f0ce-e33e-43e1-83e5-402a8d05bfb5",,,"Kb2","主管审批","0",,"30/9/2020 08:07:46","c443a970038a423c83a44d8ce3ba9723","10950ad33f5c42d0a786b6e717f9f2be","8",
"4ad454f4c5da407a91aac1ae2bfa79ac","4","05fdd3185e624d0d84f048186344d899",,,"Sb2","主管审批","0",,"29/9/2020 08:14:18","648addc72a7d4c07b8cb69705ec2b645","91cefc2b8eb14e369dbb5ca17a492d96","8",
"4b0de7f7079c4ce5a764af187834249a","7","43a38a12-a051-4006-be67-9547ee10eabc","1","14/10/2020 07:41:32","Kb2","审批人","1",,"14/10/2020 07:41:03","30783b2b6b14443bad03b03afceac3f6","32555004ae7c4c55aa49db58df543266","7","0"
"4dcf281d499b4e91b90d1d0b0ba79de6","4","16aa09b1-e264-45b7-9085-5cdadad05f65",,,"Ob2","主管审批","1",,"30/9/2020 06:55:50","9170b1f564a149d5ba35c79cc57ffd8c","81e3457104694b669bdb2e084b3e9704","6",
"4f00b649ea894d1695c45c6821d09bc9","2","7e2d74f1-277a-4a51-9311-8d02d579f251","1","14/10/2020 07:18:21","Xb2","审批人","1",,"14/10/2020 07:17:45","2880fdbf96934b2fa6be6d76817a40b8","807c7b83be114ad5bc0b60edb67152b8","2","-1"
"4f84cbe9f75e41038dc4679c8d70cd62","4","1c637b38-7c7e-4733-9069-5a8f4585f6f9","1","30/9/2020 07:36:26","Ob2","主管审批","1",,"30/9/2020 07:35:33","c796a00be1da4961a2779eb52e1afc39","e8185b21c91b4be483cd1d08a6cdd87a","6","0"
"4ff1dc2e0d414d9dbc5621a5fbb94513","7","1c637b38-7c7e-4733-9069-5a8f4585f6f9",,,"gb2","授权审批人","0",,"29/9/2020 01:56:41","93ee8510d5f0473d973f4942ec051fe7","f6f146199f69431090e37a92aef3c78f","7","0"
"5019dc89e3d74688a157e2966704d03c","4","0602f0ce-e33e-43e1-83e5-402a8d05bfb5","0","10/10/2020 02:00:05","Kb2","主管审批","1",,"10/10/2020 01:52:01","04af6eb60daa4084a1d3f2a0decb4dd8","748ad5a0baa64f2eab3fb446b41528c4","8","-1"
"5090185e3dc64f88bf7ff5960775c09f","2","7e2d74f1-277a-4a51-9311-8d02d579f251","1","14/10/2020 07:11:15","Xb2","审批人","1",,"14/10/2020 07:10:47","94d9ea663dcd4f69a2d7cc5e269719b1","2ded3c617a0d46fd85afd13c1ad249d6","2","0"
"50b04ce12fb749bb9969728d9eb3a542","4","721acd3b-b621-47bd-a41b-ae5a393e999f",,,"Ob2","主管审批","1",,"30/9/2020 06:55:50","9170b1f564a149d5ba35c79cc57ffd8c","81e3457104694b669bdb2e084b3e9704","6",
"511da9565fc14241b13c5f483194cc6b","1","1d230af0-7054-43e0-bcd0-60144d3ed1d1",,,"Ub2","审批人","0",,"29/9/2020 02:13:55","23058f14aa68471585b94f497af1dd5a","5d9e95ead802463887560a0c9810e65e","1","0"
"513c40cec60b4180bdaad712463b2e2e","4","3da3017f-46a9-4bdc-ab00-8b155735679c",,,"Mb2","主管审批","0",,"30/9/2020 06:54:18","ad6395d4b39441538b207871d2e6662a","d6fe472640454d7f93862ee5d2c99cde","8",
"52cea82c608c4bd89f68b866d944ad60","1","admin",,,"Ob2","主管审批","0",,"18/9/2020 08:41:53","c2bd29ed5ca84625b948b78df925679c","306270d97f50461caaba2c23327d3fde","1","0"
"52dba93e7e9f4b1d9635f0b19bbd6542","7","2049f1bf-bd8d-43ca-bb3c-2d2833a16535","1","29/9/2020 06:55:36","Yb2","审批人","1",,"29/9/2020 06:54:57","fb66f6fa136c40e6b2a71f1597748b8f","c9cb1c2cba8045ea87dbded4b753a0c1","7","-1"
"5348b0fd814846929a9e71c657ddad29","2",,,,"Xb2","主管审批","0",,"29/9/2020 01:54:58","ae6bece0d3c74f729e41764e4339f3cc","17df3ba1d331472ca30dde642b924ac2","2","0"
"563f574f08c94b3d802bafefb1c1fbd2","1","1d230af0-7054-43e0-bcd0-60144d3ed1d1",,,"1c2","主管审批","0",,"29/9/2020 03:02:02","9bf919b53443484c94d219fc8b083d3a","13f1d204de62486cada87bdc52c66368","1","0"
"5677b2f9a6474bcd868784444096c673","4","43a38a12-a051-4006-be67-9547ee10eabc",,,"Sb2","主管审批","0",,"29/9/2020 08:14:18","648addc72a7d4c07b8cb69705ec2b645","91cefc2b8eb14e369dbb5ca17a492d96","8","0"
"573d01156d8e40609cdc4028419f9cf9","4","67e573e0-bb73-49e0-823b-d8297b0da3f8",,,"Ob2","主管审批","1",,"30/9/2020 07:34:41","604b8aaf0eaa4ea8b3205eacbb5e67c3","e8185b21c91b4be483cd1d08a6cdd87a","6","-1"
"58049e9847fd4e61b7e0124f2235eef7","4","ec63d618f8b643428b27f18336f73f4b",,,"kb2","多人审批","0",,"29/9/2020 01:57:40","e61e5c3fcdae4548862836a30d93a54e","99bfea1fb25e4066997f62fc018b9189","8","0"
"5845a2483bc849cca8e7b69cd6d0c94c","1","1d230af0-7054-43e0-bcd0-60144d3ed1d1",,,"ab2","主管审批","0",,"29/9/2020 03:15:43","061d6958ed144d39ba6b106e7672bb6d","18c5c7963e5540dbb49f92aa7667eff0","1","0"
"584debced06c4ce09bb4eb5862dbd444","2","7e2d74f1-277a-4a51-9311-8d02d579f251","1","9/10/2020 03:06:03","hb2","主管审批","1",,"9/10/2020 03:05:23","a53396210bbe4151bcea84ce978eccd0","8395b1f5d24b4e7ab425ba7ae2adf85a","2","0"
"5859274dcfee469280d5da5003b56077","2",,,,"hb2","主管审批","0",,"29/9/2020 03:19:11","d418f5eb6d764e0d9d0b89401077aa56","0ae810da9fb34fbabe4bfc8b4429b123","2","0"
"58bec25ca1ab4a0f879c489e4270cf01","4","3da3017f-46a9-4bdc-ab00-8b155735679c",,,"Mb2","主管审批","0",,"29/9/2020 02:22:28","07a8b0a43c3f4d008ce478b2edb53325","09618aaaeec14b008af666ed63893c24","8",
"596d7b030b6440908e8663bbf005e038","4","0602f0ce-e33e-43e1-83e5-402a8d05bfb5",,,"Ob2","主管审批","1",,"30/9/2020 07:35:33","c796a00be1da4961a2779eb52e1afc39","e8185b21c91b4be483cd1d08a6cdd87a","6",
"59b841c203c84b17a61b036e612e7ea2","4","0602f0ce-e33e-43e1-83e5-402a8d05bfb5",,,"Ob2","主管审批","1",,"30/9/2020 07:34:41","604b8aaf0eaa4ea8b3205eacbb5e67c3","e8185b21c91b4be483cd1d08a6cdd87a","6","-1"
"5ae3202dea8845988cfefe91d3ce2fbd","7","9624fa22-ac3a-4184-af0b-b2c720df9d60",,,"kb2","审批人","0",,"27/9/2020 03:22:45","10cc7d0cc27d44ada89e5a528a44742c","9eccd997462b4bed93a6923cd43c6315","7","0"
"5b170a8d5749456695311fadf76dbcae","4","1c637b38-7c7e-4733-9069-5a8f4585f6f9","1","29/9/2020 01:31:50","Zb2","审批人","1",,"29/9/2020 01:31:39","624bd955a97349f9877407f2b09fde9a","c1986704d28e4d64beefd912323291a6","6","0"
"5b246d1e47cc47d1bf38d5d27beafd11","1","249cf67d-fd9d-42da-8c2f-0481a7113446",,,"Ub2","审批人","0",,"27/9/2020 02:39:58","b513756b13d44f319d5722cfeac81b44","334c9775ed2542e68b6e728c3c350a2c","1","0"
"5b9df9171c9242b78cf20772c6afe2e4","4","0602f0ce-e33e-43e1-83e5-402a8d05bfb5",,,"Sb2","主管审批","0",,"29/9/2020 08:14:18","648addc72a7d4c07b8cb69705ec2b645","91cefc2b8eb14e369dbb5ca17a492d96","8",
"5da9418d104f4565a207167b270d8c93","4","2049f1bf-bd8d-43ca-bb3c-2d2833a16535",,,"Mb2","主管审批","0",,"29/9/2020 02:22:28","07a8b0a43c3f4d008ce478b2edb53325","09618aaaeec14b008af666ed63893c24","8",
"5e94bc284c4f4b3b9c4cd19132c02cff","3","admin","1","14/10/2020 07:39:33","Kb2","审批人","1",,"14/10/2020 07:36:18","48aaf1bbe16c432d8e21eaadb53ee077","31a6b59ed8944a61b0213200565421b5","3","0"
"600cb81e36534edbbc358d9fb2ac94eb","1","admin","0","14/10/2020 07:31:15","Kb2","审批人","1",,"14/10/2020 07:30:53","c015b2fc89044bb18f8075f7f46f8dd8","029813f3105a444b95fde64f9994c431","1","-1"
"60aa03922ed841cd87b4493c87d0ca7c","4","0602f0ce-e33e-43e1-83e5-402a8d05bfb5",,,"Ob2","主管审批","0",,"9/10/2020 02:55:36","4a7f439cf4d245c494b62bd3885c4110","06f80e9053194326a66b822519acedf9","6","0"
"60ae57792a114796a584468e4766358b","1","1d230af0-7054-43e0-bcd0-60144d3ed1d1",,,"Ob2","主管审批","0",,"29/9/2020 03:19:02","0d7ba68946ca4bab970ad9b3d1c80516","308c97d907d54a17bbd0464790565e5a","1","0"
"6224eeeb8181406ca8b1baf824e4fa8d","4","67e573e0-bb73-49e0-823b-d8297b0da3f8",,,"Zb2","审批人","1",,"29/9/2020 07:15:22","ab14042b120f443490a84ee3c27f1b92","ab67329172da42fc8e4e1ddacad00ceb","6","-1"
"63c6701007bd4ce1b8fc600c140af09f","4","721acd3b-b621-47bd-a41b-ae5a393e999f",,,"Kb2","主管审批","0",,"9/10/2020 02:49:40","be0b6d2391b4454f82c085315c5371fc","555768e1ecda4c0d964066bf9a6ff572","8","0"
"64d024b29cf5438f9e81e91c2e327cf6","4","16aa09b1-e264-45b7-9085-5cdadad05f65",,,"Mb2","主管审批","0",,"29/9/2020 02:22:28","07a8b0a43c3f4d008ce478b2edb53325","09618aaaeec14b008af666ed63893c24","8",
"655391721ccf46f7aadd2e4c5a6cc60b","1","249cf67d-fd9d-42da-8c2f-0481a7113446",,,"Ub2","审批人","0",,"27/9/2020 02:27:44","5601594f90754690a6121c86550b29cb","d75b9630183841cba7301bd002eb570a","1","0"
"65f496e64bd8453f9b687f2a964f99c6","4","dacf5db5-2cca-4fe9-aa62-11ee82f846cf","1","14/10/2020 07:12:24","cb2","审批人","1",,"14/10/2020 07:11:15","28ce4337138040659ab12063664ed7d7","2ded3c617a0d46fd85afd13c1ad249d6","6","0"
"662462876e1a4b6bb6af8234e18e285e","4","7e2d74f1-277a-4a51-9311-8d02d579f251",,,"Kb2","主管审批","0",,"30/9/2020 06:17:07","e149cf07391843a5ac5a877016e08fa3","9465c33478f547bea3b757cf8dccfc86","8","0"
"694f206590a945e8b2fc056014ce566c","4","1a559dca-8b91-49d1-b08c-ffaaa5656f8e",,,"kb2","多人审批","0",,"29/9/2020 03:15:11","8760b9b9d58044a59fc142fc987c85a6","49bd801c232e470cb915dd0be974008e","8",
"6a39c09907cf4f7a882722938a5753c0","1","1d230af0-7054-43e0-bcd0-60144d3ed1d1","1","29/9/2020 06:00:14","5c2","主管审批","1",,"29/9/2020 03:15:19","40dd9e57add14dca8f2ac2709345adf0","4bc99dc11a7f49c690d031f9358864cb","1","0"
"6a4baf60fd4c4f9ba7ee35cae79c7591","1","admin",,,"68hqQG","审批节点","0",,"23/3/2021 09:31:20","f00f2b68a94b4a56bc2cc3ffad7999b5","c16067f3eb564a519797fb65b9907bfb","1","0"
"6aafaf9174294708865a1706699ffd48","4","67e573e0-bb73-49e0-823b-d8297b0da3f8",,,"Kb2","主管审批","0",,"30/9/2020 06:37:08","d39feaab30c14bb59a37fa7cfe93cf05","a77609ed3ee54dcdbb28d3309fd52096","8","0"
"6ac0fa72bd0e467789135f3080148be4","4","7e2d74f1-277a-4a51-9311-8d02d579f251",,,"Kb2","主管审批","1",,"10/10/2020 01:52:01","04af6eb60daa4084a1d3f2a0decb4dd8","748ad5a0baa64f2eab3fb446b41528c4","8","-1"
"6ae888ef90984335bd3b84e83f2598bf","4","a241fbb08a494e0492ddacd9ff42be7f",,,"Kb2","主管审批","1",,"10/10/2020 02:04:29","4f8054653ab74c95ae93fdc247c389a4","748ad5a0baa64f2eab3fb446b41528c4","8","-1"
"6b092588dcc84b2981b8f2a3af89275d","4","721acd3b-b621-47bd-a41b-ae5a393e999f",,,"Ob2","主管审批","1",,"30/9/2020 07:32:43","9f4b3484c50044de966ed17758cca2d6","e8185b21c91b4be483cd1d08a6cdd87a","6","-1"
"6c116e6ca97e4667a2f9f0a5fb4eb13b","4","1c637b38-7c7e-4733-9069-5a8f4585f6f9",,,"Kb2","主管审批","0",,"30/9/2020 06:17:07","e149cf07391843a5ac5a877016e08fa3","9465c33478f547bea3b757cf8dccfc86","8","0"
"6c777efd349d420e844d805df6812925","4","05fdd3185e624d0d84f048186344d899",,,"Kb2","主管审批","1",,"29/9/2020 01:57:07","08f3d309c02d4fada17e79ca0a511d79","356b6563e15f4f8e9f6ba9929a988fd0","6",
"6d153b6a1fa6422ba95198e3caee0233","4","249cf67d-fd9d-42da-8c2f-0481a7113446",,,"kb2","多人审批","0",,"29/9/2020 03:15:11","8760b9b9d58044a59fc142fc987c85a6","49bd801c232e470cb915dd0be974008e","8","0"
"6e35fccbdff94f609b1a5d6405c656e7","4","e3bccece-4c8f-49c3-86fb-feb9ba143726",,,"Qb2","审批人","0",,"10/10/2020 08:45:50","626617e7cf61403fb2c3da0eb8e998c9","cdeeb70c59904cc990cc17f9b25c5b3a","6","0"
"6e6ad0cf2e2c4c759346aaa7e66c02e7","4","7e2d74f1-277a-4a51-9311-8d02d579f251",,,"Kb2","主管审批","1",,"25/9/2020 08:36:30","5455f4ad12f44611a484dc6f4672a769","de068d67992e4c509d8676130660da10","6","0"
"6e8c931193a24d75856a50ebf1108a95","4","1c637b38-7c7e-4733-9069-5a8f4585f6f9",,,"Sb2","主管审批","0",,"29/9/2020 03:18:39","1048866d3e89467da148636976677216","e8b752815512405394c9735f4fa0ca98","8",
"6f13a4e23e034af3a5772c398e3ce802","4","b973a1bb-4e2e-411e-94ea-77c83f0127d3",,,"Sb2","主管审批","0",,"29/9/2020 08:14:18","648addc72a7d4c07b8cb69705ec2b645","91cefc2b8eb14e369dbb5ca17a492d96","8",
"6f58f0bd32d442a492f67ec98d1df90f","4","b973a1bb-4e2e-411e-94ea-77c83f0127d3",,,"Sb2","主管审批","0",,"29/9/2020 03:18:39","1048866d3e89467da148636976677216","e8b752815512405394c9735f4fa0ca98","8",
"71384ce631b54623817188170fbb088c","4","7e2d74f1-277a-4a51-9311-8d02d579f251","1","10/10/2020 01:12:45","Kb2","主管审批","1",,"10/10/2020 00:59:21","0b502428ea7044c8992e72aa967b39e4","01298ced00a344ffb92b0edf4045a883","8","0"
"719b4f5e1b7349ac86b9b702064e77fa","4","7e2d74f1-277a-4a51-9311-8d02d579f251",,,"Kb2","主管审批","1",,"10/10/2020 02:04:29","4f8054653ab74c95ae93fdc247c389a4","748ad5a0baa64f2eab3fb446b41528c4","8","-1"
"722b146449a54653abdf8fe664bc5bd2","4","16aa09b1-e264-45b7-9085-5cdadad05f65",,,"Kb2","主管审批","0",,"30/9/2020 08:07:46","c443a970038a423c83a44d8ce3ba9723","10950ad33f5c42d0a786b6e717f9f2be","8",
"7481c05187754e55a153dbde11972a8a","4","a241fbb08a494e0492ddacd9ff42be7f",,,"Kb2","主管审批","1",,"10/10/2020 01:52:01","04af6eb60daa4084a1d3f2a0decb4dd8","748ad5a0baa64f2eab3fb446b41528c4","8","-1"
"768abbf08a214ec2a356367949f539bd","4","43a38a12-a051-4006-be67-9547ee10eabc",,,"kb2","多人审批","0",,"29/9/2020 03:15:11","8760b9b9d58044a59fc142fc987c85a6","49bd801c232e470cb915dd0be974008e","8",
"7887ab45202944c093cd9c2fd964f861","4","0602f0ce-e33e-43e1-83e5-402a8d05bfb5",,,"Kb2","主管审批","0",,"30/9/2020 08:47:23","63c107c5fa4b40f9aab159fd5f288456","0070d6b242ff48e497cbe337bf1da9ad","8",
"7c4054af3837475c86530a57d27263f5","4","a241fbb08a494e0492ddacd9ff42be7f","1","10/10/2020 01:19:53","Kb2","主管审批","1",,"10/10/2020 00:59:21","0b502428ea7044c8992e72aa967b39e4","01298ced00a344ffb92b0edf4045a883","8","0"
"7e27dcb3c33e4f9ca151f687a1ba035a","4","721acd3b-b621-47bd-a41b-ae5a393e999f",,,"Mb2","主管审批","0",,"29/9/2020 02:22:28","07a8b0a43c3f4d008ce478b2edb53325","09618aaaeec14b008af666ed63893c24","8",
"7f0566790cc84134aa8590bde3d688da","4","43a38a12-a051-4006-be67-9547ee10eabc",,,"Ob2","主管审批","1",,"30/9/2020 07:32:43","9f4b3484c50044de966ed17758cca2d6","e8185b21c91b4be483cd1d08a6cdd87a","6","-1"
"7f074f5f09924019b1363d674629b6c0","4","43a38a12-a051-4006-be67-9547ee10eabc",,,"hb2","审批人","1",,"14/10/2020 07:18:54","24473ec525754a4bac73678776795ee6","807c7b83be114ad5bc0b60edb67152b8","8","-1"
"7f46125f76094f7992645d026d03eea7","1","1d230af0-7054-43e0-bcd0-60144d3ed1d1",,,"ob2","主管审批","0",,"29/9/2020 03:14:54","bad2b33c176e4e8ebc7bd2c12a150825","c5f77786e8724df6a0899af4666f94e2","1","0"
"8025fe56e0624d9ebb49e6bef9187c54","2","7e2d74f1-277a-4a51-9311-8d02d579f251",,,"Kb2","审批人","0",,"14/10/2020 06:34:50","d2a34d2d6e8147a299fd3987a9a0d265","162272b5afba4286bc563846aa6383b3","2","0"
"806f08e15a9c4098805cd3e672294e84","4","721acd3b-b621-47bd-a41b-ae5a393e999f",,,"Ob2","主管审批","1",,"30/9/2020 07:34:41","604b8aaf0eaa4ea8b3205eacbb5e67c3","e8185b21c91b4be483cd1d08a6cdd87a","6","-1"
"8266782ee7064a6f8c06cd6565f55db9","2","7e2d74f1-277a-4a51-9311-8d02d579f251",,,"hb2","主管审批","0",,"9/10/2020 02:57:34","9443a9fe1af14c9cb56ceef27dd89aec","55bb082b3ee54a3f9c05cb8c1e51abe7","2","0"
"82e1fce3bcbb4a298bbf44e4c716f525","4","721acd3b-b621-47bd-a41b-ae5a393e999f",,,"Mb2","主管审批","0",,"30/9/2020 06:54:18","ad6395d4b39441538b207871d2e6662a","d6fe472640454d7f93862ee5d2c99cde","8",
"839ead342ed049f4af2ad971af822f54","1","1d230af0-7054-43e0-bcd0-60144d3ed1d1","0","29/9/2020 06:00:36","Qb2","主管审批","1",,"29/9/2020 03:18:53","1a95a83102d44bf3aeee60213fc58f64","6047a2bd68c14c778cbc49814a43bef2","1","-1"
"860f27c6b6ce46959730b7e5679c4dc3","3","admin",,,"db2","主管审批","0",,"18/9/2020 09:28:53","24923b9393434844a266a78535be333c","a14841d6691f45049057568ea0c19e39","3","0"
"861680e43cc24cd5834218479f8063dd","4","dacf5db5-2cca-4fe9-aa62-11ee82f846cf","0","15/10/2020 01:28:47","cb2","审批人","1",,"15/10/2020 01:25:45","bdc2f4acac0547b1ad4f974c72f88aa3","2656aa0e01184ddeba15163958adba3d","6","0"
"867077c93a804237a8cd1ddf1c2ef2ce","1","1d230af0-7054-43e0-bcd0-60144d3ed1d1",,,"9c2","主管审批","0",,"29/9/2020 03:17:34","94de88a8020d45b186004058c0169e03","c6f7ea222c774202b5a5a1af7d3957dc","1","0"
"86b5a051cf9f4faf91a7c90c44497909","3","bd2e16c2680e410bb735a85027575e4f","0","29/9/2020 02:23:01","db2","主管审批","1",,"29/9/2020 01:55:58","9a0ac2f3767146d4aa56fe3bf3e30580","b81394a5b7584033b568e7b46529cd56","3","-1"
"87c8b9e2ecb54e4db4f0fda7b5519210","4","721acd3b-b621-47bd-a41b-ae5a393e999f",,,"Kb2","主管审批","0",,"30/9/2020 08:47:23","63c107c5fa4b40f9aab159fd5f288456","0070d6b242ff48e497cbe337bf1da9ad","8",
"8830fff1de7b4251a85f12246d842264","4","0602f0ce-e33e-43e1-83e5-402a8d05bfb5",,,"Sb2","主管审批","0",,"29/9/2020 03:18:39","1048866d3e89467da148636976677216","e8b752815512405394c9735f4fa0ca98","8",
"891919f92ad540298e88a56aecaab944","2","17BEBDCB-248D-4668-B6CD-BF22A446BBD4",,,"Xb2","审批人","0",,"14/10/2020 06:59:05","4f29ffea84c04f8caf9afb7bf2c10cc2","f1179eb113874a7aa8b2936720123883","2","0"
"8951ca9520724644b24b7c15d35b56ad","4","a241fbb08a494e0492ddacd9ff42be7f",,,"Kb2","主管审批","0",,"9/10/2020 02:49:40","be0b6d2391b4454f82c085315c5371fc","555768e1ecda4c0d964066bf9a6ff572","8","0"
"8a6d9f21224c44bdad44d457febb07b2","4","cb222cae-d8dd-4577-9c6f-4eeabeccb66a",,,"Ob2","主管审批","1",,"30/9/2020 07:32:43","9f4b3484c50044de966ed17758cca2d6","e8185b21c91b4be483cd1d08a6cdd87a","6","-1"
"8a7df5832d474646a2db8189a6fcfab3","3","bd2e16c2680e410bb735a85027575e4f",,,"db2","主管审批","0",,"29/9/2020 03:16:13","bea3e271a2fa4b5e823b10d140091475","d76bc07939b14deb9a69ee8997d52bbd","3","0"
"8ba70b6492e14727bbe62b34fdd4ebe4","4","2049f1bf-bd8d-43ca-bb3c-2d2833a16535",,,"Sb2","主管审批","0",,"29/9/2020 03:18:39","1048866d3e89467da148636976677216","e8b752815512405394c9735f4fa0ca98","8","0"
"8bc431954be64aee82d33ec0b2d0d7ae","4","16aa09b1-e264-45b7-9085-5cdadad05f65",,,"Ob2","主管审批","1",,"30/9/2020 07:35:33","c796a00be1da4961a2779eb52e1afc39","e8185b21c91b4be483cd1d08a6cdd87a","6",
"8e854312d7af41f1bd2b8a02cc25a8bd","4","721acd3b-b621-47bd-a41b-ae5a393e999f",,,"Kb2","主管审批","0",,"30/9/2020 08:07:46","c443a970038a423c83a44d8ce3ba9723","10950ad33f5c42d0a786b6e717f9f2be","8",
"8f3ee57ffb884762af8ee94dc3317066","4","721acd3b-b621-47bd-a41b-ae5a393e999f",,,"Ob2","主管审批","1",,"30/9/2020 07:35:33","c796a00be1da4961a2779eb52e1afc39","e8185b21c91b4be483cd1d08a6cdd87a","6",
"8f9e880c50484f7291e088d696369151","4","ea3b9f9e61584acf95d4142ad16f7883",,,"Kb2","主管审批","1",,"10/10/2020 02:04:29","4f8054653ab74c95ae93fdc247c389a4","748ad5a0baa64f2eab3fb446b41528c4","8","-1"
"9011a5c870724c20af30c605a824b097","4","43a38a12-a051-4006-be67-9547ee10eabc",,,"Kb2","主管审批","0",,"30/9/2020 06:17:07","e149cf07391843a5ac5a877016e08fa3","9465c33478f547bea3b757cf8dccfc86","8","0"
"9021f3bba1494be389125ccb9843d31d","4","67e573e0-bb73-49e0-823b-d8297b0da3f8","1","30/9/2020 06:14:24","Kb2","主管审批","1",,"30/9/2020 06:03:47","7b067c125ca3476ca9bf866e8aae9e36","5d82568eddc6423684257ecbf46386a9","8","0"
"917ccf6b9b8e46aea06a204a0706bb8c","4","cb222cae-d8dd-4577-9c6f-4eeabeccb66a","1","10/10/2020 01:20:42","Kb2","主管审批","1",,"10/10/2020 00:59:21","0b502428ea7044c8992e72aa967b39e4","01298ced00a344ffb92b0edf4045a883","8","0"
"922901f489864875ad325ca12b097e2d","1","admin","1","23/3/2021 09:26:18","Wb2","主管审批","1",,"23/3/2021 09:25:25","6043c06ca4d343d0bf328511308aa6a3","7b055d9c2c14487db37d56352027fb85","1","0"
"940c1290cdd940dbb5c69c387d37d92b","2","7e2d74f1-277a-4a51-9311-8d02d579f251",,,"hb2","主管审批","0",,"27/9/2020 02:17:52","0dbf1c4194f64fcc8d1c82379f98a803","7bed3546f71b46b69a3962c7f41dd846","2","0"
"955fa968cd054ac1947b6b9a33f09175","4","dacf5db5-2cca-4fe9-aa62-11ee82f846cf","1","29/9/2020 01:33:32","Kb2","主管审批","1",,"25/9/2020 08:36:30","5455f4ad12f44611a484dc6f4672a769","de068d67992e4c509d8676130660da10","6","0"
"963a28b15e2346d3a05f6dd95feb3006","4","e3bccece-4c8f-49c3-86fb-feb9ba143726",,,"Qb2","审批人","0",,"10/10/2020 09:00:29","fef8a613238e4e68a20896fc626a6d65","5a9650ae93dc481e80de56362c0d50a5","6","0"
"96b53bc723d54211b769e40fd44b9dcd","4","721acd3b-b621-47bd-a41b-ae5a393e999f",,,"Kb2","主管审批","0",,"30/9/2020 06:37:08","d39feaab30c14bb59a37fa7cfe93cf05","a77609ed3ee54dcdbb28d3309fd52096","8",
"9878e922f15f4490a791d6e0a4f9a8d3","4","67e573e0-bb73-49e0-823b-d8297b0da3f8",,,"Sb2","主管审批","0",,"29/9/2020 08:14:18","648addc72a7d4c07b8cb69705ec2b645","91cefc2b8eb14e369dbb5ca17a492d96","8",
"98b17ada97644bcfaa0c712f083c1d2a","1","1d230af0-7054-43e0-bcd0-60144d3ed1d1",,,"yb2","主管审批","0",,"29/9/2020 03:16:03","5df2d51182af48fdbabc11306b4c19ba","9019848260fc454fa1aca6a7fd6fd9cf","1","0"
"98d21f8ca1444e64871c1002e9143a99","4","43a38a12-a051-4006-be67-9547ee10eabc",,,"Ob2","主管审批","1",,"30/9/2020 06:55:50","9170b1f564a149d5ba35c79cc57ffd8c","81e3457104694b669bdb2e084b3e9704","6","0"
"998e58c329734a1bbf9178796ba45c6a","4","d3fe7934a6cf4a7d92137862aa8c94ab",,,"Mb2","主管审批","0",,"30/9/2020 06:54:18","ad6395d4b39441538b207871d2e6662a","d6fe472640454d7f93862ee5d2c99cde","8",
"9bcd783f44334947b7039a384c2484ca","1","admin",,,"Ub2","审批人","0",,"18/9/2020 09:05:21","bffdf890e5904ffdb8b4c7fa4f69a591","3e2a38728ee04964a7d7d66fe822826b","1","0"
"9bfd0c642d5a434d91195df52fbab771","4","dacf5db5-2cca-4fe9-aa62-11ee82f846cf","1","29/9/2020 05:49:12","Kb2","主管审批","1",,"29/9/2020 01:57:07","08f3d309c02d4fada17e79ca0a511d79","356b6563e15f4f8e9f6ba9929a988fd0","6","0"
"9c319424d3e54988a3528e5aae31f148","4","67e573e0-bb73-49e0-823b-d8297b0da3f8","1","10/10/2020 01:49:07","Kb2","主管审批","1",,"10/10/2020 00:59:21","0b502428ea7044c8992e72aa967b39e4","01298ced00a344ffb92b0edf4045a883","8","0"
"9c4b807610064474b5caa396f3487f3c","4","43a38a12-a051-4006-be67-9547ee10eabc",,,"Ob2","主管审批","0",,"9/10/2020 02:55:36","4a7f439cf4d245c494b62bd3885c4110","06f80e9053194326a66b822519acedf9","6","0"
"9c93bcb24ce148edb74ebc8d20010590","4","cb222cae-d8dd-4577-9c6f-4eeabeccb66a",,,"Ob2","主管审批","1",,"30/9/2020 07:35:33","c796a00be1da4961a2779eb52e1afc39","e8185b21c91b4be483cd1d08a6cdd87a","6",
"9dd48c5e6b0246c69d99929b1d7c6e1a","4","721acd3b-b621-47bd-a41b-ae5a393e999f",,,"Kb2","主管审批","1",,"10/10/2020 02:04:29","4f8054653ab74c95ae93fdc247c389a4","748ad5a0baa64f2eab3fb446b41528c4","8","-1"
"9e4054caff27425d8be8c94c23ecfeb4","4","1c637b38-7c7e-4733-9069-5a8f4585f6f9","1","14/10/2020 07:13:04","ib2","审批人","1",,"14/10/2020 07:12:24","6884531c775140109bdd681ebf47406e","2ded3c617a0d46fd85afd13c1ad249d6","6","0"
"9f2954ca140d43eba3a8c4853e7087fa","4","cb222cae-d8dd-4577-9c6f-4eeabeccb66a",,,"Mb2","主管审批","0",,"29/9/2020 02:22:28","07a8b0a43c3f4d008ce478b2edb53325","09618aaaeec14b008af666ed63893c24","8",
"9f956cb53201483e99f4b072d48cb922","4","1a2b0254-8862-4525-ab4f-444df590b2b8","1","15/10/2020 02:35:03","Sb2","人事审批","1",,"15/10/2020 02:33:48","7bad67a7c097435ca203f715e74eca31","b994dd2f867a4bef86b65d778d686b2e","6","0"
"9fc440358ac0452e91090cc5f1a67ec0","4","ea3b9f9e61584acf95d4142ad16f7883","1","10/10/2020 01:21:06","Kb2","主管审批","1",,"10/10/2020 00:59:21","0b502428ea7044c8992e72aa967b39e4","01298ced00a344ffb92b0edf4045a883","8","0"
"a18c0300f4f149d39685f9364b8b84a3","4","ec63d618f8b643428b27f18336f73f4b",,,"kb2","多人审批","0",,"29/9/2020 03:15:11","8760b9b9d58044a59fc142fc987c85a6","49bd801c232e470cb915dd0be974008e","8","0"
"a1d3b77915a7454e85e945ca91784323","4","03d159a3-0f88-424c-a24f-02f63855fe4f",,,"Mb2","主管审批","0",,"29/9/2020 02:22:28","07a8b0a43c3f4d008ce478b2edb53325","09618aaaeec14b008af666ed63893c24","8","0"
"a23f4fc9963842b28aa4ddbc572e6413","4","249cf67d-fd9d-42da-8c2f-0481a7113446",,,"kb2","多人审批","0",,"29/9/2020 01:57:40","e61e5c3fcdae4548862836a30d93a54e","99bfea1fb25e4066997f62fc018b9189","8","0"
"a25ca1954fbb447ebc5082e87ba02759","4","67e573e0-bb73-49e0-823b-d8297b0da3f8","0","14/10/2020 07:19:54","hb2","审批人","1",,"14/10/2020 07:18:54","24473ec525754a4bac73678776795ee6","807c7b83be114ad5bc0b60edb67152b8","8","-1"
"a345bc6ea4f74ed9a59a053abdade848","4","67e573e0-bb73-49e0-823b-d8297b0da3f8",,,"Kb2","主管审批","1",,"10/10/2020 02:04:29","4f8054653ab74c95ae93fdc247c389a4","748ad5a0baa64f2eab3fb446b41528c4","8","-1"
"a57859a1c9034ee08eed7ffb1879bcfd","7","048657c1-ecb1-4e5d-aced-6126ceae779e","1","15/10/2020 11:29:38","Kb2","审批人","1",,"15/10/2020 11:28:31","59f4e57e155d4fa29837b2ac1a2aecd5","e552efa9e8d74cf698936451d70cdd65","7","0"
"a60929cd8255412887324519e5862bdd","1","1d230af0-7054-43e0-bcd0-60144d3ed1d1",,,"wb2","主管审批","0",,"29/9/2020 03:03:30","186490cd2b3c4b1f9c08e25826635400","7b44b918349547828880af33fa664beb","1","0"
"a65bb8493d46485798d1be99a7fb36c8","1","admin","1","14/10/2020 07:34:55","Kb2","审批人","1",,"14/10/2020 07:31:45","08f350a4362c44fe9bad447a474f5c94","029813f3105a444b95fde64f9994c431","1","0"
"a6fa26d015154389a550d744734545e3","4","cb222cae-d8dd-4577-9c6f-4eeabeccb66a",,,"Kb2","主管审批","0",,"30/9/2020 06:37:08","d39feaab30c14bb59a37fa7cfe93cf05","a77609ed3ee54dcdbb28d3309fd52096","8",
"a71ea4334f5c4b2486bef7afda7e6294","2","7e2d74f1-277a-4a51-9311-8d02d579f251","1","14/10/2020 06:57:56","Xb2","审批人","1",,"14/10/2020 06:53:59","4f29ffea84c04f8caf9afb7bf2c10cc2","f1179eb113874a7aa8b2936720123883","2","0"
"a73abe8ad22b45d29632d72ac49964c8","4","7e2d74f1-277a-4a51-9311-8d02d579f251","1","29/9/2020 08:07:49","Sb2","主管审批","1",,"29/9/2020 03:18:39","1048866d3e89467da148636976677216","e8b752815512405394c9735f4fa0ca98","8","0"
"a88201f6657443aeaae3bff9108603b7","4","67e573e0-bb73-49e0-823b-d8297b0da3f8","1","30/9/2020 08:34:43","Kb2","主管审批","1",,"30/9/2020 08:07:46","c443a970038a423c83a44d8ce3ba9723","10950ad33f5c42d0a786b6e717f9f2be","8","0"
"a90f958cb44743bab93f92424aef14e4","3","admin",,,"1O2nQG","审批节点","0",,"23/3/2021 09:26:05","b5eaae52632c49c681309df1994bf58d","a893eeb0aefe40d5bda50f6174630db0","3","0"
"a91e2cb87c8f4d11a0ec1e52d7e3ee93","4","1c637b38-7c7e-4733-9069-5a8f4585f6f9",,,"Kb2","主管审批","1",,"29/9/2020 01:57:07","08f3d309c02d4fada17e79ca0a511d79","356b6563e15f4f8e9f6ba9929a988fd0","6",
"a95433c8733a48aaaebf2749bc46d663","4","43a38a12-a051-4006-be67-9547ee10eabc",,,"Kb2","主管审批","0",,"9/10/2020 02:49:40","be0b6d2391b4454f82c085315c5371fc","555768e1ecda4c0d964066bf9a6ff572","8","0"
"a9dd71392fec4748909f0f88f9bb2b46","1","1d230af0-7054-43e0-bcd0-60144d3ed1d1",,,"Hc2","主管审批","0",,"29/9/2020 03:17:00","645ffcd44d164ce5b01c94c360eac0a6","e58ab9cb0d46457a9dd463c20b4c433a","1","0"
"a9dfa471712d47fea586d29185df1790","4","1c637b38-7c7e-4733-9069-5a8f4585f6f9",,,"Kb2","主管审批","0",,"30/9/2020 06:37:08","d39feaab30c14bb59a37fa7cfe93cf05","a77609ed3ee54dcdbb28d3309fd52096","8","0"
"aa059bb9f7424be8b9ff45a78c546aba","4","16aa09b1-e264-45b7-9085-5cdadad05f65","1","10/10/2020 01:11:29","Kb2","主管审批","1",,"10/10/2020 00:59:21","0b502428ea7044c8992e72aa967b39e4","01298ced00a344ffb92b0edf4045a883","8","0"
"aab171bd5b34495a84d84d59297b7f87","1","admin","1","29/9/2020 01:25:50","Ub2","审批人","1",,"27/9/2020 02:26:49","7c1744fe347b474d979546baa098e198","ab67329172da42fc8e4e1ddacad00ceb","1","-1"
"aaf54f43dce54ec2a6b998c743e405b7","4","721acd3b-b621-47bd-a41b-ae5a393e999f","1","14/10/2020 07:18:54","bb2","审批人","1",,"14/10/2020 07:18:21","2e4aea5c09a140ada5f67f79b7076acc","807c7b83be114ad5bc0b60edb67152b8","6","-1"
"aba9b0b88c7e48a7a2701e2aa88802f4","4","a241fbb08a494e0492ddacd9ff42be7f",,,"Ob2","主管审批","1",,"30/9/2020 07:32:43","9f4b3484c50044de966ed17758cca2d6","e8185b21c91b4be483cd1d08a6cdd87a","6","-1"
"ac686c07405241c0b222ba2cdfcfeb36","4","67e573e0-bb73-49e0-823b-d8297b0da3f8",,,"Kb2","主管审批","0",,"9/10/2020 02:49:40","be0b6d2391b4454f82c085315c5371fc","555768e1ecda4c0d964066bf9a6ff572","8","0"
"ac7b6eef8a69473eb636e899bcb16f86","4","ea3b9f9e61584acf95d4142ad16f7883",,,"Kb2","主管审批","0",,"30/9/2020 08:47:23","63c107c5fa4b40f9aab159fd5f288456","0070d6b242ff48e497cbe337bf1da9ad","8","0"
"ac88d8c3384c4b669d1b95af472a8dae","2","7e2d74f1-277a-4a51-9311-8d02d579f251",,,"Kb2","审批人","0",,"14/10/2020 06:01:08","8412c0e74fef47be96dcd624627a4c7b","8ea14497b0dd455f8e07b68935253ef8","2","0"
"ad27bcf943804984a50ff7a046a19d22","4","721acd3b-b621-47bd-a41b-ae5a393e999f",,,"Ob2","主管审批","1",,"30/9/2020 07:31:25","c16dadaf2676477094e07b264abf8422","38191b32b4194071b74f29c3a11d03a1","6",
"ae0143f3c9d642119255979537a47e40","1","1d230af0-7054-43e0-bcd0-60144d3ed1d1",,,"1c2","主管审批","0",,"29/9/2020 03:15:50","2e481557686d437397242c2b509a0d10","199a9cdad4e24b4f91b7d955b93ad850","1","0"
"aec9de4b8ab540f8b60cd92829a29135","1","1d230af0-7054-43e0-bcd0-60144d3ed1d1",,,"ub2","主管审批","0",,"29/9/2020 03:03:51","90f59f89004f4de590c08876cd11172d","e8f17348171d419690e4cdf192319502","1","0"
"afec7e03fe2a406e90a5c24134abb08d","1","1d230af0-7054-43e0-bcd0-60144d3ed1d1",,,"Ub2","主管审批","0",,"29/9/2020 03:18:30","a85b1996413840cc9676e94c1cf0684c","2f9471178fb14a40bd06f3d56df9573d","1","0"
"b10cb95a63894ca1822b7b8c067921ba","1","1d230af0-7054-43e0-bcd0-60144d3ed1d1",,,"cb2","主管审批","0",,"29/9/2020 03:15:36","537b39fd99a34f3f8f75da3fa656646c","f5501f7f321145fa8d9e8e172b8436ac","1","0"
"b347bb33aa8946adbd79d924f4f2f991","4","67e573e0-bb73-49e0-823b-d8297b0da3f8",,,"Kb2","主管审批","1",,"25/9/2020 08:36:30","5455f4ad12f44611a484dc6f4672a769","de068d67992e4c509d8676130660da10","6",
"b4ec115a2d2c46868c3f1e1dae55d0e2","4","7e2d74f1-277a-4a51-9311-8d02d579f251","1","30/9/2020 06:12:21","Kb2","主管审批","1",,"30/9/2020 06:03:47","7b067c125ca3476ca9bf866e8aae9e36","5d82568eddc6423684257ecbf46386a9","8","0"
"b5ce921b6bb8492a84d7a038533f71a5","3","admin","1","18/9/2020 09:15:27","db2","主管审批","1",,"18/9/2020 09:06:34","990f045b53ab479181423665cd480a66","c0daa6d711c34bb286e0f742a5160e87","3","0"
"b641d8ce342d4753b39f54c3434611b7","4","05fdd3185e624d0d84f048186344d899",,,"Sb2","主管审批","0",,"29/9/2020 03:18:39","1048866d3e89467da148636976677216","e8b752815512405394c9735f4fa0ca98","8",
"b660959983d34c18bf0b5621f1072ee9","4","7e2d74f1-277a-4a51-9311-8d02d579f251",,,"Kb2","主管审批","0",,"30/9/2020 08:07:46","c443a970038a423c83a44d8ce3ba9723","10950ad33f5c42d0a786b6e717f9f2be","8","0"
"ba149f87965c4529a9a72fde71257d5d","4","cb222cae-d8dd-4577-9c6f-4eeabeccb66a",,,"Ob2","主管审批","0",,"9/10/2020 02:55:36","4a7f439cf4d245c494b62bd3885c4110","06f80e9053194326a66b822519acedf9","6","0"
"ba7c2e5eb83a43f9950b039f2b9d79b0","2","17BEBDCB-248D-4668-B6CD-BF22A446BBD4",,,"Xb2","审批人","0",,"15/10/2020 01:28:47","300ecca3ce734ed283a6f22b3afcaf5f","2656aa0e01184ddeba15163958adba3d","2","0"
"bb225495a5d74c93b69faa10747582e4","2","7e2d74f1-277a-4a51-9311-8d02d579f251","1","15/10/2020 01:25:45","Xb2","审批人","1",,"14/10/2020 07:29:19","300ecca3ce734ed283a6f22b3afcaf5f","2656aa0e01184ddeba15163958adba3d","2","0"
"bc01b78e2d294c2f9243db6444931d87","4","2049f1bf-bd8d-43ca-bb3c-2d2833a16535","0","29/9/2020 06:55:58","bb2","审批人","1",,"29/9/2020 06:55:36","59ab30c443e84c99be31bd8f0141393d","c9cb1c2cba8045ea87dbded4b753a0c1","8","-1"
"bca43bca781648058b5d4db757d82f21","4","43a38a12-a051-4006-be67-9547ee10eabc",,,"Kb2","主管审批","0",,"30/9/2020 08:47:23","63c107c5fa4b40f9aab159fd5f288456","0070d6b242ff48e497cbe337bf1da9ad","8","0"
"bd465c2ece76455cb214b3fb73509fbb","4","ec63d618f8b643428b27f18336f73f4b",,,"Mb2","主管审批","0",,"30/9/2020 06:54:18","ad6395d4b39441538b207871d2e6662a","d6fe472640454d7f93862ee5d2c99cde","8","0"
"bf3ae1fc832a4ce4a7b5ba0fb4dec2f7","4","cb222cae-d8dd-4577-9c6f-4eeabeccb66a",,,"Ob2","主管审批","1",,"30/9/2020 07:34:41","604b8aaf0eaa4ea8b3205eacbb5e67c3","e8185b21c91b4be483cd1d08a6cdd87a","6","-1"
"bf9e0585c05b4daaa7c9fc5a8755767c","4","a241fbb08a494e0492ddacd9ff42be7f",,,"Ob2","主管审批","1",,"30/9/2020 07:31:25","c16dadaf2676477094e07b264abf8422","38191b32b4194071b74f29c3a11d03a1","6",
"bfa74ac444cf4283a61c02b63d760671","4","a241fbb08a494e0492ddacd9ff42be7f",,,"Ob2","主管审批","1",,"30/9/2020 07:34:41","604b8aaf0eaa4ea8b3205eacbb5e67c3","e8185b21c91b4be483cd1d08a6cdd87a","6","-1"
"c0a09d8b2e3246619dbf168c67f5b311","4","a241fbb08a494e0492ddacd9ff42be7f",,,"Ob2","主管审批","1",,"30/9/2020 07:35:33","c796a00be1da4961a2779eb52e1afc39","e8185b21c91b4be483cd1d08a6cdd87a","6",
"c0a4364672404a1595ee25f4d7171348","4","cb222cae-d8dd-4577-9c6f-4eeabeccb66a",,,"Ob2","主管审批","1",,"30/9/2020 07:31:25","c16dadaf2676477094e07b264abf8422","38191b32b4194071b74f29c3a11d03a1","6",
"c120bb10ecb94458b94d4b8e7ed70edc","4","16aa09b1-e264-45b7-9085-5cdadad05f65",,,"Kb2","主管审批","0",,"30/9/2020 08:47:23","63c107c5fa4b40f9aab159fd5f288456","0070d6b242ff48e497cbe337bf1da9ad","8",
"c360dcc8cce044ef9ba71bc3e7d8ac78","4","43a38a12-a051-4006-be67-9547ee10eabc",,,"Ob2","主管审批","1",,"30/9/2020 07:31:25","c16dadaf2676477094e07b264abf8422","38191b32b4194071b74f29c3a11d03a1","6","0"
"c371bac5cb8c4e10a9af23c0a68d1c07","4","3da3017f-46a9-4bdc-ab00-8b155735679c",,,"bb2","审批人","1",,"29/9/2020 06:55:36","59ab30c443e84c99be31bd8f0141393d","c9cb1c2cba8045ea87dbded4b753a0c1","8","-1"
"c39fc6ab49a34e2b949bc742441ff45f","1","1d230af0-7054-43e0-bcd0-60144d3ed1d1",,,"Wb2","主管审批","0",,"29/9/2020 03:18:12","cc99974afb854269bcb59d11ce4efe24","9b10fa17f6724d0fad4648a852d7f858","1","0"
"c4b69e8b0f0149b0ad5ad4a3eef55b25","4","d3fe7934a6cf4a7d92137862aa8c94ab",,,"Kb2","主管审批","0",,"30/9/2020 06:37:08","d39feaab30c14bb59a37fa7cfe93cf05","a77609ed3ee54dcdbb28d3309fd52096","8",
"c5a6ce6a3baa4e9890d377c5cfa74316","4","67e573e0-bb73-49e0-823b-d8297b0da3f8",,,"Zb2","审批人","1",,"29/9/2020 01:31:39","624bd955a97349f9877407f2b09fde9a","c1986704d28e4d64beefd912323291a6","6","0"
"c5ea4493638443e6840707856a115b8a","7","14601962-ddc6-4e00-9524-8c332753ee96",,,"kb2","审批人","0",,"10/10/2020 09:45:16","d0bd641d09d4441d885b192ce01fb219","4e8819220f8b4762bfd733624bf5698e","7","0"
"c61e29a87d5d432abeda1f9d4e6b591e","1","1d230af0-7054-43e0-bcd0-60144d3ed1d1",,,"sb2","主管审批","0",,"29/9/2020 03:08:27","5f1de9724a424c609fc032c28c4beb72","d64fd9021d1d4ed9b4a606f34a2373de","1","0"
"c6249e0eec404755a122e2cc2c17e023","4","0602f0ce-e33e-43e1-83e5-402a8d05bfb5",,,"Ob2","主管审批","1",,"30/9/2020 07:31:25","c16dadaf2676477094e07b264abf8422","38191b32b4194071b74f29c3a11d03a1","6",
"c673e3a3bac646919476cd046c44e306","4","0602f0ce-e33e-43e1-83e5-402a8d05bfb5",,,"Kb2","主管审批","0",,"9/10/2020 02:49:40","be0b6d2391b4454f82c085315c5371fc","555768e1ecda4c0d964066bf9a6ff572","8","0"
"c795e646f8ac48d181abd44b3e110cf7","2",,,,"Xb2","审批人","0",,"15/10/2020 01:30:26","b87cf3c657cb4be59bcfc9f5592f5342","086b8d9b303249ff90e9b5a70b5a3715","2","0"
"ca22f87da2334ebd8995a34b81c8bcc8","4","ea3b9f9e61584acf95d4142ad16f7883",,,"Kb2","主管审批","0",,"9/10/2020 02:49:40","be0b6d2391b4454f82c085315c5371fc","555768e1ecda4c0d964066bf9a6ff572","8","0"
"cbe8d8fae37c4833be839756377db052","4","43a38a12-a051-4006-be67-9547ee10eabc",,,"Zb2","审批人","1",,"29/9/2020 01:31:39","624bd955a97349f9877407f2b09fde9a","c1986704d28e4d64beefd912323291a6","6","0"
"cbefee3c8dc8410e93ff253dc51c8018","4","16aa09b1-e264-45b7-9085-5cdadad05f65",,,"Ob2","主管审批","1",,"30/9/2020 07:34:41","604b8aaf0eaa4ea8b3205eacbb5e67c3","e8185b21c91b4be483cd1d08a6cdd87a","6","-1"
"cc3ae277bdc84ddfa21ad8d9c83a83b9","4","0602f0ce-e33e-43e1-83e5-402a8d05bfb5",,,"Ob2","主管审批","1",,"30/9/2020 06:55:50","9170b1f564a149d5ba35c79cc57ffd8c","81e3457104694b669bdb2e084b3e9704","6",
"cc4f380a0180444097e1d961a493a631","1","admin","1","29/9/2020 07:15:22","Ub2","审批人","1",,"29/9/2020 01:31:19","d9de0e3761354ca9af26551b17c0ed08","ab67329172da42fc8e4e1ddacad00ceb","1","-1"
"ccba410ba6e44e638cfb6628c3dde2c7","1","1d230af0-7054-43e0-bcd0-60144d3ed1d1",,,"Yb2","主管审批","0",,"29/9/2020 03:17:57","7bb872bf5bee43e18ba7b7e9a10ae2f4","c32aa6bd54ae4603bcb45de83d8d46c2","1","0"
"cd95b8ec32bd47e98936e07fcbf70fe9","1","admin",,,"Kb2","审批人","0",,"12/10/2020 10:01:45","e8757d9eef7f4c1785e264509a9cc247","3cd1c966a4f9422bad61f03ebe407009","1","0"
"ce345ea4e5004f5798e2a7217d40b1e5","4","43a38a12-a051-4006-be67-9547ee10eabc",,,"Sb2","主管审批","0",,"29/9/2020 03:18:39","1048866d3e89467da148636976677216","e8b752815512405394c9735f4fa0ca98","8","0"
"cef64f3b6b514a70bce33a25c9e131de","4","ea3b9f9e61584acf95d4142ad16f7883",,,"Kb2","主管审批","0",,"30/9/2020 06:37:08","d39feaab30c14bb59a37fa7cfe93cf05","a77609ed3ee54dcdbb28d3309fd52096","8","0"
"cf1238d22e2a429a9598e40d68279893","4","67e573e0-bb73-49e0-823b-d8297b0da3f8",,,"Kb2","主管审批","0",,"30/9/2020 06:17:07","e149cf07391843a5ac5a877016e08fa3","9465c33478f547bea3b757cf8dccfc86","8","0"
"cfd3050e968a4738a2a2652f3e79d4cb","4","16aa09b1-e264-45b7-9085-5cdadad05f65","0","10/10/2020 02:05:42","Kb2","主管审批","1",,"10/10/2020 02:04:29","4f8054653ab74c95ae93fdc247c389a4","748ad5a0baa64f2eab3fb446b41528c4","8","-1"
"d037411d39af4f868b704fd652b1fb7e","1","1d230af0-7054-43e0-bcd0-60144d3ed1d1",,,"Ub2","审批人","0",,"29/9/2020 06:57:13","de1a60c66cf740dea1a8ea5d465fc863","c9cb1c2cba8045ea87dbded4b753a0c1","1","0"
"d339c445173c42288e7a645307791186","4","03d159a3-0f88-424c-a24f-02f63855fe4f",,,"kb2","多人审批","0",,"29/9/2020 01:57:40","e61e5c3fcdae4548862836a30d93a54e","99bfea1fb25e4066997f62fc018b9189","8","0"
"d35c14346991433b97b607963c33e727","4","67e573e0-bb73-49e0-823b-d8297b0da3f8",,,"Kb2","主管审批","0",,"30/9/2020 08:47:23","63c107c5fa4b40f9aab159fd5f288456","0070d6b242ff48e497cbe337bf1da9ad","8","0"
"d4ab6a5bb65e4365b4c7019e109b80f8","4","05fdd3185e624d0d84f048186344d899",,,"Kb2","主管审批","1",,"25/9/2020 08:36:30","5455f4ad12f44611a484dc6f4672a769","de068d67992e4c509d8676130660da10","6",
"d6cac5ac6fe54c92bfafe29b70e4f06b","3","admin",,,"db2","主管审批","0",,"18/9/2020 09:18:31","481608e6b4ce402b85a6a2a3ccc85ea0","94de527626994e83a82c9806c5cded37","3","0"
"d7109a9d41c04defacb3dba52ea94ad7","4","ea3b9f9e61584acf95d4142ad16f7883",,,"Zb2","审批人","1",,"29/9/2020 01:25:50","9eaa4dd7642645528ac590e7255db587","ab67329172da42fc8e4e1ddacad00ceb","6","-1"
"d7734c1e8c9f4931be7cb3d19066b989","4","1c637b38-7c7e-4733-9069-5a8f4585f6f9",,,"Kb2","主管审批","1",,"10/10/2020 02:04:29","4f8054653ab74c95ae93fdc247c389a4","748ad5a0baa64f2eab3fb446b41528c4","8","-1"
"d8010a9323e34c1f8286789e6a080c6c","2","7e2d74f1-277a-4a51-9311-8d02d579f251",,,"Kb2","审批人","0",,"14/10/2020 06:45:27","e8035dec65b347ccaad2faab0a23b62c","2a6b71798ff74e5a96d227aa399a8673","2","0"
"d8625fb7a2e74bf49f731ee28ce08c28","4","bd2e16c2680e410bb735a85027575e4f",,,"Mb2","主管审批","0",,"30/9/2020 06:54:18","ad6395d4b39441538b207871d2e6662a","d6fe472640454d7f93862ee5d2c99cde","8",
"d9098e54d6594bdb95ccbaac8e576689","4","721acd3b-b621-47bd-a41b-ae5a393e999f","0","14/10/2020 07:28:05","bb2","审批人","1",,"14/10/2020 07:26:54","543e925afeb9494b9a77a7dd92117219","807c7b83be114ad5bc0b60edb67152b8","6","0"
"da27265869bf449a9f4214cfa2bd3e59","4","7e2d74f1-277a-4a51-9311-8d02d579f251",,,"kb2","多人审批","0",,"29/9/2020 01:57:40","e61e5c3fcdae4548862836a30d93a54e","99bfea1fb25e4066997f62fc018b9189","8",
"db25e54b87054d3482ea4fa81341097a","4","1c637b38-7c7e-4733-9069-5a8f4585f6f9","1","30/9/2020 06:56:34","Ob2","主管审批","1",,"30/9/2020 06:55:50","9170b1f564a149d5ba35c79cc57ffd8c","81e3457104694b669bdb2e084b3e9704","6","0"
"dc6fba41fdbd4e23b53e40fffe699887","1","1d230af0-7054-43e0-bcd0-60144d3ed1d1",,,"Dc2","主管审批","0",,"29/9/2020 03:17:17","e66b7d5f637e44b581bf6234e46a501c","e0752acf99104481b197b2f40179ddd8","1","0"
"dcb4771ec52844caacb1151fb527c09b","4","721acd3b-b621-47bd-a41b-ae5a393e999f",,,"Kb2","主管审批","1",,"10/10/2020 01:52:01","04af6eb60daa4084a1d3f2a0decb4dd8","748ad5a0baa64f2eab3fb446b41528c4","8","-1"
"ddac72e80e564325a24bdb90c24ee0ec","4","cb222cae-d8dd-4577-9c6f-4eeabeccb66a",,,"Kb2","主管审批","0",,"30/9/2020 08:47:23","63c107c5fa4b40f9aab159fd5f288456","0070d6b242ff48e497cbe337bf1da9ad","8",
"df15055bf6534da89c475f4aba807189","1","1d230af0-7054-43e0-bcd0-60144d3ed1d1",,,"eb2","主管审批","0",,"29/9/2020 03:15:27","701a0ad666934cab87298d5596c8d223","570c141ece4546cfae5f87ba63cfc6b6","1","0"
"e0324894594c4af2b646cf8762010651","4","1c637b38-7c7e-4733-9069-5a8f4585f6f9","1","30/9/2020 06:13:21","Kb2","主管审批","1",,"30/9/2020 06:03:47","7b067c125ca3476ca9bf866e8aae9e36","5d82568eddc6423684257ecbf46386a9","8","0"
"e0a7954e9ca94aec80f984b8ca1b19fa","4","67e573e0-bb73-49e0-823b-d8297b0da3f8",,,"Ob2","主管审批","1",,"30/9/2020 07:35:33","c796a00be1da4961a2779eb52e1afc39","e8185b21c91b4be483cd1d08a6cdd87a","6","0"
"e163946deb96494297d2cf5f08f9283e","4","43a38a12-a051-4006-be67-9547ee10eabc","1","30/9/2020 08:08:15","Kb2","主管审批","1",,"30/9/2020 08:07:46","c443a970038a423c83a44d8ce3ba9723","10950ad33f5c42d0a786b6e717f9f2be","8","0"
"e28bd7b7a5fd4f099254bf6390d3a42b","4","16aa09b1-e264-45b7-9085-5cdadad05f65",,,"Mb2","主管审批","0",,"30/9/2020 06:54:18","ad6395d4b39441538b207871d2e6662a","d6fe472640454d7f93862ee5d2c99cde","8",
"e37ae5ce01024a8da0aea3257ffed642","4","1c637b38-7c7e-4733-9069-5a8f4585f6f9","0","30/9/2020 07:34:24","Ob2","主管审批","1",,"30/9/2020 07:32:43","9f4b3484c50044de966ed17758cca2d6","e8185b21c91b4be483cd1d08a6cdd87a","6","-1"
"e4b3e162ef4640f683bf531deb53abe8","2","7e2d74f1-277a-4a51-9311-8d02d579f251",,,"Kb2","审批人","0",,"14/10/2020 06:56:06","ccde4f29c92243b997b7a61adb36039c","a2f3562c9de7400fb951243781656ed2","2","0"
"e4fe94f851cb4d98b4771e0187e031cf","4","67e573e0-bb73-49e0-823b-d8297b0da3f8",,,"Ob2","主管审批","1",,"30/9/2020 06:55:50","9170b1f564a149d5ba35c79cc57ffd8c","81e3457104694b669bdb2e084b3e9704","6","0"
"e54655e6d60a4310a3a37917f9819790","4","03d159a3-0f88-424c-a24f-02f63855fe4f",,,"Mb2","主管审批","0",,"30/9/2020 06:54:18","ad6395d4b39441538b207871d2e6662a","d6fe472640454d7f93862ee5d2c99cde","8","0"
"e61b538c62504125acc0c5d5b270e523","4","1c637b38-7c7e-4733-9069-5a8f4585f6f9",,,"Kb2","主管审批","0",,"30/9/2020 08:07:46","c443a970038a423c83a44d8ce3ba9723","10950ad33f5c42d0a786b6e717f9f2be","8","0"
"e62d4bd774c345a78f98f5754d2c3d85","4","ea3b9f9e61584acf95d4142ad16f7883",,,"Zb2","审批人","1",,"29/9/2020 01:31:39","624bd955a97349f9877407f2b09fde9a","c1986704d28e4d64beefd912323291a6","6","0"
"e722a95348884de894c5469cf9f4b001","4","0602f0ce-e33e-43e1-83e5-402a8d05bfb5",,,"Kb2","主管审批","0",,"30/9/2020 06:17:07","e149cf07391843a5ac5a877016e08fa3","9465c33478f547bea3b757cf8dccfc86","8",
"e8f08787983e4f9eb743ba8e7eb4317c","3","admin","0","19/9/2020 03:55:21","db2","主管审批","1",,"18/9/2020 09:31:52","ecfc996d0bfe4fb8a9fd7e067d00f69c","75000ae0555447d68dedc6ef9758a2cb","3","-1"
"e971352ec10d4586abee00142a957704","4","1c637b38-7c7e-4733-9069-5a8f4585f6f9","1","10/10/2020 01:46:12","Kb2","主管审批","1",,"10/10/2020 00:59:21","0b502428ea7044c8992e72aa967b39e4","01298ced00a344ffb92b0edf4045a883","8","0"
"ea447ea8d62944ff9db6cafb18e6b8da","4","0db19241-2688-40e1-a873-4d30de4aea30",,,"Mb2","主管审批","0",,"29/9/2020 02:22:28","07a8b0a43c3f4d008ce478b2edb53325","09618aaaeec14b008af666ed63893c24","8",
"ea44b3c3b3234d7b86bd20f227917b78","4","0fb772a4-9229-417d-bd25-f112ab12b754",,,"Ob2","主管审批","1",,"30/9/2020 06:55:50","9170b1f564a149d5ba35c79cc57ffd8c","81e3457104694b669bdb2e084b3e9704","6",
"eb8127393de14589b09ac3465f5d8c1e","3","admin","0","14/10/2020 07:35:56","Kb2","审批人","1",,"14/10/2020 07:35:38","e4bfe55f21344a3f94683f1cb8241e3b","31a6b59ed8944a61b0213200565421b5","3","-1"
"ec443e76d77b4905b0825009c6342cdd","4","67e573e0-bb73-49e0-823b-d8297b0da3f8",,,"Zb2","审批人","1",,"29/9/2020 01:25:50","9eaa4dd7642645528ac590e7255db587","ab67329172da42fc8e4e1ddacad00ceb","6","-1"
"ed62442a0f154611b946a1d6a5c7ef8c","4","43a38a12-a051-4006-be67-9547ee10eabc",,,"Zb2","审批人","1",,"29/9/2020 01:25:50","9eaa4dd7642645528ac590e7255db587","ab67329172da42fc8e4e1ddacad00ceb","6","-1"
"edac02519f994c8dbd0cc925e37149c6","4","721acd3b-b621-47bd-a41b-ae5a393e999f","1","10/10/2020 01:12:12","Kb2","主管审批","1",,"10/10/2020 00:59:21","0b502428ea7044c8992e72aa967b39e4","01298ced00a344ffb92b0edf4045a883","8","0"
"ee30c6899ada429186b8118f251e49fa","1","1d230af0-7054-43e0-bcd0-60144d3ed1d1",,,"Sb2","主管审批","0",,"29/9/2020 03:18:46","22d78dc255824a7fb96bd9e08f4040d8","f2d40ae579fd42508ffcbccea06be072","1","0"
"ef942703cbe349c8996bdcdbf1baaf41","4","16aa09b1-e264-45b7-9085-5cdadad05f65",,,"Ob2","主管审批","1",,"30/9/2020 07:32:43","9f4b3484c50044de966ed17758cca2d6","e8185b21c91b4be483cd1d08a6cdd87a","6","-1"
"efefffcebdd8458191f571895617cb20","4","43a38a12-a051-4006-be67-9547ee10eabc",,,"kb2","多人审批","0",,"29/9/2020 01:57:40","e61e5c3fcdae4548862836a30d93a54e","99bfea1fb25e4066997f62fc018b9189","8",
"f18db255db224486b937811b11e92af8","4","43a38a12-a051-4006-be67-9547ee10eabc",,,"Kb2","主管审批","0",,"30/9/2020 06:37:08","d39feaab30c14bb59a37fa7cfe93cf05","a77609ed3ee54dcdbb28d3309fd52096","8","0"
"f2f8859f55474059be9f5a799c0637d1","1","1d230af0-7054-43e0-bcd0-60144d3ed1d1",,,"Sb2","主管审批","0",,"29/9/2020 03:14:45","a844fd601731402ba56cf69785492440","a31e881f1db145dcb2d920da0c99be05","1","0"
"f33b22fd81604b3bb4c5a4f1e993b597","4","1c637b38-7c7e-4733-9069-5a8f4585f6f9",,,"Sb2","主管审批","0",,"29/9/2020 08:14:18","648addc72a7d4c07b8cb69705ec2b645","91cefc2b8eb14e369dbb5ca17a492d96","8",
"f38fe892332d43fe8d9eb696e1802fce","4","43a38a12-a051-4006-be67-9547ee10eabc","1","30/9/2020 06:13:46","Kb2","主管审批","1",,"30/9/2020 06:03:47","7b067c125ca3476ca9bf866e8aae9e36","5d82568eddc6423684257ecbf46386a9","8","0"
"f3ca895917224d1597ab1f71c67d830f","4","8a079ce3faaa425e9fb20fe17674bd2c",,,"Mb2","主管审批","0",,"29/9/2020 02:22:28","07a8b0a43c3f4d008ce478b2edb53325","09618aaaeec14b008af666ed63893c24","8",
"f74db878d8564c20a81395e6f5cdf095","4","16aa09b1-e264-45b7-9085-5cdadad05f65",,,"Kb2","主管审批","0",,"9/10/2020 02:49:40","be0b6d2391b4454f82c085315c5371fc","555768e1ecda4c0d964066bf9a6ff572","8","0"
"f7f41bed50cd43768e276e6670896b27","4","ea3b9f9e61584acf95d4142ad16f7883","1","30/9/2020 06:12:50","Kb2","主管审批","1",,"30/9/2020 06:03:47","7b067c125ca3476ca9bf866e8aae9e36","5d82568eddc6423684257ecbf46386a9","8","0"
"fa7c2e66b9434736a2c9d7b24ffaa76b","4","1c637b38-7c7e-4733-9069-5a8f4585f6f9","0","29/9/2020 07:20:51","Zb2","审批人","1",,"29/9/2020 07:15:22","ab14042b120f443490a84ee3c27f1b92","ab67329172da42fc8e4e1ddacad00ceb","6","-1"
"fbbc07c0a4b444d684cf1f01cead3ba1","4","2ab1ce27-0903-4e09-8a40-a1b0f1e8066c",,,"Kb2","主管审批","1",,"29/9/2020 01:57:07","08f3d309c02d4fada17e79ca0a511d79","356b6563e15f4f8e9f6ba9929a988fd0","6",
"fc444db6185f446c83313cda467661b0","4","67e573e0-bb73-49e0-823b-d8297b0da3f8",,,"Ob2","主管审批","0",,"9/10/2020 02:55:36","4a7f439cf4d245c494b62bd3885c4110","06f80e9053194326a66b822519acedf9","6","0"
"fc7e37038b49446bb4d192c9e3526662","4","1c637b38-7c7e-4733-9069-5a8f4585f6f9",,,"Kb2","主管审批","0",,"30/9/2020 08:47:23","63c107c5fa4b40f9aab159fd5f288456","0070d6b242ff48e497cbe337bf1da9ad","8","0"
"fdcf18dbb6794e0d9645be6eb14f0d2d","4","b973a1bb-4e2e-411e-94ea-77c83f0127d3",,,"Kb2","主管审批","1",,"29/9/2020 01:57:07","08f3d309c02d4fada17e79ca0a511d79","356b6563e15f4f8e9f6ba9929a988fd0","6",
"ff998e68bf6a47c2be6177c174fd18c4","4","bd2e16c2680e410bb735a85027575e4f",,,"Mb2","主管审批","0",,"29/9/2020 02:22:28","07a8b0a43c3f4d008ce478b2edb53325","09618aaaeec14b008af666ed63893c24","8",
