"F_Id","F_Account","F_NickName","F_HeadIcon","F_Gender","F_Birthday","F_MobilePhone","F_TelePhone","F_Landline","F_Email","F_Nation","F_NativePlace","F_EntryDate","F_CertificatesType","F_CertificatesNumber","F_Education","F_UrgentContacts","F_UrgentTelePhone","F_PostalAddress","F_Signature","F_Password","F_Secretkey","F_FirstLogTime","F_FirstLogIP","F_PrevLogTime","F_PrevLogIP","F_LastLogTime","F_LastLogIP","F_LogSuccessCount","F_LogErrorCount","F_ChangePasswordDate","F_Language","F_Theme","F_CommonMenu","F_IsAdministrator","F_PropertyJson","F_SortCode","F_CreatorTime","F_LastModifyTime","F_DeleteMark","F_ManagerId","F_OrganizeId","F_PositionId","F_RoleId","F_UserId","F_RealName","F_Description","F_EnabledMark","F_CreateTime","F_CreatorUserId","F_LastModifyUserId","F_DeleteTime","F_DeleteUserId","F_SyncState"
"0287e2e1e0a3427aa5bb0d1a817ef907","181008",,"207.jpg","1",,"13401200235",,,,,,,,,,,,,,"e7299c3738ddccab3a852e3d561b9277","93292a2721c044c1b751ea5210772858",,,,,,,"0","0",,,,,"0",,"171027161612017",,"10/9/2020 08:28:23",,"048657c1-ecb1-4e5d-aced-6126ceae779e","17BEBDCB-248D-4668-B6CD-BF22A446BBD4","00AD0C3B-EC8C-482C-9565-807A684A1FBB","6c3f9f53e1824ed597d4a6349fadd869","22736bf4-f2d5-4081-9fb4-ca43d6235f56","卫丹雪",,"1","15/7/2020 14:21:16",,"admin",,,"1"
"03c52193ede649ecae01fdb297303337","161010",,"103.jpg","2",,"18206656527",,,,,,,,,,,,,,"adef8b0be7bf50b252dfebe15ba3a13a","c148142978aa45b3b8f68cd1ac9c4039",,,,,,,"0","0",,,,,"0",,"171027161614763",,"10/9/2020 08:28:49",,"cb222cae-d8dd-4577-9c6f-4eeabeccb66a","EBA8E097-971B-47F7-9892-9A81F74EADE7","DFE608F4-B7DA-4E9E-9DFA-63562FEBD0E5","6c3f9f53e1824ed597d4a6349fadd869","5462251c-a8c6-4851-836b-01ec2c0e4cc6","谭尔蓉",,"1","15/7/2020 14:29:52",,"admin",,,"1"
"04acf9f1d6644b5181979dc24357be9a","151001",,"219.jpg","2",,"13802071236",,,,,,,,,,,,,,"5eda6fdacf4c8f2257efc4f2a437997d","086f59f070e1428081f5fd5b8ec2c698",,,,,,,"0","0",,,,,"0",,"171027161610890",,"10/9/2020 08:28:11",,"1d230af0-7054-43e0-bcd0-60144d3ed1d1","9A8553AC-CD51-4388-8A2E-6D7729E3884F","6EA558DE-6EE4-4BD8-A5BD-2562E9D9F426","6c3f9f53e1824ed597d4a6349fadd869","0db19241-2688-40e1-a873-4d30de4aea30","俞紫槐",,"1","15/7/2020 14:21:07",,"admin",,,"1"
"0caa43996dba413999244782902c5d7b","141014",,"202.jpg","2",,"18607427420",,,,,,,,,,,,,,"1303184343522b6fe01caab6a2559739","e0932d3f929a4dcfa267e16e49e37d09",,,,,,,"0","0",,,,,"0",,"171027161615190",,"10/9/2020 08:28:53",,"43a38a12-a051-4006-be67-9547ee10eabc","2AD2E864-A08F-4C5B-8CF6-1150AC7D56E3","C394B44D-75CF-4448-812C-6972147C9A15","6c3f9f53e1824ed597d4a6349fadd869","5c0cf791-fbf6-4d4e-a595-ecf7f0208980","宦幻柏",,"1","15/7/2020 14:29:56",,"admin",,,"1"
"14051600898b45c8877d148e756bd97b","161002",,"203.jpg","2",,"15505154793",,,,,,,,,,,,,,"51a91316577d0354c325c56c5ceb97e8","4530bf4bf7d541b398ea956e496a9163",,,,,,,"0","0",,,,,"0",,"171027161610993",,"10/9/2020 08:28:12",,"cb222cae-d8dd-4577-9c6f-4eeabeccb66a","EBA8E097-971B-47F7-9892-9A81F74EADE7","8896C28F-1309-4159-BBF2-E7A292FF34F1","6c3f9f53e1824ed597d4a6349fadd869","10d14495-0558-497a-a92c-9360d65c4488","松白曼",,"1","15/7/2020 14:21:07",,"admin",,,"1"
"1515f0186aea4205bc8e41e5b9351cbe","171004",,"207.jpg","1",,"13104474007",,,,,,,,,,,,,,"c0a32eef06df2484fedc1a912e25b5e9","e468114282f34ef39e829250182ec41b",,,,,,,"0","0",,,,,"0",,"171027161612823",,"10/9/2020 08:28:30",,"03812269-e6db-4c36-96aa-4cc81e3d11f3","28C2AB90-2513-40DA-ACBA-D962FB29CC58","9168696C-5E96-4D10-95D3-451097597C03","6c3f9f53e1824ed597d4a6349fadd869","3074194b-1d4d-432a-b2a8-1e07fa88d644","郁谷雪",,"1","15/7/2020 14:29:36",,"admin",,,"1"
"155e662650b044198ed800009b380a52","111010",,"220.jpg","2",,"18106496344",,,,,,,,,,,,,,"f7eae4718e2c032866cdbffa1a3a5926","d7dda74978cc418ea1d89310d4fdf9cf",,,,,,,"0","0",,,,,"0",,"171027161615377",,"10/9/2020 08:28:55",,"9410f640-de99-49a0-911e-bee508b47cc5","32659CD1-F452-45B5-9E26-AB72002E31D5","8803156B-661E-4074-8DD8-67B16FBFC1BA","6c3f9f53e1824ed597d4a6349fadd869","5f6e1030-b658-45d4-a228-9bdf273d0584","胥依秋",,"1","15/7/2020 14:29:57",,"admin",,,"1"
"160e63c0bbed41d3a428ab05a24359f7","121014",,"216.jpg","2",,"13305545244",,,,,,,,,,,,,,"a6367c7e7b6f0c5d99ad43fff373d003","41880e5d973542a6a266e4b5318d8e00",,,,,,,"0","0",,,,,"0",,"171027161614450",,"10/9/2020 08:28:47",,"00b0d34d-a5d6-43f7-a7d4-c8d5fbca8f8f","2F88FC7E-2CBE-4B03-8994-2E6548E3CE86","B622971A-1BA8-4F7C-9DBC-22F126B3B08A","6c3f9f53e1824ed597d4a6349fadd869","508b7b80-005b-4003-b2ad-c880417f80ec","仰飞荷",,"1","15/7/2020 14:29:51",,"admin",,,"1"
"1a0ab0d6ead747f2b5b076714a7f1b1a","101001",,"20200702_168432aa279d49398f9188ebc05e5921.png","1",,"15605204860",,,,,,,,,,,,,,"a5f413dcae8d1812d9a729fea33079a1","f8bdba09fb724204be34cfe2a164369f",,,"15/7/2020 09:30:10","127.0.0.1","15/7/2020 09:54:39","192.168.0.135","1","0","26/7/2019 15:42:40",,,,"0",,"171027161612217",,"10/9/2020 08:28:24",,"249cf67d-fd9d-42da-8c2f-0481a7113446","9E998490-40B2-45EF-A82E-E225BF2109E1","2F82A84B-9F22-4E14-8B10-BC502F2BCD26","6c3f9f53e1824ed597d4a6349fadd869","249cf67d-fd9d-42da-8c2f-0481a7113446","富乐蓉",,"1","15/7/2020 14:29:31",,"admin",,,"1"
"1a7a0dfcab4d46bdafa3ace1c1b3525f","181001",,"202.jpg","1",,"13204914516",,,,,,,,,,,,,,"4a80a31323bca60e087548739b66799c","49e985b7ba2740449109b82c20f2eb11",,,,,"29/5/2020 21:23:36","127.0.0.1","1","0","29/5/2020 21:09:19",,,,"0",,"171027161610657",,"10/9/2020 08:28:09",,"048657c1-ecb1-4e5d-aced-6126ceae779e","17BEBDCB-248D-4668-B6CD-BF22A446BBD4","145E3F83-83D5-42B2-8091-714F064BFD8E","6c3f9f53e1824ed597d4a6349fadd869","048657c1-ecb1-4e5d-aced-6126ceae779e","於友绿",,"1","15/7/2020 14:21:04",,"admin",,,"1"
"1ac59411b9ae4ecca36c0c26aa14a016","121009",,"202.jpg","2",,"13004323845",,,,,,,,,,,,,,"99d5f86f044c7e59bdfb32257b9cf216","13fb54b29e76469ba31e3943e4b03ebd",,,,,,,"0","0",,,,,"0",,"171027161613053",,"10/9/2020 08:28:32",,"00b0d34d-a5d6-43f7-a7d4-c8d5fbca8f8f","2F88FC7E-2CBE-4B03-8994-2E6548E3CE86","3100AD42-E456-4176-8C9D-5F57F9AA9006","6c3f9f53e1824ed597d4a6349fadd869","35f7c687-5ce4-4565-b442-afd837554014","干怜烟",,"1","15/7/2020 14:29:38",,"admin",,,"1"
"1ad58291d6c444c4ad74f191ee9fd729","141012",,"221.jpg","2",,"13401240285",,,,,,,,,,,,,,"978a2e008412ae702049e3ea038d23db","e261e6c45ed548ae9099264ee23b29dc",,,,,,,"0","0",,,,,"0",,"171027161613953",,"10/9/2020 08:28:42",,"43a38a12-a051-4006-be67-9547ee10eabc","2AD2E864-A08F-4C5B-8CF6-1150AC7D56E3","C394B44D-75CF-4448-812C-6972147C9A15","6c3f9f53e1824ed597d4a6349fadd869","44dacf11-e220-4f1b-af8c-db4cdaa80fd2","沈紫蓝",,"1","15/7/2020 14:29:46",,"admin",,,"1"
"21ade2b2218f4bd9bb967cef64a9690d","161003",,"213.jpg","2",,"18507046986",,,,,,,,,,,,,,"518a367265110199b8d1e01ab7c06bf3","cce37ef4d6b94541b552313bb424d3a1",,,,,,,"0","0",,,,,"0",,"171027161611243",,"10/9/2020 08:28:15",,"cb222cae-d8dd-4577-9c6f-4eeabeccb66a","EBA8E097-971B-47F7-9892-9A81F74EADE7","0B3F05A2-B9A9-4EB0-9325-FC80120CAC55","6c3f9f53e1824ed597d4a6349fadd869","16aa09b1-e264-45b7-9085-5cdadad05f65","扈水彤",,"1","15/7/2020 14:21:10",,"admin",,,"1"
"22ed5a359da74f35a408578b1f109d4b","161013",,"202.jpg","2",,"15903983453",,,,,,,,,,,,,,"55d8a08e45b98823fc63d15ed4ca79b1","0e25c032c3d04cb4a2531b0f85fdb18e",,,,,,,"0","0",,,,,"0",,"171027161615330",,"10/9/2020 08:28:55",,"cb222cae-d8dd-4577-9c6f-4eeabeccb66a","EBA8E097-971B-47F7-9892-9A81F74EADE7","632E8607-D4E6-43E2-B066-0454E166D6A4","6c3f9f53e1824ed597d4a6349fadd869","5eff22f2-8b83-45bc-ac7c-6ee558cc9b33","田书桃",,"1","15/7/2020 14:29:57",,"admin",,,"1"
"22f345ee3fb0463a92571f3542fd5f24","111007",,"208.jpg","2",,"13902401620",,,,,,,,,,,,,,"71e604ed77cf12d15e61eb4719e92474","65a3779b7f314d22aa3042bfaa2ae932",,,,,,,"0","0",,,,,"0",,"171027161614103",,"10/9/2020 08:28:43",,"9410f640-de99-49a0-911e-bee508b47cc5","32659CD1-F452-45B5-9E26-AB72002E31D5","7BA99135-A17E-4AC0-BF5E-9551429A04F2","6c3f9f53e1824ed597d4a6349fadd869","471b6e31-b160-4c17-9291-955f412f838c","殷孤兰",,"1","15/7/2020 14:29:47",,"admin",,,"1"
"2548656f706b4d9bbfa2d54c1204f0a2","171001",,"208.jpg","1",,"18206546408",,,,,,,,,,,,,,"d76067e8ebd9a9e0f7a2cc74d74401e6","31b1fcb482db4c39bea0aa429c18cea3",,,,,,,"0","0","24/7/2018 10:40:26",,,,"0",,"171027161610563",,"10/9/2020 08:28:08",,"03812269-e6db-4c36-96aa-4cc81e3d11f3","28C2AB90-2513-40DA-ACBA-D962FB29CC58","978828E1-0333-4AD5-B58F-7582F7FFAF33","6c3f9f53e1824ed597d4a6349fadd869","03812269-e6db-4c36-96aa-4cc81e3d11f3","双问旋",,"1","15/7/2020 14:21:03",,"admin",,,"1"
"26a5efac8a5e449a94cb7cfc2640c215","111006",,"201.jpg","2",,"15002812096",,,,,,,,,,,,,,"989f7b1b4b213c00be4dd5be49f16e2d","37ffde6cf91f44e2b0f874d06d3b9969",,,,,,,"0","0",,,,,"0",,"171027161613797",,"10/9/2020 08:28:40",,"9410f640-de99-49a0-911e-bee508b47cc5","32659CD1-F452-45B5-9E26-AB72002E31D5","7BA99135-A17E-4AC0-BF5E-9551429A04F2","6c3f9f53e1824ed597d4a6349fadd869","43a06c96-1f86-46ad-ba05-8834bbd10895","平秋珊",,"1","15/7/2020 14:29:45",,"admin",,,"1"
"26bc8bf17ebb47a896c75a4aca94caac","161009",,"212.jpg","2",,"15505064693",,,,,,,,,,,,,,"f58e8720fdcc055793bfbfe5661e8acc","9db3dc25b4924261a409ca7c7c12d4ae",,,,,,,"0","0",,,,,"0",,"171027161614717",,"10/9/2020 08:28:48",,"cb222cae-d8dd-4577-9c6f-4eeabeccb66a","EBA8E097-971B-47F7-9892-9A81F74EADE7","632E8607-D4E6-43E2-B066-0454E166D6A4","6c3f9f53e1824ed597d4a6349fadd869","543c5a4b-7ea0-43b0-8b9b-0c31495ab53e","储语雪",,"1","15/7/2020 14:29:51",,"admin",,,"1"
"2a1606cd4998436f93aef658b09170d8","181006",,"207.jpg","1",,"15305815559",,,,,,,,,,,,,,"f26ecec6695ea570e51c8a70a4ad9434","0b916614cb074ae9b95ebc0bfeb94608",,,,,,,"0","0",,,,,"0",,"171027161611437",,"10/9/2020 08:28:17",,"048657c1-ecb1-4e5d-aced-6126ceae779e","17BEBDCB-248D-4668-B6CD-BF22A446BBD4","1CC12935-E0B9-48AD-B47C-8989DE59D5DE","6c3f9f53e1824ed597d4a6349fadd869","1adea3ff-8a25-420b-a628-c5cb78fd51c0","武水绿",,"1","15/7/2020 14:21:11",,"admin",,,"1"
"2e8329797f1d40cc8a20a4ec6a4109ad","171003",,"213.jpg","1",,"13702011170",,,,,,,,,,,,,,"bd5ef934bcf91e20aaa0a76422d2b624","01e2811e25044028950827dea7169bf8",,,,,,,"0","0","24/7/2018 10:56:39",,,,"0",,"171027161611823",,"10/9/2020 08:28:21",,"03812269-e6db-4c36-96aa-4cc81e3d11f3","28C2AB90-2513-40DA-ACBA-D962FB29CC58","5ACF1505-9E73-48AC-A5D3-F35EA42A554F","6c3f9f53e1824ed597d4a6349fadd869","2049f1bf-bd8d-43ca-bb3c-2d2833a16535","凤代曼",,"1","15/7/2020 14:21:15",,"admin",,,"1"
"2f7d4e71361345598355b8b8177186d0","151005",,"207.jpg","2",,"15904113598",,,,,,,,,,,,,,"d656ee17f501b252b5a0b77cd79fcb8d","0f3655c6e9db40baa9c43829ffa38041",,,,,,,"0","0",,,,,"0",,"171027161612960",,"10/9/2020 08:28:31",,"1d230af0-7054-43e0-bcd0-60144d3ed1d1","9A8553AC-CD51-4388-8A2E-6D7729E3884F","D79DA555-2413-4461-A675-E9DA51218D49","6c3f9f53e1824ed597d4a6349fadd869","31c229cd-7459-4134-8f21-9a0555216a0d","万又莲",,"1","15/7/2020 14:29:37",,"admin",,,"1"
"2fe65d1c0ce14fa2a49c121c840f0b08","181007",,"209.jpg","1",,"17607637666",,,,,,,,,,,,,,"50c9df43983dc0e123fde702721350f9","511d119d887243fe88db94a386d573c2",,,,,,,"0","0",,,,,"0",,"171027161611733",,"10/9/2020 08:28:20",,"048657c1-ecb1-4e5d-aced-6126ceae779e","17BEBDCB-248D-4668-B6CD-BF22A446BBD4","AFCEBFD2-DE47-4BCE-94BC-2E302A179AEC","6c3f9f53e1824ed597d4a6349fadd869","1d91dd85-989e-4252-8d7f-e42e04bc6b3d","终念寒",,"1","15/7/2020 14:21:14",,"admin",,,"1"
"3145e95aebdb462a86f85ec3a684c3cc","121008",,"103.jpg","2",,"15605415096",,,,,,,,,,,,,,"dad4356712ad87f5d2d58a579efe49d1","07fb65deeab6440da9b93f4dafbba74e",,,,,,,"0","0",,,,,"0",,"171027161612870",,"10/9/2020 08:28:30",,"00b0d34d-a5d6-43f7-a7d4-c8d5fbca8f8f","2F88FC7E-2CBE-4B03-8994-2E6548E3CE86","AB8D3712-D09B-470E-B799-D294C210480C","6c3f9f53e1824ed597d4a6349fadd869","3103dd59-6687-4e90-85c8-d2917276143d","车映寒",,"1","15/7/2020 14:29:36",,"admin",,,"1"
"347c63f29c5c4eb091991d0658fc155e","141013",,"214.jpg","2",,"13004403938",,,,,,,,,,,,,,"003ac7532ef85dd8ec6c5034fc563eb6","da5b38d710654ba0a7c2d26fa9d3645e",,,,,,,"0","0",,,,,"0",,"171027161614003",,"10/9/2020 08:28:42",,"43a38a12-a051-4006-be67-9547ee10eabc","2AD2E864-A08F-4C5B-8CF6-1150AC7D56E3","DD33645C-6FC9-4F39-B7EE-D67870051DCC","6c3f9f53e1824ed597d4a6349fadd869","46578131-2a3d-440f-844e-32b4936d7a54","宣含蕊",,"1","15/7/2020 14:29:47",,"admin",,,"1"
"34b3cd20b5164340ae7ce416f9f4b185","111005",,"209.jpg","2",,"18507297265",,,,,,,,,,,,,,"1139813c9fcaaa869c1be4805d001e7d","0b9b30a36c3942968a212c9f1043b5fc",,,,,,,"0","0",,,,,"0",,"171027161613650",,"10/9/2020 08:28:39",,"9410f640-de99-49a0-911e-bee508b47cc5","32659CD1-F452-45B5-9E26-AB72002E31D5","0DFDF799-17F5-4A36-BDDA-2A79E8E5494F","6c3f9f53e1824ed597d4a6349fadd869","401d7dee-10be-479c-ace5-f6571514e12e","瞿念文",,"1","15/7/2020 14:29:44",,"admin",,,"1"
"35c8d7e3bc4f4a768a23d8bd72027a9b","121006",,"215.jpg","2",,"18206616484",,,,,,,,,,,,,,"e0227cf323e83f4735cf20ef4955d08d","6502c3c9cc574012bd1aa5859f7d49e6",,,,,,,"0","0",,,,,"0",,"171027161611920",,"10/9/2020 08:28:23",,"00b0d34d-a5d6-43f7-a7d4-c8d5fbca8f8f","2F88FC7E-2CBE-4B03-8994-2E6548E3CE86","512A9008-B2F9-426A-B070-E0B92F2DDBF6","6c3f9f53e1824ed597d4a6349fadd869","21c034ba-8f2f-4c7e-9256-56ca79e6edd7","翟初夏",,"1","15/7/2020 14:21:16",,"admin",,,"1"
"38ef462b40154fc9945f3f7bd48fa372","161004",,"220.jpg","2",,"18908558722",,,,,,,,,,,,,,"cf91514a9f8d95c86fcaf1191fb74261","3ac8e5593c40488ca7f021b183fbf86c",,,,,,,"0","0",,,,,"0",,"171027161611387",,"10/9/2020 08:28:17",,"cb222cae-d8dd-4577-9c6f-4eeabeccb66a","EBA8E097-971B-47F7-9892-9A81F74EADE7","CC0ACF93-C47D-44CE-890B-5DAD900A6B78,0E773C1A-2E4E-4001-A51E-0E3DC93901A4,2F82A84B-9F22-4E14-8B10-BC502F2BCD26","6c3f9f53e1824ed597d4a6349fadd869","1a559dca-8b91-49d1-b08c-ffaaa5656f8e","丰之槐",,"1","15/7/2020 14:21:11",,"admin",,,"1"
"3ad0caabad6c4c858dbb8ced657aeb9d","171005",,"210.jpg","1",,"13802201387",,,,,,,,,,,,,,"32648d82cdc0899acd674e6cd5f56c0d","ec48905d3ec84a129746c385508b779d",,,,,,,"0","0",,,,,"0",,"171027161613697",,"10/9/2020 08:28:39",,"03812269-e6db-4c36-96aa-4cc81e3d11f3","28C2AB90-2513-40DA-ACBA-D962FB29CC58","26368E13-1ACB-46A5-B09C-6B9968D6D123","6c3f9f53e1824ed597d4a6349fadd869","4262c88c-3c97-4f41-a88a-8bf7eebf8850","唐乐枫",,"1","15/7/2020 14:29:44",,"admin",,,"1"
"3e08e890a82f4d1c9b12a29154802971","181003",,"103.jpg","1",,"15103042363",,,,,,,,,,,,,,"ac6840fe1dccd146f5408296522be825","3413266acc0e4ff2bb5f3ae7ea356ba2",,,,,,,"0","0",,,,,"0",,"171027161610787",,"10/9/2020 08:28:11",,"048657c1-ecb1-4e5d-aced-6126ceae779e","17BEBDCB-248D-4668-B6CD-BF22A446BBD4","D6DC9684-26D3-4BFA-B072-AC1EE980B1D9","6c3f9f53e1824ed597d4a6349fadd869","0a85de84-4de0-4317-9767-25f95fdd9b1e","禹千青",,"1","15/7/2020 14:21:06",,"admin",,,"1"
"4395a65da3b34604935530fe05091581","131003",,"104.jpg","1",,"13104654224",,,,,,,,,,,,,,"48b216b91f3f0e152e483a70431eca3a","2beca2e32e2a4f18b8167d06b31aa9ff",,,,,,,"0","0",,,,,"0",,"171027161613417",,"10/9/2020 08:28:36",,"ae6fefa1-5855-414e-925b-1a11d9baa47c","C26C637B-9255-47AF-A945-7556802DF71B","7933841A-7FA2-4310-AB44-4D1DCBE0012E","6c3f9f53e1824ed597d4a6349fadd869","3da3017f-46a9-4bdc-ab00-8b155735679c","吉寒云",,"1","15/7/2020 14:29:42",,"admin",,,"1"
"4668a02ba321494bb6574c3e4382df55","181014",,"212.jpg","1",,"15103012323",,,,,,,,,,,,,,"d5a90f2299a1a86945eb283d83a929a2","391ba850e89544d78073c74d678fa48e",,,,,,,"0","0",,,,,"0",,"171027161613237",,"10/9/2020 08:28:34",,"048657c1-ecb1-4e5d-aced-6126ceae779e","17BEBDCB-248D-4668-B6CD-BF22A446BBD4","2220435A-7046-4366-9E5D-763197D4A39F","6c3f9f53e1824ed597d4a6349fadd869","3bbad457-663e-4314-9b10-33c67c35cbcb","祁凌瑶",,"1","15/7/2020 14:29:40",,"admin",,,"1"
"47bb3a0ab64f496da2168c75b7adf2f0","161006",,"219.jpg","2",,"13802151340",,,,,,,,,,,,,,"9c39a44151047382dc96585ff3ff858d","28e44d94624142f8b9c52793b2ca9e3e",,,,,,,"0","0",,,,,"0",,"171027161613097",,"10/9/2020 08:28:33",,"cb222cae-d8dd-4577-9c6f-4eeabeccb66a","EBA8E097-971B-47F7-9892-9A81F74EADE7","51DF9CB7-89B8-43B6-A161-A8532B7F4ABE","6c3f9f53e1824ed597d4a6349fadd869","37cbf6b8-b4d6-4065-aa76-a89c85c55109","丰笑萍",,"1","15/7/2020 14:29:38",,"admin",,,"1"
"4ad6ffe6e10e42faad169d73c05dd46a","111009",,"103.jpg","2",,"13702011175",,,,,,,,,,,,,,"6d00c1bf9241acc455980728e17e39c5","8a122a5e56a94e09876bd3c02544c957",,,,,,,"0","0",,,,,"0",,"171027161614937",,"10/9/2020 08:28:51",,"9410f640-de99-49a0-911e-bee508b47cc5","32659CD1-F452-45B5-9E26-AB72002E31D5","C8E3B718-2802-443D-BC75-1B1FD26E535A","6c3f9f53e1824ed597d4a6349fadd869","58a03500-8442-464b-b62c-698d782740bd","凤雁荷",,"1","15/7/2020 14:29:53",,"admin",,,"1"
"4c6cec889e2c40ebbb842ead14b3f887","151006",,"218.jpg","2",,"13305475166",,,,,,,,,,,,,,"03b620e743dd96fb25f37ec403541edd","15f33907ba8f4f53a5e934fc459489bf",,,,,,,"0","0",,,,,"0",,"171027161613330",,"10/9/2020 08:28:35",,"1d230af0-7054-43e0-bcd0-60144d3ed1d1","9A8553AC-CD51-4388-8A2E-6D7729E3884F","6EA558DE-6EE4-4BD8-A5BD-2562E9D9F426","6c3f9f53e1824ed597d4a6349fadd869","3d49be97-2be2-4a68-a93f-abfeec5485c4","全香薇",,"1","15/7/2020 14:29:41",,"admin",,,"1"
"4cc668a2a87e4d24be1e2446053ef7d2","151002",,"211.jpg","2",,"18808168269",,,,,,,,,,,,,,"48c8701ab9d1b146ef70996902366242","e40dde8a6b094314a7b5f64fc8dddd48",,,,,,,"0","0",,,,,"0",,"171027161611587",,"10/9/2020 08:28:18",,"1d230af0-7054-43e0-bcd0-60144d3ed1d1","9A8553AC-CD51-4388-8A2E-6D7729E3884F","63126BF8-AF7A-4A81-BBCE-0CC9053DB42A","6c3f9f53e1824ed597d4a6349fadd869","1c637b38-7c7e-4733-9069-5a8f4585f6f9","厍芷巧",,"1","15/7/2020 14:21:13",,"admin",,,"1"
"56a7ce3f1e3c4c4bb5a45b61b3863125","151008",,"101.jpg","2",,"15803783217",,,,,,,,,,,,,,"c37cc3aab56af44c0dad15f5b708464e","5287cb2e41f841c88e65f18976c00277",,,,,,,"0","0",,,,,"0",,"171027161613510",,"10/9/2020 08:28:38",,"1d230af0-7054-43e0-bcd0-60144d3ed1d1","9A8553AC-CD51-4388-8A2E-6D7729E3884F","686DFEA4-BB10-42F8-B7AC-6BD9A846232B","6c3f9f53e1824ed597d4a6349fadd869","3f416222-30c3-42cf-be80-d2b0a34c5b9c","梅语蓉",,"1","15/7/2020 14:29:42",,"admin",,,"1"
"58ee36309c96492daba937aadc92bc5f","141003",,"210.jpg","2",,"13305665390",,,,,,,,,,,,,,"65c4e917e3bc088b1b2c4e51ea138107","55c39b92aede42ebbdd388bf7c8f1067",,,,,,,"0","0",,,,,"0",,"171027161611200",,"10/9/2020 08:28:14",,"43a38a12-a051-4006-be67-9547ee10eabc","2AD2E864-A08F-4C5B-8CF6-1150AC7D56E3","48DD6017-EE58-4929-AA07-2592B47E3CF5","6c3f9f53e1824ed597d4a6349fadd869","14b70f63-215e-4b66-85fd-c74c485a052f","栾语海",,"1","15/7/2020 14:21:09",,"admin",,,"1"
"5d95fb0296514ae7a987f9a5dc3d7e83","181013",,"204.jpg","1",,"15002581827",,,,,,,,,,,,,,"2007a28b0ee8a554ab1bec1147ec38c7","868241051f054bb8b75f67fe9932883f",,,,,,,"0","0",,,,,"0",,"171027161612917",,"10/9/2020 08:28:31",,"048657c1-ecb1-4e5d-aced-6126ceae779e","17BEBDCB-248D-4668-B6CD-BF22A446BBD4","D6DC9684-26D3-4BFA-B072-AC1EE980B1D9","6c3f9f53e1824ed597d4a6349fadd869","317549d0-c4e5-400d-9ee5-72066869b1b3","时紫安",,"1","15/7/2020 14:29:37",,"admin",,,"1"
"610a16a6ab07410bb3c2fb0396085631","181016",,"219.jpg","1",,"18808298428",,,,,,,,,,,,,,"26dd3363cd07b3269dfc7e50f0ced19b","e9ae095a59b24d5080c1d27c7321b1a9",,,,,,,"0","0",,,,,"0",,"171027161614157",,"10/9/2020 08:28:44",,"048657c1-ecb1-4e5d-aced-6126ceae779e","17BEBDCB-248D-4668-B6CD-BF22A446BBD4","8BB35F32-7A1F-4581-B297-1BDC453DCEAE","6c3f9f53e1824ed597d4a6349fadd869","474f8b7a-17ce-466e-8b14-4ce53d610d40","訾元珊",,"1","15/7/2020 14:29:48",,"admin",,,"1"
"63dcf15e669c4b37878be9fdf5ce90d5","131004",,"102.jpg","2",,"18908438580",,,,,,,,,,,,,,"98b081d18857d53b65b71148e5d2d0f5","0c499d2267a748169b3557bf19ff9180",,,,,,,"0","0",,,,,"0",,"171027161613557",,"10/9/2020 08:28:38",,"ae6fefa1-5855-414e-925b-1a11d9baa47c","C26C637B-9255-47AF-A945-7556802DF71B","8769A62D-FE29-492E-9F96-A0A1A501506F","6c3f9f53e1824ed597d4a6349fadd869","3f7c5725-f851-4349-b5ef-0e37c44a28a1","曾笑容",,"1","15/7/2020 14:29:43",,"admin",,,"1"
"65a75fa22eae4d26b6a8c1a64ba0fee2","131001",,"209.jpg","2",,"18106286099",,,,,,,,,,,,,,"6134896e85c9cd860f44d0e69c7b7a03","58aed394b08a4f3cb322c3afd30fad0c",,,,,,,"0","0",,,,,"0",,"171027161610430",,"10/9/2020 08:28:07",,"ae6fefa1-5855-414e-925b-1a11d9baa47c","C26C637B-9255-47AF-A945-7556802DF71B","075E4B10-F926-42AF-983E-3F2AEAEB436C","6c3f9f53e1824ed597d4a6349fadd869","00d9428a-25f5-4ceb-ab9b-1a3c71989bb4","咸诗翠",,"1","15/7/2020 14:21:02",,"admin",,,"1"
"66b707a0fe704a1aa27df0afe31f99d1","121004",,"104.jpg","2",,"15605284945",,,,,,,,,,,,,,"7bbea84842b88a1ad68115b048c508c6","dd2661f9ada04ef3b2a8b26f64cfdd06",,,,,,,"0","0",,,,,"0",,"171027161611103",,"10/9/2020 08:28:13",,"00b0d34d-a5d6-43f7-a7d4-c8d5fbca8f8f","2F88FC7E-2CBE-4B03-8994-2E6548E3CE86","3537C193-D5E5-4C76-95CE-55C298D0D938","6c3f9f53e1824ed597d4a6349fadd869","14601962-ddc6-4e00-9524-8c332753ee96","巴冷松",,"1","15/7/2020 14:21:08",,"admin",,,"1"
"6801f4bf88044458ace003e337f4d4ee","151004",,"201.jpg","2",,"13004363886",,,,,,,,,,,,,,"15fb8baea3959bd5ea895e83d6d622fd","5d83b28433c34a3896de9ed02a34962b",,,,,,,"0","0",,,,,"0",,"171027161612780",,"10/9/2020 08:28:29",,"1d230af0-7054-43e0-bcd0-60144d3ed1d1","9A8553AC-CD51-4388-8A2E-6D7729E3884F","BA345E34-2721-40F1-893A-12D2811DEEE1","6c3f9f53e1824ed597d4a6349fadd869","2e6d6a0e-078a-490a-b813-19a365e69852","应白梦",,"1","15/7/2020 14:29:35",,"admin",,,"1"
"6d8c1f30dc6c47de939f69f6a831842c","141002",,"202.jpg","2",,"18106456302",,,,,,,,,,,,,,"64a7ad4029bbe02718370391d2e475af","05272ea8148f4883a309880aed493fba",,,,,,,"0","0",,,,,"0",,"171027161611053",,"10/9/2020 08:28:13",,"43a38a12-a051-4006-be67-9547ee10eabc","2AD2E864-A08F-4C5B-8CF6-1150AC7D56E3","E6C0FBF7-D0F4-4ECC-86EA-0F5CD6B4F2F5","6c3f9f53e1824ed597d4a6349fadd869","12d396d9-469a-4695-b7ff-bbb988bced4e","阴含灵",,"1","15/7/2020 14:21:08",,"admin",,,"1"
"6ebc46a0d15246acac62c020713b2ccd","151011",,"104.jpg","2",,"13802141320",,,,,,,,,,,,,,"b14e706fe66f12b7a85d97780e8a3d12","d716852921b342ec87e96418ac562e70",,,,,,,"0","0",,,,,"0",,"170101161615470",,"10/9/2020 08:28:05",,"1d230af0-7054-43e0-bcd0-60144d3ed1d1","9A8553AC-CD51-4388-8A2E-6D7729E3884F","EB35C0A4-01E9-4606-BE12-C6ED3A2E09AD","6c3f9f53e1824ed597d4a6349fadd869","6533faa7-dfc6-4c8b-9b87-ee53f86cf2db","丰梦琪",,"1","15/7/2020 13:57:55",,"admin",,,"1"
"6f818f75418f4c94af4fc57575c90e0a","131007",,"221.jpg","2",,"15803823262",,,,,,,,,,,,,,"2e68e9aea363006047a54696b40646f1","48076901ce344d779064a15a479795a1",,,,,,,"0","0",,,,,"0",,"171027161614977",,"10/9/2020 08:28:51",,"ae6fefa1-5855-414e-925b-1a11d9baa47c","C26C637B-9255-47AF-A945-7556802DF71B","D421E6A4-BF57-4B07-9824-DB1D2D230CCF","6c3f9f53e1824ed597d4a6349fadd869","58a0ee1e-7edc-415b-a88e-95181a90ac93","林山菡",,"1","15/7/2020 14:29:54",,"admin",,,"1"
"7a24809bd9a44fc283d173fa6fd38d7c","181005",,"209.jpg","1",,"17708738938",,,,,,,,,,,,,,"aa35741d44ba27e87bdd435aca6f7071","f1bef7f37408408694277d9e55998174",,,,,"15/7/2020 09:06:26","192.168.0.117","1","0",,,,,"0",,"171027161611150",,"10/9/2020 08:28:14",,"048657c1-ecb1-4e5d-aced-6126ceae779e","17BEBDCB-248D-4668-B6CD-BF22A446BBD4","D1EE0FA4-6EB0-4864-AE8B-D52764A65E03","6c3f9f53e1824ed597d4a6349fadd869","146f6c3a-9eaa-4295-817f-8bf4e19b1a20","游如柏",,"1","15/7/2020 14:21:09",,"admin",,,"1"
"7cda27d514bb418889cf4b5fc383197a","181011",,"205.jpg","1",,"18808138242",,,,,,,,,,,,,,"d9c1d797339dcdd4a26501b92be88ceb","e20199d465de4aef8bed10889520c9fc",,,,,,,"0","0",,,,,"0",,"171027161612557",,"10/9/2020 08:28:27",,"048657c1-ecb1-4e5d-aced-6126ceae779e","17BEBDCB-248D-4668-B6CD-BF22A446BBD4","DE0D9CBD-2683-4745-9CFF-F2625998E7F3","6c3f9f53e1824ed597d4a6349fadd869","27c57c5a-4c50-4572-954b-f9dafbbbca89","巩痴灵",,"1","15/7/2020 14:29:33",,"admin",,,"1"
"7dd5bcd9edef47e2a504b6a753848345","171006",,"207.jpg","1",,"15903973432",,,,,,,,,,,,,,"a1e8bea803a910d10d200a04b1f2e9e5","0d86c94e79144ebf9f4ef44f3e52b24f",,,,,,,"0","0","24/7/2018 11:18:03",,,,"0",,"171027161615020",,"10/9/2020 08:28:52",,"03812269-e6db-4c36-96aa-4cc81e3d11f3","28C2AB90-2513-40DA-ACBA-D962FB29CC58","3C68552E-80DA-42A0-891D-BC49CFCDC7BD","6c3f9f53e1824ed597d4a6349fadd869","5903e7f2-eea9-4097-bbeb-dd0199b16643","蔡丹珍",,"1","15/7/2020 14:29:54",,"admin",,,"1"
"8050bac8a46f4623a9432d1399f51301","111008",,"207.jpg","2",,"18106466313",,,,,,,,,,,,,,"d99a23e11160e80901c1890323d72947","15ffd87f34114d7d87e5fa4afda2150f",,,,,,,"0","0",,,,,"0",,"171027161614400",,"10/9/2020 08:28:47",,"9410f640-de99-49a0-911e-bee508b47cc5","32659CD1-F452-45B5-9E26-AB72002E31D5","0DAA3822-BDEF-4E6A-A002-FBC9860FB956","6c3f9f53e1824ed597d4a6349fadd869","507b3a8d-4908-4eef-a7fc-9d5603663996","郁半芹",,"1","15/7/2020 14:29:50",,"admin",,,"1"
"805798fd8e544880bd5ba7e9628dc039","141004",,"208.jpg","2",,"13902321531",,,,,,,,,,,,,,"bead71585967b797e668377be54e3d36","64ab164ef46f44b4b3e4b1a38a0f9685",,,,,,,"0","0",,,,,"0",,"171027161611487",,"10/9/2020 08:28:18",,"43a38a12-a051-4006-be67-9547ee10eabc","2AD2E864-A08F-4C5B-8CF6-1150AC7D56E3","AC975CF1-7849-43D6-BC35-9F00E62854F7","6c3f9f53e1824ed597d4a6349fadd869","1b6cbbfd-73ef-4c08-b6ed-fa0679f1a657","贺映寒",,"1","15/7/2020 14:21:12",,"admin",,,"1"
"8095b403e3fe4f6397cf833eb1cb752a","171002",,"218.jpg","1",,"18106426260",,,,,,,,,,,,,,"5833c564e468410958fea4e3c0fa69d2","b889445dcbab4c0886e17921018d3cb6",,,,,,,"0","0","24/7/2018 10:45:38",,,,"0",,"171027161611293",,"10/9/2020 08:28:15",,"03812269-e6db-4c36-96aa-4cc81e3d11f3","28C2AB90-2513-40DA-ACBA-D962FB29CC58","A1DB25F5-9331-4567-B45C-6A4C75285144","6c3f9f53e1824ed597d4a6349fadd869","180bd170-36eb-4743-a07e-8e0cafab2f8a","乔易梦",,"1","15/7/2020 14:21:10",,"admin",,,"1"
"82c20f810328465bbf4aac97822f916e","181002",,"213.jpg","1",,"18808138239",,,,,,,,,,,,,,"c545e633fa36bf7991f5c5fa6f0e1215","56933e07f6d348fd9a24a45bf0e85222",,,,,,,"0","0",,,,,"0",,"171027161610517",,"10/9/2020 08:28:08",,"048657c1-ecb1-4e5d-aced-6126ceae779e","17BEBDCB-248D-4668-B6CD-BF22A446BBD4","C485D902-8634-4F05-BB44-292E0D67F142","6c3f9f53e1824ed597d4a6349fadd869","02ed7f16-1337-454d-ac47-3250551a1588","巩水云",,"1","15/7/2020 14:21:03",,"admin",,,"1"
"843531281aaa4b1e9cf69e2337ae5754","181012",,"105.jpg","1",,"15203352716",,,,,,,,,,,,,,"088716f8f0c8a4fc27553065feccfa20","35a4602d4cb94f7b961d233ebba437bc",,,,,,,"0","0",,,,,"0",,"171027161612647",,"10/9/2020 08:28:28",,"048657c1-ecb1-4e5d-aced-6126ceae779e","17BEBDCB-248D-4668-B6CD-BF22A446BBD4","39931250-A884-44FB-8C70-71B615B44C68","6c3f9f53e1824ed597d4a6349fadd869","2ab1ce27-0903-4e09-8a40-a1b0f1e8066c","舒安容",,"1","15/7/2020 14:29:34",,"admin",,,"1"
"84a4eec612ce482ba0a104c89b215760","181019",,"216.jpg","1",,"13902441672",,,,,,,,,,,,,,"b199aeb87dc4f6469432fe203b8a40b0","99d78dceeabc43e78506d26a805a5920",,,,,,,"0","0",,,,,"0",,"171027161615423",,"10/9/2020 08:28:56",,"048657c1-ecb1-4e5d-aced-6126ceae779e","17BEBDCB-248D-4668-B6CD-BF22A446BBD4","AFCEBFD2-DE47-4BCE-94BC-2E302A179AEC","6c3f9f53e1824ed597d4a6349fadd869","639528cd-4299-48ae-854a-2b7a33384f96","毕幼柏",,"1","15/7/2020 14:29:58",,"admin",,,"1"
"88b37c9164ba441e9344fd04750b9b47","161008",,"202.jpg","2",,"15203132468",,,,,,,,,,,,,,"075e8325eb6c0e701fc13b9c01ebca6b","edfd2bd698e444fe98321d8091ab2747",,,,,,,"0","0",,,,,"0",,"171027161614257",,"10/9/2020 08:28:45",,"cb222cae-d8dd-4577-9c6f-4eeabeccb66a","EBA8E097-971B-47F7-9892-9A81F74EADE7","8256786D-3B14-4382-B89A-88854A04240C","6c3f9f53e1824ed597d4a6349fadd869","49af8696-1fcd-4ec1-aaeb-e64367c4fec8","臧晓霜",,"1","15/7/2020 14:29:49",,"admin",,,"1"
"8b4eb55df0704ccc9353374467105ed3","121003",,"205.jpg","2",,"18507117058",,,,,,,,,,,,,,"d41b417cc43ab4c8ad56bb32058d6098","f894149739a249f4bc09fba4f348a689",,,,,,,"0","0",,,,,"0",,"171027161610937",,"10/9/2020 08:28:12",,"00b0d34d-a5d6-43f7-a7d4-c8d5fbca8f8f","2F88FC7E-2CBE-4B03-8994-2E6548E3CE86","A939BEF0-3376-4456-81FA-E85CBB84B387","6c3f9f53e1824ed597d4a6349fadd869","0fb772a4-9229-417d-bd25-f112ab12b754","郏从丹",,"1","15/7/2020 14:21:07",,"admin",,,"1"
"8cd976da63d44dca8699c1c04376bacc","161011",,"208.jpg","2",,"15703572977",,,,,,,,,,,,,,"4cb73b200ec69745d17c67c400c567a6","d7307325a2e241cf87be1c639fcb2939",,,,,,,"0","0",,,,,"0",,"171027161614850",,"10/9/2020 08:28:50",,"cb222cae-d8dd-4577-9c6f-4eeabeccb66a","EBA8E097-971B-47F7-9892-9A81F74EADE7","46F105D3-139C-4097-B2CA-2588CAC4E3BA","6c3f9f53e1824ed597d4a6349fadd869","583b9c08-a610-497a-994b-6aeaa8a6849e","麻秋莲",,"1","15/7/2020 14:29:53",,"admin",,,"1"
"909d87b86b774c1ca396e8f487d1e50e","121013",,"216.jpg","2",,"13204874480",,,,,,,,,,,,,,"1dd63cfb38570a4dc7142e67174f56e7","ee7e0c65b3f248819ee9d5dd8b7a46b9",,,,,,,"0","0",,,,,"0",,"171027161614050",,"10/9/2020 08:28:43",,"00b0d34d-a5d6-43f7-a7d4-c8d5fbca8f8f","2F88FC7E-2CBE-4B03-8994-2E6548E3CE86","A939BEF0-3376-4456-81FA-E85CBB84B387,FEC92F0A-3C1A-49B1-86ED-EFA88024B300","6c3f9f53e1824ed597d4a6349fadd869","467ff72d-c2a6-45d2-8193-1c2d0368ded6","羊元冬",,"1","15/7/2020 14:29:47",,"admin",,,"1"
"9905781a70a442a6b81e58f87390f4f5","111001",,"210.jpg","2",,"18006216025",,,,,,,,,,,,,,"630f7322c79950b3a648ac02c2e22dfc","c03be482559f48d1ac5e38e5d67c1bb5",,,"29/11/2019 18:44:04","192.168.0.193","30/12/2019 10:31:03","192.168.0.192","14","0","20/6/2018 10:32:18",,,,"0",,"171027161611340",,"10/9/2020 08:28:16",,"9410f640-de99-49a0-911e-bee508b47cc5","32659CD1-F452-45B5-9E26-AB72002E31D5","96D926F0-1747-4A07-8660-76D75A3DCE18","6c3f9f53e1824ed597d4a6349fadd869","1a2b0254-8862-4525-ab4f-444df590b2b8","从翠柏",,"1","15/7/2020 14:21:11",,"admin",,,"1"
"9b1838590fa940bfa3d5a785c9ac27e5","121015",,"220.jpg","2",,"18106326148",,,,,,,,,,,,,,"f8b7ae7ac4d9eb2e3235b5470fd867d1","874fc0119a134b1282e2416382a68021",,,,,,,"0","0",,,,,"0",,"171027161614807",,"10/9/2020 08:28:49",,"00b0d34d-a5d6-43f7-a7d4-c8d5fbca8f8f","2F88FC7E-2CBE-4B03-8994-2E6548E3CE86","5274FA5F-2706-4D61-AA7A-D52AAB1DE03F","6c3f9f53e1824ed597d4a6349fadd869","57e7adc4-6bf6-486e-ad1f-6242f25ad74f","赖夜雪",,"1","15/7/2020 14:29:52",,"admin",,,"1"
"a0783b875ffb465c9c23596d098997de","181015",,"202.jpg","1",,"18708058142",,,,,,,,,,,,,,"c10b742a91df1f8ac5eddc2e568b898e","2de8c808ef8a4ff38151bd250514719f",,,,,,,"0","0",,,,,"0",,"171027161613377",,"10/9/2020 08:28:36",,"048657c1-ecb1-4e5d-aced-6126ceae779e","17BEBDCB-248D-4668-B6CD-BF22A446BBD4","AFCEBFD2-DE47-4BCE-94BC-2E302A179AEC","6c3f9f53e1824ed597d4a6349fadd869","3d855aed-83af-4fe3-92fd-3d105a3ebd02","越翠绿",,"1","15/7/2020 14:29:41",,"admin",,,"1"
"a22fb61c13754e92a39891b88e06eb7d","181009",,"102.jpg","1",,"15605324992",,,,,,,,,,,,,,"61613fe21d5e97b973c4705511d347af","5ecfa2e83dfa4798b6aac14358b73253",,,,,,,"0","0",,,,,"0",,"171027161612257",,"10/9/2020 08:28:25",,"048657c1-ecb1-4e5d-aced-6126ceae779e","17BEBDCB-248D-4668-B6CD-BF22A446BBD4","067AAB5B-D1BA-48C7-8EFC-A93B7A33DD10","6c3f9f53e1824ed597d4a6349fadd869","25e10fa4-7c68-4bc4-b751-92fa54f24c5b","牧冰萍",,"1","15/7/2020 14:29:31",,"admin",,,"1"
"a2eee21e134c4ce9b6ca29800fb0917b","111003",,"203.jpg","2",,"18507177126",,,,,,,,,,,,,,"4b14afae64bba8eafafe656cc0930d30","fb1f643d05294747a475c17fdca85453",,,,,,,"0","0",,,,,"0",,"171027161613003",,"10/9/2020 08:28:32",,"9410f640-de99-49a0-911e-bee508b47cc5","32659CD1-F452-45B5-9E26-AB72002E31D5","3D6482B5-4613-49CC-A632-E09608BE4C5D","6c3f9f53e1824ed597d4a6349fadd869","33bd0a0a-a926-4440-9f38-c5402356d53e","农以冬",,"1","15/7/2020 14:29:37",,"admin",,,"1"
"a57eb3de39f34397848099b96ac816de","141009",,"102.jpg","2",,"15904123611",,,,,,,,,,,,,,"9eefe5df59ef3b4a84acdd61643c2e43","418e2423e45a4a5fb52dfa1ec7880fc6",,,,,,,"0","0",,,,,"0",,"171027161612513",,"10/9/2020 08:28:26",,"43a38a12-a051-4006-be67-9547ee10eabc","2AD2E864-A08F-4C5B-8CF6-1150AC7D56E3","23F7B6FB-382B-4DF0-9A7D-C849B4EC8BF0","6c3f9f53e1824ed597d4a6349fadd869","2743d8ee-8f8d-428a-93f5-dc4b466a5070","支从安",,"1","15/7/2020 14:29:33",,"admin",,,"1"
"a5db93903fea46a3a09dc66828cc7fae","151009",,"215.jpg","2",,"13004343863",,,,,,,,,,,,,,"2a32bc7275c1f7460551986ec158d44a","2dff5fc36ae04c979ba6d4e1f49a0142",,,,,,,"0","0",,,,,"0",,"171027161614893",,"10/9/2020 08:28:50",,"1d230af0-7054-43e0-bcd0-60144d3ed1d1","9A8553AC-CD51-4388-8A2E-6D7729E3884F","6EA558DE-6EE4-4BD8-A5BD-2562E9D9F426","6c3f9f53e1824ed597d4a6349fadd869","584e9a4c-d285-408d-b448-1a1054c13b7e","解醉波",,"1","15/7/2020 14:29:53",,"admin",,,"1"
"a63f2e4665414968b371fca628624af6","131006",,"213.jpg","2",,"15803833270",,,,,,,,,,,,,,"877f19a9a2c24c0042bb0f18afecc9dc","0805c64351704c4a9df026cfb0388f5a",,,,,,,"0","0",,,,,"0",,"171027161614307",,"10/9/2020 08:28:46",,"ae6fefa1-5855-414e-925b-1a11d9baa47c","C26C637B-9255-47AF-A945-7556802DF71B","D3C245C1-427F-40D3-A074-DFC29DE79EDD","6c3f9f53e1824ed597d4a6349fadd869","4a46bccd-863e-4925-b9bc-882bb7c7504b","刁梦秋",,"1","15/7/2020 14:29:49",,"admin",,,"1"
"a69e3f65eb1f451aad6474e8fe6161f9","141005",,"205.jpg","2",,"13104634198",,,,,,,,,,,,,,"4a0d194cc173b519a7fae923ad0470ff","62e43220bcb44a36913b16f103ed8bf9",,,,,,,"0","0",,,,,"0",,"171027161611533",,"10/9/2020 08:28:18",,"43a38a12-a051-4006-be67-9547ee10eabc","2AD2E864-A08F-4C5B-8CF6-1150AC7D56E3","23F7B6FB-382B-4DF0-9A7D-C849B4EC8BF0","6c3f9f53e1824ed597d4a6349fadd869","1baaeafd-c621-4384-92ff-a14e1faf36da","崔海露",,"1","15/7/2020 14:21:12",,"admin",,,"1"
"a974486093ff4b40bc1633117519655e","181010",,"202.jpg","1",,"18507177130",,,,,,,,,,,,,,"16ba6d465539621e8cff9d0c73699cfc","ab187b4d165c472f944da8c88a986c52",,,,,,,"0","0",,,,,"0",,"171027161612470",,"10/9/2020 08:28:26",,"048657c1-ecb1-4e5d-aced-6126ceae779e","17BEBDCB-248D-4668-B6CD-BF22A446BBD4","AFCEBFD2-DE47-4BCE-94BC-2E302A179AEC","6c3f9f53e1824ed597d4a6349fadd869","26fe6815-20a2-4be7-93b4-25e195d22833","农翠芙",,"1","15/7/2020 14:29:32",,"admin",,,"1"
"ab6d7ec5b2e74118adc4f35ee6a43696","141006",,"212.jpg","2",,"13305725455",,,,,,,,,,,,,,"be9d156199283a30ff4206983e46f6bd","015bd8fb2f264bf4a34577f305327b6b",,,,,,,"0","0",,,,,"0",,"171027161611683",,"10/9/2020 08:28:19",,"43a38a12-a051-4006-be67-9547ee10eabc","2AD2E864-A08F-4C5B-8CF6-1150AC7D56E3","C394B44D-75CF-4448-812C-6972147C9A15","6c3f9f53e1824ed597d4a6349fadd869","1d35f216-1f2e-4789-8ea7-a662b2ef9f98","钭元风",,"1","15/7/2020 14:21:14",,"admin",,,"1"
"ababc74269284eff8ce7dfcf670aeda6","121012",,"212.jpg","2",,"18307026960",,,,,,,,,,,,,,"249875f4840a738bffaeb20c49bd59a8","60ecd60708da48929456fadce01c22e4",,,,,,,"0","0",,,,,"0",,"171027161613900",,"10/9/2020 08:28:41",,"00b0d34d-a5d6-43f7-a7d4-c8d5fbca8f8f","2F88FC7E-2CBE-4B03-8994-2E6548E3CE86","512A9008-B2F9-426A-B070-E0B92F2DDBF6","6c3f9f53e1824ed597d4a6349fadd869","44c834c7-4b01-40bf-830e-a5cb6e97d317","边依丝",,"1","15/7/2020 14:29:46",,"admin",,,"1"
"ac07c8d185a14df4899376d4f9a6b77f","141007",,"214.jpg","2",,"18206526378",,,,,,,,,,,,,,"5d34d4c7de4e5f74b325698794d37213","bd80d4faa4bf4e3f89344ce48ddfe495",,,,,,,"0","0",,,,,"0",,"171027161611777",,"10/9/2020 08:28:21",,"43a38a12-a051-4006-be67-9547ee10eabc","2AD2E864-A08F-4C5B-8CF6-1150AC7D56E3","8F6E42B2-1F7F-4407-8D65-8FF0E3C835FD","6c3f9f53e1824ed597d4a6349fadd869","1e8ffae9-242f-4157-8dc3-711c02246675","苍怜梦",,"1","15/7/2020 14:21:15",,"admin",,,"1"
"ac17bfad24554a178c4ab26f117f50dc","121007",,"216.jpg","2",,"15305825572",,,,,,,,,,,,,,"6e359d66727d3966e4e3f0f79c523d68","ff60a1e514944363af06651c110cd9fd",,,,,,,"0","0",,,,,"0",,"171027161612737",,"10/9/2020 08:28:29",,"00b0d34d-a5d6-43f7-a7d4-c8d5fbca8f8f","2F88FC7E-2CBE-4B03-8994-2E6548E3CE86","AB8D3712-D09B-470E-B799-D294C210480C","6c3f9f53e1824ed597d4a6349fadd869","2d650639-0c1e-4567-8ba8-62efeb1804c4","符傲菡",,"1","15/7/2020 14:29:35",,"admin",,,"1"
"ad98a1ad4af846edb93b0e37d1d8caeb","admin",,"221.jpg","2",,"18588888888",,,,,,,,,,,,,,,,,,,,,,,,,,,,,,,,,,"admin","17BEBDCB-248D-4668-B6CD-BF22A446BBD4","2F82A84B-9F22-4E14-8B10-BC502F2BCD26","6c3f9f53e1824ed597d4a6349fadd869","admin","管理员",,,"15/7/2020 13:49:19",,,,,"1"
"b0453855c8944cefa790a0d67ec9c3ef","141011",,"213.jpg","2",,"18908508671",,,,,,,,,,,,,,"070409ea3158818b08b7c3ac905b5171","a5466e0d007b4fda86962d9c51165c82",,,,,,,"0","0",,,,,"0",,"171027161613850",,"10/9/2020 08:28:41",,"43a38a12-a051-4006-be67-9547ee10eabc","2AD2E864-A08F-4C5B-8CF6-1150AC7D56E3","6F0FDFDA-CB9F-4E2F-ACEE-6BFECAA5DFDB","6c3f9f53e1824ed597d4a6349fadd869","43a38a12-a051-4006-be67-9547ee10eabc","养夏之",,"1","15/7/2020 14:29:45",,"admin",,,"1"
"b0a369471c844bba8c7a4a4707ffddb1","121011",,"221.jpg","2",,"13902501742",,,,,,,,,,,,,,"364caa80da61def86356a226a7ceef1b","7794d577a5934cf99cc6e196326ceeab",,,,,,,"0","0",,,,,"0",,"171027161613747",,"10/9/2020 08:28:40",,"00b0d34d-a5d6-43f7-a7d4-c8d5fbca8f8f","2F88FC7E-2CBE-4B03-8994-2E6548E3CE86","5274FA5F-2706-4D61-AA7A-D52AAB1DE03F","6c3f9f53e1824ed597d4a6349fadd869","42b5fa61-f20d-4cdb-815c-077f9d6d51f7","安白梅",,"1","15/7/2020 14:29:45",,"admin",,,"1"
"b0d0ff1a6265443e89eb253f22fb551f","161005",,"216.jpg","2",,"15305865615",,,,,,,,,,,,,,"b51bec6dd5e6c02eb7df54789b5a1c90","27f64a966d51494db0886225636b6d97",,,,,,,"0","0",,,,,"0",,"171027161612390",,"10/9/2020 08:28:25",,"cb222cae-d8dd-4577-9c6f-4eeabeccb66a","EBA8E097-971B-47F7-9892-9A81F74EADE7","58105AFB-38BC-43BC-B1A4-F4BBD93B4797","6c3f9f53e1824ed597d4a6349fadd869","2684aacd-fb1b-4270-828c-b04c1ad6c151","景绿柳",,"1","15/7/2020 14:29:32",,"admin",,,"1"
"b662ced2583045c3b555fd6ca3f124c0","121016",,"203.jpg","2",,"15904123605",,,,,,,,,,,,,,"62c2e4697afbb7ab8c80cf64d83f0071","a3f5bdbcd3584328a801b67dc9e8aced",,,,,,,"0","0",,,,,"0",,"171027161615063",,"10/9/2020 08:28:52",,"00b0d34d-a5d6-43f7-a7d4-c8d5fbca8f8f","2F88FC7E-2CBE-4B03-8994-2E6548E3CE86","9ABD0D93-AE1C-4072-83B8-18AD1D170D7D","6c3f9f53e1824ed597d4a6349fadd869","5a4fba6c-0304-471c-883d-af04bc922b31","支青柏",,"1","15/7/2020 14:29:55",,"admin",,,"1"
"b775b668b08b48cbb99bd7048377fdb7","181004",,"206.jpg","1",,"18908498650",,,,,,,,,,,,,,"dc08b7a12b530a99a25cf722a1e65cf7","0496713514d148058479ec067efb1f09",,,,,,,"0","0",,,,,"0",,"171027161610847",,"10/9/2020 08:28:11",,"048657c1-ecb1-4e5d-aced-6126ceae779e","17BEBDCB-248D-4668-B6CD-BF22A446BBD4","17BEBD48-10FE-43C5-B16F-61CDB7B95839","6c3f9f53e1824ed597d4a6349fadd869","0c1d9463-221f-49ba-8e38-28c1f1df0c4b","乜以寒",,"1","15/7/2020 14:21:06",,"admin",,,"1"
"bd7f13bbe1cf49c6bb71c50a786cd925","131002",,"203.jpg","2",,"18908388531",,,,,,,,,,,,,,"78e9486dc20ce5c79e305f1fb394bb03","d6384cee2f6843f5ba139c75d6519791",,,,,,,"0","0",,,,,"0",,"171027161610473",,"10/9/2020 08:28:07",,"ae6fefa1-5855-414e-925b-1a11d9baa47c","C26C637B-9255-47AF-A945-7556802DF71B","BBBAB5EE-7F25-4124-A463-829462595BAE","6c3f9f53e1824ed597d4a6349fadd869","01936875-21d8-4af2-8066-3d8618f40dec","饶雨筠",,"1","15/7/2020 14:21:03",,"admin",,,"1"
"bec0d1f0f36046849ee0a6f4e9de0fc1","111004",,"204.jpg","2",,"15203342712",,,,,,,,,,,,,,"35a09135bebd2a2874734f48cc62cac4","9fccd192fc7540a68304ca80b77f05a6",,,,,,,"0","0",,,,,"0",,"171027161613603",,"10/9/2020 08:28:39",,"9410f640-de99-49a0-911e-bee508b47cc5","32659CD1-F452-45B5-9E26-AB72002E31D5","5D972528-3525-4234-858C-D8C3383DFFB8","6c3f9f53e1824ed597d4a6349fadd869","3fe0a114-9ac2-426d-916b-b769b0f4d198","舒夏山",,"1","15/7/2020 14:29:43",,"admin",,,"1"
"bf09413d3a354dd5824fa01c6348a4fe","141010",,"102.jpg","2",,"18006075866",,,,,,,,,,,,,,"248c8c573ea4b8d71df52d7ee0618039","18386eca2ff241ccb84addb540a13952",,,,,,,"0","0",,,,,"0",,"171027161612600",,"10/9/2020 08:28:28",,"43a38a12-a051-4006-be67-9547ee10eabc","2AD2E864-A08F-4C5B-8CF6-1150AC7D56E3","48DD6017-EE58-4929-AA07-2592B47E3CF5","6c3f9f53e1824ed597d4a6349fadd869","2a944676-840d-47b9-82d9-58ff277435f6","薄灵珊",,"1","15/7/2020 14:29:34",,"admin",,,"1"
"c18f483ede9f40e5836a9271ce921919","141001",,"105.jpg","2",,"18306866779",,,,,,,,,,,,,,"224f42005f726bc985194277c5168b3f","db202fd45b0e4a3a8dfcb0ba4edd9c5e",,,,,,,"0","0",,,,,"0",,"171027161610743",,"10/9/2020 08:28:10",,"43a38a12-a051-4006-be67-9547ee10eabc","2AD2E864-A08F-4C5B-8CF6-1150AC7D56E3","E6C0FBF7-D0F4-4ECC-86EA-0F5CD6B4F2F5","6c3f9f53e1824ed597d4a6349fadd869","0a72e7d8-b519-435b-9c43-6796a31c72ec","郤初阳",,"1","15/7/2020 14:21:05",,"admin",,,"1"
"c1b2ce9c1ed64996b7072619a739db1f","181018",,"104.jpg","1",,"18707887951",,,,,,,,,,,,,,"99f4c04e937037b43cccf87b7c796f7b","3ff542630a40452faee584925b982ff3",,,,,,,"0","0",,,,,"0",,"171027161614560",,"10/9/2020 08:28:48",,"048657c1-ecb1-4e5d-aced-6126ceae779e","17BEBDCB-248D-4668-B6CD-BF22A446BBD4","8BB35F32-7A1F-4581-B297-1BDC453DCEAE","6c3f9f53e1824ed597d4a6349fadd869","52d997ed-9a1e-45de-ad89-6d4f542a321a","广醉薇",,"1","15/7/2020 14:29:51",,"admin",,,"1"
"c3554de3bced4e3db98c73695a854c06","101004",,"214.jpg","1",,"13601640743",,,,,,,,,,,,,,"d06c8c192760c3efd6bc017ad5e1771b","5ed44bc1e8234f0cbf55d9f0c0e9fc2d",,,,,,,"0","0","12/7/2018 15:20:11",,,,"0",,"171027161613190",,"10/9/2020 08:28:34",,"249cf67d-fd9d-42da-8c2f-0481a7113446","9E998490-40B2-45EF-A82E-E225BF2109E1","B650DD80-8C7C-4AFA-AF1C-B9C92CC5CFAC","94e3a9bb0fce4547886972998fddba1c,6c3f9f53e1824ed597d4a6349fadd869","3977de33-668c-4585-b09b-239aacfb4ebe","邹恨风",,"1","15/7/2020 14:29:39",,"admin",,,"1"
"c42e1f68e6574190805e9f5ee4c49510","111002",,"215.jpg","2",,"18306876789",,,,,,,,,,,,,,"42060302ceac79beeea0cac9ef8ce074","1f6c4a06e7e14c73bc0c6023f10faccf",,,"29/11/2019 18:23:15","192.168.0.193","3/12/2019 17:15:44","192.168.0.193","2","0","2/8/2018 14:39:29",,,,"0",,"171027161612690",,"10/9/2020 08:28:29",,"9410f640-de99-49a0-911e-bee508b47cc5","32659CD1-F452-45B5-9E26-AB72002E31D5","95fdb23d407344a6ad5bc3ae71f479b9,0DAA3822-BDEF-4E6A-A002-FBC9860FB956","69457a61a6ba47218849c651ae99f2e5","2b26acf3-91a4-42be-8f20-913b6f920c3a","郤夏瑶",,"1","15/7/2020 14:29:34",,"admin",,,"1"
"c951d5194b7f4144ab996c6a64490c5a","151010",,"212.jpg","2",,"15703613023",,,,,,,,,,,,,,"9d67b254375b3fd9c7bd5652625c39ed","5b2ead1264414877a2ffa645e734eb37",,,,,,,"0","0",,,,,"0",,"171027161615107",,"10/9/2020 08:28:53",,"1d230af0-7054-43e0-bcd0-60144d3ed1d1","9A8553AC-CD51-4388-8A2E-6D7729E3884F","5F442D37-1ACA-473A-9892-3F6DFA2C5A3B","6c3f9f53e1824ed597d4a6349fadd869","5a6713ad-1965-4669-9792-5329b828f97b","贾问萍",,"1","15/7/2020 14:29:55",,"admin",,,"1"
"cab3006b60a641ab80e0d64a8e8d5659","161012",,"220.jpg","2",,"15505194849",,,,,,,,,,,,,,"2084350010cc6ed133763842fa1f7429","1dae858b192a456fb154dfb5d6f208ee",,,,,,,"0","0",,,,,"0",,"171027161615283",,"10/9/2020 08:28:54",,"cb222cae-d8dd-4577-9c6f-4eeabeccb66a","EBA8E097-971B-47F7-9892-9A81F74EADE7","8256786D-3B14-4382-B89A-88854A04240C","6c3f9f53e1824ed597d4a6349fadd869","5d75a4c8-8210-4e65-8682-28ba58d58876","段碧凡",,"1","15/7/2020 14:29:56",,"admin",,,"1"
"cd4dba25689644ac995a8f13e4304277","121005",,"208.jpg","2",,"18006075860",,,,,,,,,,,,,,"d97e11ef97a476e5e7d46d58bc35e4a4","1654f08ce2ae416cad865901126fb1a7",,,,,"15/7/2020 09:46:54","192.168.0.117","1","0",,,,,"0",,"171027161611870",,"10/9/2020 08:28:22",,"00b0d34d-a5d6-43f7-a7d4-c8d5fbca8f8f","2F88FC7E-2CBE-4B03-8994-2E6548E3CE86","6B063EBA-1A49-4F65-8BBB-1B1A89C21509","6c3f9f53e1824ed597d4a6349fadd869","218f5697-e7a4-4158-8ba3-249ec3c37f11","薄元冬",,"1","15/7/2020 14:21:15",,"admin",,,"1"
"cf4cdd5e93994a90ae13512a03f15db6","121010",,"203.jpg","2",,"13104464003",,,,,,,,,,,,,,"52df9bbc3e29249d9401d8a2249510bf","980c80c4412c43e4af081191aa8aa508",,,,,,,"0","0",,,,,"0",,"171027161613143",,"10/9/2020 08:28:33",,"00b0d34d-a5d6-43f7-a7d4-c8d5fbca8f8f","2F88FC7E-2CBE-4B03-8994-2E6548E3CE86","8A104E00-9640-41D6-BE19-B901F0974C04","6c3f9f53e1824ed597d4a6349fadd869","381c8b41-a56e-440d-89ad-1cb2fa489038","郁采波",,"1","15/7/2020 14:29:39",,"admin",,,"1"
"d37f276f85d6480e838b4a5a626c434b","121001",,"205.jpg","2","1/1/1970 00:00:00","18206696582",,,,,,,,,,,,,,"f56afdcfdcadd466e4ce19452bf116c8","7530d0500020495581cfbcd0bbee822e",,,"19/8/2020 10:57:28","192.168.0.110","20/8/2020 09:51:17","192.168.0.124","63","0",,,,,"1",,"171027161610323",,"10/9/2020 08:28:06",,"7e2d74f1-277a-4a51-9311-8d02d579f251","0f6c89dd1e4f4655946634ac934e5131","473b7a3ece5b402a8968328bc499754e","a6442ec2a7204359a3bcb9b65e3a625b","00b0d34d-a5d6-43f7-a7d4-c8d5fbca8f8f","逢雪莲",,"1","10/9/2020 08:18:49","admin","admin",,,"1"
"d8f3d77c80fb40cabce8d6b13544022b","161001",,"213.jpg","2",,"18808308434",,,,,,,,,,,,,,"25e41228d5cfcd433a5cde78091147af","d91e6de81e4242378175b824958e89c3",,,,,,,"0","0",,,,,"0",,"171027161610380",,"10/9/2020 08:28:06",,"cb222cae-d8dd-4577-9c6f-4eeabeccb66a","EBA8E097-971B-47F7-9892-9A81F74EADE7","710DC81E-3ABB-42F4-BCB1-5044A7A158FD","6c3f9f53e1824ed597d4a6349fadd869","00ca450b-141b-45d2-b6cb-94d818165543","辛初珍",,"1","15/7/2020 14:21:01",,"admin",,,"1"
"db95454c6a054f9eaaa8401062c3ef02","101002",,"20180320_1d2a1679d4c34881a7ca9acc2f0f87f7.jpg","1",,"18006085873",,,,,,,,,,,,,,"ad4dce655085e6674febd2fc2e551bbb","59e8e766593b4e92a0f0e418be837c05",,,"15/7/2020 09:57:12","127.0.0.1","15/7/2020 13:44:21","127.0.0.1","1","0","26/7/2019 15:42:35",,,,"0",,"171027161610607",,"10/9/2020 08:28:08",,"249cf67d-fd9d-42da-8c2f-0481a7113446","9E998490-40B2-45EF-A82E-E225BF2109E1","0E773C1A-2E4E-4001-A51E-0E3DC93901A4","6c3f9f53e1824ed597d4a6349fadd869","03d159a3-0f88-424c-a24f-02f63855fe4f","薄凡白",,"1","15/7/2020 14:21:04",,"admin",,,"1"
"df51a14c23174a2ab2228f3b1428c179","141015",,"203.jpg","2",,"15605395078",,,,,,,,,,,,,,"39f67a33da05938237ba59c174dddbe1","7f35aa0b0fea4228a07184c72f2693f6",,,,,,,"0","0",,,,,"0",,"171027161615240",,"10/9/2020 08:28:54",,"43a38a12-a051-4006-be67-9547ee10eabc","2AD2E864-A08F-4C5B-8CF6-1150AC7D56E3","8C0EF64A-04C9-41DB-BEC6-270516B0C49F","6c3f9f53e1824ed597d4a6349fadd869","5d34d8bc-5295-41d6-9a9f-a6608e443dd6","车寻梅",,"1","15/7/2020 14:29:56",,"admin",,,"1"
"e10c3befa1aa49728ece56a4db9ecf4c","151003",,"212.jpg","2",,"15605375057",,,,,,,,,,,,,,"05f6e5bc2aa6c0e16d61956f9d0c2c38","8b3e7d4d32ef493ba1cf8b2e11f42b5e",,,,,,,"0","0","23/7/2018 16:34:43",,,,"0",,"171027161611637",,"10/9/2020 08:28:19",,"1d230af0-7054-43e0-bcd0-60144d3ed1d1","9A8553AC-CD51-4388-8A2E-6D7729E3884F","f7333c3825464b479815be796c63a3dd","6c3f9f53e1824ed597d4a6349fadd869","1d230af0-7054-43e0-bcd0-60144d3ed1d1","谷念寒",,"1","15/7/2020 14:21:13",,"admin",,,"1"
"e6aeef10c9a74262a7eaccc4c16f5c6d","161007",,"206.jpg","2",,"18006115902",,,,,,,,,,,,,,"84b6c9fab081144d5e3140586a5164f6","2b2f9d910c694d3c8735f76d4b01ee52",,,,,,,"0","0",,,,,"0",,"171027161613287",,"10/9/2020 08:28:35",,"cb222cae-d8dd-4577-9c6f-4eeabeccb66a","EBA8E097-971B-47F7-9892-9A81F74EADE7","6C80D8D8-F8DC-4ABE-A52B-5A0EE467124D","6c3f9f53e1824ed597d4a6349fadd869","3c490c47-d442-4ee3-9a51-de5c00b9f8f8","印寻琴",,"1","15/7/2020 14:29:40",,"admin",,,"1"
"e923d8c4c67143019041c9c1c0733b39","131005",,"213.jpg","2",,"15703582983",,,,,,,,,,,,,,"15f4951df893996fdeb7e1c93f333e71","2c097dcfcf7b486683d158946a5f49f2",,,,,,,"0","0",,,,,"0",,"171027161614210",,"10/9/2020 08:28:45",,"ae6fefa1-5855-414e-925b-1a11d9baa47c","C26C637B-9255-47AF-A945-7556802DF71B","61BC1ADC-9F6A-453E-80E7-33BC70916DFC","6c3f9f53e1824ed597d4a6349fadd869","47ffa62f-605f-44ea-8e38-5da881a07f1b","麻白容",,"1","15/7/2020 14:29:48",,"admin",,,"1"
"f418cdae8eba40c7b6799413df709e13","121002",,"202.jpg","2",,"17607567586",,,,,,,,,,,,,,"8fda3311252ecc5e0dec3a68df2c5ac3","47b42b7f1759487a8c45c22f19904a32",,,,,"15/7/2020 09:48:11","192.168.0.117","1","0",,,,,"0",,"171027161610700",,"10/9/2020 08:28:10",,"00b0d34d-a5d6-43f7-a7d4-c8d5fbca8f8f","2F88FC7E-2CBE-4B03-8994-2E6548E3CE86","3100AD42-E456-4176-8C9D-5F57F9AA9006","6c3f9f53e1824ed597d4a6349fadd869","0602f0ce-e33e-43e1-83e5-402a8d05bfb5","戈平卉",,"1","15/7/2020 14:21:05",,"admin",,,"1"
"f748f8c7ccae497b9769f604eb13fdde","151007",,"218.jpg","2",,"18808268387",,,,,,,,,,,,,,"8603c3a399ca9543d075a5172e77e066","80a9d7d8dc1c45dd96d8e4ce8f2e1f89",,,,,,,"0","0",,,,,"0",,"171027161613463",,"10/9/2020 08:28:37",,"1d230af0-7054-43e0-bcd0-60144d3ed1d1","9A8553AC-CD51-4388-8A2E-6D7729E3884F","686DFEA4-BB10-42F8-B7AC-6BD9A846232B","6c3f9f53e1824ed597d4a6349fadd869","3ee32a44-8076-47b2-8c00-009133b45279","冷夜蓉",,"1","15/7/2020 14:29:42",,"admin",,,"1"
"fd9113f8546f4138aed4f34d7a31a155","181017",,"201.jpg","1",,"15605385069",,,,,,,,,,,,,,"f5504dfeec031a622440c615b73bf956","bd9bbf1b37274d1dbe71586fcea8e7db",,,,,,,"0","0",,,,,"0",,"171027161614353",,"10/9/2020 08:28:46",,"048657c1-ecb1-4e5d-aced-6126ceae779e","17BEBDCB-248D-4668-B6CD-BF22A446BBD4","D1EE0FA4-6EB0-4864-AE8B-D52764A65E03","6c3f9f53e1824ed597d4a6349fadd869","4c33d1a2-759d-4b6a-8a37-b5e7249fce24","谷雁菱",,"1","15/7/2020 14:29:50",,"admin",,,"1"
"fff6b2680e0141d1a3711c928bfc061a","141008",,"215.jpg","2",,"18306846755",,,,,,,,,,,,,,"29387f3b875786b0a770a655674c6c94","25cc2dba8153403d9ec461b0ab92e3b1",,,,,,,"0","0",,,,,"0",,"171027161612157",,"10/9/2020 08:28:24",,"43a38a12-a051-4006-be67-9547ee10eabc","2AD2E864-A08F-4C5B-8CF6-1150AC7D56E3","99A5DA23-0B5A-4EE1-BE43-89581F46C585","6c3f9f53e1824ed597d4a6349fadd869","22a155c9-a7ee-4f0d-946e-e2476b342ee8","雍涵柏",,"1","15/7/2020 14:21:16",,"admin",,,"1"
